"Notes"	"State"	"State Code"	"County"	"County Code"	"Year"	"Year Code"	Deaths	Population	Crude Rate
	"Georgia"	"13"	"Appling County, GA"	"13001"	"2006"	"2006"	Suppressed	17725	Suppressed
	"Georgia"	"13"	"Appling County, GA"	"13001"	"2007"	"2007"	Suppressed	17985	Suppressed
	"Georgia"	"13"	"Appling County, GA"	"13001"	"2008"	"2008"	Suppressed	18133	Suppressed
	"Georgia"	"13"	"Appling County, GA"	"13001"	"2009"	"2009"	0	18144	Unreliable
	"Georgia"	"13"	"Appling County, GA"	"13001"	"2010"	"2010"	Suppressed	18236	Suppressed
	"Georgia"	"13"	"Appling County, GA"	"13001"	"2011"	"2011"	Suppressed	18420	Suppressed
	"Georgia"	"13"	"Appling County, GA"	"13001"	"2012"	"2012"	Suppressed	18368	Suppressed
	"Georgia"	"13"	"Appling County, GA"	"13001"	"2013"	"2013"	0	18440	Unreliable
	"Georgia"	"13"	"Appling County, GA"	"13001"	"2014"	"2014"	Suppressed	18540	Suppressed
	"Georgia"	"13"	"Atkinson County, GA"	"13003"	"2006"	"2006"	0	8197	Unreliable
	"Georgia"	"13"	"Atkinson County, GA"	"13003"	"2007"	"2007"	0	8346	Unreliable
	"Georgia"	"13"	"Atkinson County, GA"	"13003"	"2008"	"2008"	0	8366	Unreliable
	"Georgia"	"13"	"Atkinson County, GA"	"13003"	"2009"	"2009"	Suppressed	8386	Suppressed
	"Georgia"	"13"	"Atkinson County, GA"	"13003"	"2010"	"2010"	Suppressed	8375	Suppressed
	"Georgia"	"13"	"Atkinson County, GA"	"13003"	"2011"	"2011"	Suppressed	8413	Suppressed
	"Georgia"	"13"	"Atkinson County, GA"	"13003"	"2012"	"2012"	Suppressed	8284	Suppressed
	"Georgia"	"13"	"Atkinson County, GA"	"13003"	"2013"	"2013"	Suppressed	8290	Suppressed
	"Georgia"	"13"	"Atkinson County, GA"	"13003"	"2014"	"2014"	Suppressed	8223	Suppressed
	"Georgia"	"13"	"Bacon County, GA"	"13005"	"2006"	"2006"	Suppressed	10682	Suppressed
	"Georgia"	"13"	"Bacon County, GA"	"13005"	"2007"	"2007"	Suppressed	10968	Suppressed
	"Georgia"	"13"	"Bacon County, GA"	"13005"	"2008"	"2008"	Suppressed	10987	Suppressed
	"Georgia"	"13"	"Bacon County, GA"	"13005"	"2009"	"2009"	0	11134	Unreliable
	"Georgia"	"13"	"Bacon County, GA"	"13005"	"2010"	"2010"	Suppressed	11096	Suppressed
	"Georgia"	"13"	"Bacon County, GA"	"13005"	"2011"	"2011"	Suppressed	11203	Suppressed
	"Georgia"	"13"	"Bacon County, GA"	"13005"	"2012"	"2012"	0	11198	Unreliable
	"Georgia"	"13"	"Bacon County, GA"	"13005"	"2013"	"2013"	Suppressed	11216	Suppressed
	"Georgia"	"13"	"Bacon County, GA"	"13005"	"2014"	"2014"	Suppressed	11281	Suppressed
	"Georgia"	"13"	"Baker County, GA"	"13007"	"2006"	"2006"	0	3877	Unreliable
	"Georgia"	"13"	"Baker County, GA"	"13007"	"2007"	"2007"	0	3706	Unreliable
	"Georgia"	"13"	"Baker County, GA"	"13007"	"2008"	"2008"	0	3728	Unreliable
	"Georgia"	"13"	"Baker County, GA"	"13007"	"2009"	"2009"	0	3560	Unreliable
	"Georgia"	"13"	"Baker County, GA"	"13007"	"2010"	"2010"	0	3451	Unreliable
	"Georgia"	"13"	"Baker County, GA"	"13007"	"2011"	"2011"	0	3085	Unreliable
	"Georgia"	"13"	"Baker County, GA"	"13007"	"2012"	"2012"	0	3366	Unreliable
	"Georgia"	"13"	"Baker County, GA"	"13007"	"2013"	"2013"	0	3341	Unreliable
	"Georgia"	"13"	"Baker County, GA"	"13007"	"2014"	"2014"	0	3255	Unreliable
	"Georgia"	"13"	"Baldwin County, GA"	"13009"	"2006"	"2006"	Suppressed	46513	Suppressed
	"Georgia"	"13"	"Baldwin County, GA"	"13009"	"2007"	"2007"	Suppressed	47336	Suppressed
	"Georgia"	"13"	"Baldwin County, GA"	"13009"	"2008"	"2008"	Suppressed	47855	Suppressed
	"Georgia"	"13"	"Baldwin County, GA"	"13009"	"2009"	"2009"	Suppressed	47087	Suppressed
	"Georgia"	"13"	"Baldwin County, GA"	"13009"	"2010"	"2010"	Suppressed	45720	Suppressed
	"Georgia"	"13"	"Baldwin County, GA"	"13009"	"2011"	"2011"	Suppressed	44417	Suppressed
	"Georgia"	"13"	"Baldwin County, GA"	"13009"	"2012"	"2012"	Suppressed	46367	Suppressed
	"Georgia"	"13"	"Baldwin County, GA"	"13009"	"2013"	"2013"	Suppressed	46039	Suppressed
	"Georgia"	"13"	"Baldwin County, GA"	"13009"	"2014"	"2014"	Suppressed	45909	Suppressed
	"Georgia"	"13"	"Banks County, GA"	"13011"	"2006"	"2006"	Suppressed	17076	Suppressed
	"Georgia"	"13"	"Banks County, GA"	"13011"	"2007"	"2007"	Suppressed	17550	Suppressed
	"Georgia"	"13"	"Banks County, GA"	"13011"	"2008"	"2008"	Suppressed	17953	Suppressed
	"Georgia"	"13"	"Banks County, GA"	"13011"	"2009"	"2009"	Suppressed	18208	Suppressed
	"Georgia"	"13"	"Banks County, GA"	"13011"	"2010"	"2010"	Suppressed	18395	Suppressed
	"Georgia"	"13"	"Banks County, GA"	"13011"	"2011"	"2011"	Suppressed	18251	Suppressed
	"Georgia"	"13"	"Banks County, GA"	"13011"	"2012"	"2012"	Suppressed	18316	Suppressed
	"Georgia"	"13"	"Banks County, GA"	"13011"	"2013"	"2013"	0	18415	Unreliable
	"Georgia"	"13"	"Banks County, GA"	"13011"	"2014"	"2014"	Suppressed	18295	Suppressed
	"Georgia"	"13"	"Barrow County, GA"	"13013"	"2006"	"2006"	10	61395	Unreliable
	"Georgia"	"13"	"Barrow County, GA"	"13013"	"2007"	"2007"	Suppressed	64760	Suppressed
	"Georgia"	"13"	"Barrow County, GA"	"13013"	"2008"	"2008"	12	67362	Unreliable
	"Georgia"	"13"	"Barrow County, GA"	"13013"	"2009"	"2009"	11	68548	Unreliable
	"Georgia"	"13"	"Barrow County, GA"	"13013"	"2010"	"2010"	13	69367	Unreliable
	"Georgia"	"13"	"Barrow County, GA"	"13013"	"2011"	"2011"	Suppressed	69912	Suppressed
	"Georgia"	"13"	"Barrow County, GA"	"13013"	"2012"	"2012"	11	70169	Unreliable
	"Georgia"	"13"	"Barrow County, GA"	"13013"	"2013"	"2013"	Suppressed	71453	Suppressed
	"Georgia"	"13"	"Barrow County, GA"	"13013"	"2014"	"2014"	13	73240	Unreliable
	"Georgia"	"13"	"Bartow County, GA"	"13015"	"2006"	"2006"	10	92983	Unreliable
	"Georgia"	"13"	"Bartow County, GA"	"13015"	"2007"	"2007"	Suppressed	95714	Suppressed
	"Georgia"	"13"	"Bartow County, GA"	"13015"	"2008"	"2008"	16	98415	Unreliable
	"Georgia"	"13"	"Bartow County, GA"	"13015"	"2009"	"2009"	11	99807	Unreliable
	"Georgia"	"13"	"Bartow County, GA"	"13015"	"2010"	"2010"	22	100157	22.0
	"Georgia"	"13"	"Bartow County, GA"	"13015"	"2011"	"2011"	19	100421	Unreliable
	"Georgia"	"13"	"Bartow County, GA"	"13015"	"2012"	"2012"	16	100661	Unreliable
	"Georgia"	"13"	"Bartow County, GA"	"13015"	"2013"	"2013"	12	101273	Unreliable
	"Georgia"	"13"	"Bartow County, GA"	"13015"	"2014"	"2014"	18	101736	Unreliable
	"Georgia"	"13"	"Ben Hill County, GA"	"13017"	"2006"	"2006"	0	17525	Unreliable
	"Georgia"	"13"	"Ben Hill County, GA"	"13017"	"2007"	"2007"	Suppressed	17719	Suppressed
	"Georgia"	"13"	"Ben Hill County, GA"	"13017"	"2008"	"2008"	0	17675	Unreliable
	"Georgia"	"13"	"Ben Hill County, GA"	"13017"	"2009"	"2009"	0	17581	Unreliable
	"Georgia"	"13"	"Ben Hill County, GA"	"13017"	"2010"	"2010"	Suppressed	17634	Suppressed
	"Georgia"	"13"	"Ben Hill County, GA"	"13017"	"2011"	"2011"	0	17673	Unreliable
	"Georgia"	"13"	"Ben Hill County, GA"	"13017"	"2012"	"2012"	Suppressed	17538	Suppressed
	"Georgia"	"13"	"Ben Hill County, GA"	"13017"	"2013"	"2013"	Suppressed	17515	Suppressed
	"Georgia"	"13"	"Ben Hill County, GA"	"13017"	"2014"	"2014"	Suppressed	17464	Suppressed
	"Georgia"	"13"	"Berrien County, GA"	"13019"	"2006"	"2006"	Suppressed	18051	Suppressed
	"Georgia"	"13"	"Berrien County, GA"	"13019"	"2007"	"2007"	Suppressed	18255	Suppressed
	"Georgia"	"13"	"Berrien County, GA"	"13019"	"2008"	"2008"	Suppressed	18863	Suppressed
	"Georgia"	"13"	"Berrien County, GA"	"13019"	"2009"	"2009"	0	19067	Unreliable
	"Georgia"	"13"	"Berrien County, GA"	"13019"	"2010"	"2010"	Suppressed	19286	Suppressed
	"Georgia"	"13"	"Berrien County, GA"	"13019"	"2011"	"2011"	Suppressed	19372	Suppressed
	"Georgia"	"13"	"Berrien County, GA"	"13019"	"2012"	"2012"	Suppressed	19041	Suppressed
	"Georgia"	"13"	"Berrien County, GA"	"13019"	"2013"	"2013"	Suppressed	19048	Suppressed
	"Georgia"	"13"	"Berrien County, GA"	"13019"	"2014"	"2014"	0	18700	Unreliable
	"Georgia"	"13"	"Bibb County, GA"	"13021"	"2006"	"2006"	Suppressed	154510	Suppressed
	"Georgia"	"13"	"Bibb County, GA"	"13021"	"2007"	"2007"	16	154286	Unreliable
	"Georgia"	"13"	"Bibb County, GA"	"13021"	"2008"	"2008"	16	154384	Unreliable
	"Georgia"	"13"	"Bibb County, GA"	"13021"	"2009"	"2009"	14	155154	Unreliable
	"Georgia"	"13"	"Bibb County, GA"	"13021"	"2010"	"2010"	14	155547	Unreliable
	"Georgia"	"13"	"Bibb County, GA"	"13021"	"2011"	"2011"	20	156433	12.8
	"Georgia"	"13"	"Bibb County, GA"	"13021"	"2012"	"2012"	10	156462	Unreliable
	"Georgia"	"13"	"Bibb County, GA"	"13021"	"2013"	"2013"	15	154721	Unreliable
	"Georgia"	"13"	"Bibb County, GA"	"13021"	"2014"	"2014"	13	153905	Unreliable
	"Georgia"	"13"	"Bleckley County, GA"	"13023"	"2006"	"2006"	0	12553	Unreliable
	"Georgia"	"13"	"Bleckley County, GA"	"13023"	"2007"	"2007"	0	13016	Unreliable
	"Georgia"	"13"	"Bleckley County, GA"	"13023"	"2008"	"2008"	Suppressed	12985	Suppressed
	"Georgia"	"13"	"Bleckley County, GA"	"13023"	"2009"	"2009"	0	13034	Unreliable
	"Georgia"	"13"	"Bleckley County, GA"	"13023"	"2010"	"2010"	0	13063	Unreliable
	"Georgia"	"13"	"Bleckley County, GA"	"13023"	"2011"	"2011"	0	13290	Unreliable
	"Georgia"	"13"	"Bleckley County, GA"	"13023"	"2012"	"2012"	0	12913	Unreliable
	"Georgia"	"13"	"Bleckley County, GA"	"13023"	"2013"	"2013"	Suppressed	12771	Suppressed
	"Georgia"	"13"	"Bleckley County, GA"	"13023"	"2014"	"2014"	Suppressed	12795	Suppressed
	"Georgia"	"13"	"Brantley County, GA"	"13025"	"2006"	"2006"	Suppressed	16895	Suppressed
	"Georgia"	"13"	"Brantley County, GA"	"13025"	"2007"	"2007"	Suppressed	17198	Suppressed
	"Georgia"	"13"	"Brantley County, GA"	"13025"	"2008"	"2008"	Suppressed	17593	Suppressed
	"Georgia"	"13"	"Brantley County, GA"	"13025"	"2009"	"2009"	Suppressed	18129	Suppressed
	"Georgia"	"13"	"Brantley County, GA"	"13025"	"2010"	"2010"	Suppressed	18411	Suppressed
	"Georgia"	"13"	"Brantley County, GA"	"13025"	"2011"	"2011"	Suppressed	18367	Suppressed
	"Georgia"	"13"	"Brantley County, GA"	"13025"	"2012"	"2012"	Suppressed	18587	Suppressed
	"Georgia"	"13"	"Brantley County, GA"	"13025"	"2013"	"2013"	Suppressed	18292	Suppressed
	"Georgia"	"13"	"Brantley County, GA"	"13025"	"2014"	"2014"	Suppressed	18417	Suppressed
	"Georgia"	"13"	"Brooks County, GA"	"13027"	"2006"	"2006"	0	16309	Unreliable
	"Georgia"	"13"	"Brooks County, GA"	"13027"	"2007"	"2007"	Suppressed	16333	Suppressed
	"Georgia"	"13"	"Brooks County, GA"	"13027"	"2008"	"2008"	Suppressed	16475	Suppressed
	"Georgia"	"13"	"Brooks County, GA"	"13027"	"2009"	"2009"	0	16375	Unreliable
	"Georgia"	"13"	"Brooks County, GA"	"13027"	"2010"	"2010"	Suppressed	16243	Suppressed
	"Georgia"	"13"	"Brooks County, GA"	"13027"	"2011"	"2011"	Suppressed	15889	Suppressed
	"Georgia"	"13"	"Brooks County, GA"	"13027"	"2012"	"2012"	Suppressed	15403	Suppressed
	"Georgia"	"13"	"Brooks County, GA"	"13027"	"2013"	"2013"	0	15516	Unreliable
	"Georgia"	"13"	"Brooks County, GA"	"13027"	"2014"	"2014"	Suppressed	15418	Suppressed
	"Georgia"	"13"	"Bryan County, GA"	"13029"	"2006"	"2006"	Suppressed	27346	Suppressed
	"Georgia"	"13"	"Bryan County, GA"	"13029"	"2007"	"2007"	Suppressed	28302	Suppressed
	"Georgia"	"13"	"Bryan County, GA"	"13029"	"2008"	"2008"	Suppressed	29178	Suppressed
	"Georgia"	"13"	"Bryan County, GA"	"13029"	"2009"	"2009"	Suppressed	29987	Suppressed
	"Georgia"	"13"	"Bryan County, GA"	"13029"	"2010"	"2010"	Suppressed	30233	Suppressed
	"Georgia"	"13"	"Bryan County, GA"	"13029"	"2011"	"2011"	0	31377	Unreliable
	"Georgia"	"13"	"Bryan County, GA"	"13029"	"2012"	"2012"	Suppressed	32214	Suppressed
	"Georgia"	"13"	"Bryan County, GA"	"13029"	"2013"	"2013"	Suppressed	33157	Suppressed
	"Georgia"	"13"	"Bryan County, GA"	"13029"	"2014"	"2014"	Suppressed	33906	Suppressed
	"Georgia"	"13"	"Bulloch County, GA"	"13031"	"2006"	"2006"	Suppressed	64304	Suppressed
	"Georgia"	"13"	"Bulloch County, GA"	"13031"	"2007"	"2007"	Suppressed	65768	Suppressed
	"Georgia"	"13"	"Bulloch County, GA"	"13031"	"2008"	"2008"	Suppressed	67092	Suppressed
	"Georgia"	"13"	"Bulloch County, GA"	"13031"	"2009"	"2009"	Suppressed	68598	Suppressed
	"Georgia"	"13"	"Bulloch County, GA"	"13031"	"2010"	"2010"	Suppressed	70217	Suppressed
	"Georgia"	"13"	"Bulloch County, GA"	"13031"	"2011"	"2011"	Suppressed	72881	Suppressed
	"Georgia"	"13"	"Bulloch County, GA"	"13031"	"2012"	"2012"	Suppressed	72694	Suppressed
	"Georgia"	"13"	"Bulloch County, GA"	"13031"	"2013"	"2013"	Suppressed	71214	Suppressed
	"Georgia"	"13"	"Bulloch County, GA"	"13031"	"2014"	"2014"	Suppressed	72087	Suppressed
	"Georgia"	"13"	"Burke County, GA"	"13033"	"2006"	"2006"	Suppressed	22875	Suppressed
	"Georgia"	"13"	"Burke County, GA"	"13033"	"2007"	"2007"	Suppressed	22972	Suppressed
	"Georgia"	"13"	"Burke County, GA"	"13033"	"2008"	"2008"	Suppressed	23084	Suppressed
	"Georgia"	"13"	"Burke County, GA"	"13033"	"2009"	"2009"	Suppressed	23117	Suppressed
	"Georgia"	"13"	"Burke County, GA"	"13033"	"2010"	"2010"	Suppressed	23316	Suppressed
	"Georgia"	"13"	"Burke County, GA"	"13033"	"2011"	"2011"	Suppressed	23504	Suppressed
	"Georgia"	"13"	"Burke County, GA"	"13033"	"2012"	"2012"	Suppressed	23125	Suppressed
	"Georgia"	"13"	"Burke County, GA"	"13033"	"2013"	"2013"	Suppressed	22923	Suppressed
	"Georgia"	"13"	"Burke County, GA"	"13033"	"2014"	"2014"	Suppressed	22709	Suppressed
	"Georgia"	"13"	"Butts County, GA"	"13035"	"2006"	"2006"	Suppressed	22669	Suppressed
	"Georgia"	"13"	"Butts County, GA"	"13035"	"2007"	"2007"	Suppressed	23184	Suppressed
	"Georgia"	"13"	"Butts County, GA"	"13035"	"2008"	"2008"	Suppressed	23794	Suppressed
	"Georgia"	"13"	"Butts County, GA"	"13035"	"2009"	"2009"	Suppressed	23682	Suppressed
	"Georgia"	"13"	"Butts County, GA"	"13035"	"2010"	"2010"	Suppressed	23655	Suppressed
	"Georgia"	"13"	"Butts County, GA"	"13035"	"2011"	"2011"	Suppressed	23504	Suppressed
	"Georgia"	"13"	"Butts County, GA"	"13035"	"2012"	"2012"	Suppressed	23524	Suppressed
	"Georgia"	"13"	"Butts County, GA"	"13035"	"2013"	"2013"	Suppressed	23361	Suppressed
	"Georgia"	"13"	"Butts County, GA"	"13035"	"2014"	"2014"	Suppressed	23368	Suppressed
	"Georgia"	"13"	"Calhoun County, GA"	"13037"	"2006"	"2006"	0	6350	Unreliable
	"Georgia"	"13"	"Calhoun County, GA"	"13037"	"2007"	"2007"	Suppressed	6269	Suppressed
	"Georgia"	"13"	"Calhoun County, GA"	"13037"	"2008"	"2008"	0	6456	Unreliable
	"Georgia"	"13"	"Calhoun County, GA"	"13037"	"2009"	"2009"	0	6670	Unreliable
	"Georgia"	"13"	"Calhoun County, GA"	"13037"	"2010"	"2010"	0	6694	Unreliable
	"Georgia"	"13"	"Calhoun County, GA"	"13037"	"2011"	"2011"	0	6740	Unreliable
	"Georgia"	"13"	"Calhoun County, GA"	"13037"	"2012"	"2012"	Suppressed	6504	Suppressed
	"Georgia"	"13"	"Calhoun County, GA"	"13037"	"2013"	"2013"	0	6523	Unreliable
	"Georgia"	"13"	"Calhoun County, GA"	"13037"	"2014"	"2014"	0	6463	Unreliable
	"Georgia"	"13"	"Camden County, GA"	"13039"	"2006"	"2006"	Suppressed	47086	Suppressed
	"Georgia"	"13"	"Camden County, GA"	"13039"	"2007"	"2007"	Suppressed	48947	Suppressed
	"Georgia"	"13"	"Camden County, GA"	"13039"	"2008"	"2008"	Suppressed	49713	Suppressed
	"Georgia"	"13"	"Camden County, GA"	"13039"	"2009"	"2009"	Suppressed	50024	Suppressed
	"Georgia"	"13"	"Camden County, GA"	"13039"	"2010"	"2010"	Suppressed	50513	Suppressed
	"Georgia"	"13"	"Camden County, GA"	"13039"	"2011"	"2011"	10	50410	Unreliable
	"Georgia"	"13"	"Camden County, GA"	"13039"	"2012"	"2012"	Suppressed	51402	Suppressed
	"Georgia"	"13"	"Camden County, GA"	"13039"	"2013"	"2013"	Suppressed	51476	Suppressed
	"Georgia"	"13"	"Camden County, GA"	"13039"	"2014"	"2014"	Suppressed	52027	Suppressed
	"Georgia"	"13"	"Candler County, GA"	"13043"	"2006"	"2006"	Suppressed	10388	Suppressed
	"Georgia"	"13"	"Candler County, GA"	"13043"	"2007"	"2007"	Suppressed	10586	Suppressed
	"Georgia"	"13"	"Candler County, GA"	"13043"	"2008"	"2008"	0	10691	Unreliable
	"Georgia"	"13"	"Candler County, GA"	"13043"	"2009"	"2009"	Suppressed	10880	Suppressed
	"Georgia"	"13"	"Candler County, GA"	"13043"	"2010"	"2010"	0	10998	Unreliable
	"Georgia"	"13"	"Candler County, GA"	"13043"	"2011"	"2011"	0	11276	Unreliable
	"Georgia"	"13"	"Candler County, GA"	"13043"	"2012"	"2012"	0	11117	Unreliable
	"Georgia"	"13"	"Candler County, GA"	"13043"	"2013"	"2013"	0	10937	Unreliable
	"Georgia"	"13"	"Candler County, GA"	"13043"	"2014"	"2014"	Suppressed	10888	Suppressed
	"Georgia"	"13"	"Carroll County, GA"	"13045"	"2006"	"2006"	16	105853	Unreliable
	"Georgia"	"13"	"Carroll County, GA"	"13045"	"2007"	"2007"	23	108947	21.1
	"Georgia"	"13"	"Carroll County, GA"	"13045"	"2008"	"2008"	28	110242	25.4
	"Georgia"	"13"	"Carroll County, GA"	"13045"	"2009"	"2009"	29	110433	26.3
	"Georgia"	"13"	"Carroll County, GA"	"13045"	"2010"	"2010"	19	110527	Unreliable
	"Georgia"	"13"	"Carroll County, GA"	"13045"	"2011"	"2011"	25	111159	22.5
	"Georgia"	"13"	"Carroll County, GA"	"13045"	"2012"	"2012"	16	111580	Unreliable
	"Georgia"	"13"	"Carroll County, GA"	"13045"	"2013"	"2013"	17	112355	Unreliable
	"Georgia"	"13"	"Carroll County, GA"	"13045"	"2014"	"2014"	21	114093	18.4
	"Georgia"	"13"	"Catoosa County, GA"	"13047"	"2006"	"2006"	12	61095	Unreliable
	"Georgia"	"13"	"Catoosa County, GA"	"13047"	"2007"	"2007"	Suppressed	62539	Suppressed
	"Georgia"	"13"	"Catoosa County, GA"	"13047"	"2008"	"2008"	16	63271	Unreliable
	"Georgia"	"13"	"Catoosa County, GA"	"13047"	"2009"	"2009"	Suppressed	63874	Suppressed
	"Georgia"	"13"	"Catoosa County, GA"	"13047"	"2010"	"2010"	13	63942	Unreliable
	"Georgia"	"13"	"Catoosa County, GA"	"13047"	"2011"	"2011"	10	64530	Unreliable
	"Georgia"	"13"	"Catoosa County, GA"	"13047"	"2012"	"2012"	20	65046	30.7
	"Georgia"	"13"	"Catoosa County, GA"	"13047"	"2013"	"2013"	Suppressed	65311	Suppressed
	"Georgia"	"13"	"Catoosa County, GA"	"13047"	"2014"	"2014"	13	65621	Unreliable
	"Georgia"	"13"	"Charlton County, GA"	"13049"	"2006"	"2006"	Suppressed	12089	Suppressed
	"Georgia"	"13"	"Charlton County, GA"	"13049"	"2007"	"2007"	0	12056	Unreliable
	"Georgia"	"13"	"Charlton County, GA"	"13049"	"2008"	"2008"	0	12604	Unreliable
	"Georgia"	"13"	"Charlton County, GA"	"13049"	"2009"	"2009"	0	12665	Unreliable
	"Georgia"	"13"	"Charlton County, GA"	"13049"	"2010"	"2010"	0	12171	Unreliable
	"Georgia"	"13"	"Charlton County, GA"	"13049"	"2011"	"2011"	0	13422	Unreliable
	"Georgia"	"13"	"Charlton County, GA"	"13049"	"2012"	"2012"	Suppressed	13295	Suppressed
	"Georgia"	"13"	"Charlton County, GA"	"13049"	"2013"	"2013"	Suppressed	13255	Suppressed
	"Georgia"	"13"	"Charlton County, GA"	"13049"	"2014"	"2014"	0	12897	Unreliable
	"Georgia"	"13"	"Chatham County, GA"	"13051"	"2006"	"2006"	20	246896	8.1
	"Georgia"	"13"	"Chatham County, GA"	"13051"	"2007"	"2007"	27	251981	10.7
	"Georgia"	"13"	"Chatham County, GA"	"13051"	"2008"	"2008"	21	255269	8.2
	"Georgia"	"13"	"Chatham County, GA"	"13051"	"2009"	"2009"	22	262122	8.4
	"Georgia"	"13"	"Chatham County, GA"	"13051"	"2010"	"2010"	26	265128	9.8
	"Georgia"	"13"	"Chatham County, GA"	"13051"	"2011"	"2011"	25	271544	9.2
	"Georgia"	"13"	"Chatham County, GA"	"13051"	"2012"	"2012"	26	276434	9.4
	"Georgia"	"13"	"Chatham County, GA"	"13051"	"2013"	"2013"	31	278434	11.1
	"Georgia"	"13"	"Chatham County, GA"	"13051"	"2014"	"2014"	25	283379	8.8
	"Georgia"	"13"	"Chattahoochee County, GA"	"13053"	"2006"	"2006"	Suppressed	11828	Suppressed
	"Georgia"	"13"	"Chattahoochee County, GA"	"13053"	"2007"	"2007"	Suppressed	11965	Suppressed
	"Georgia"	"13"	"Chattahoochee County, GA"	"13053"	"2008"	"2008"	0	11624	Unreliable
	"Georgia"	"13"	"Chattahoochee County, GA"	"13053"	"2009"	"2009"	Suppressed	11955	Suppressed
	"Georgia"	"13"	"Chattahoochee County, GA"	"13053"	"2010"	"2010"	0	11267	Unreliable
	"Georgia"	"13"	"Chattahoochee County, GA"	"13053"	"2011"	"2011"	0	11749	Unreliable
	"Georgia"	"13"	"Chattahoochee County, GA"	"13053"	"2012"	"2012"	Suppressed	13037	Suppressed
	"Georgia"	"13"	"Chattahoochee County, GA"	"13053"	"2013"	"2013"	Suppressed	12842	Suppressed
	"Georgia"	"13"	"Chattahoochee County, GA"	"13053"	"2014"	"2014"	Suppressed	11837	Suppressed
	"Georgia"	"13"	"Chattooga County, GA"	"13055"	"2006"	"2006"	Suppressed	25640	Suppressed
	"Georgia"	"13"	"Chattooga County, GA"	"13055"	"2007"	"2007"	Suppressed	26230	Suppressed
	"Georgia"	"13"	"Chattooga County, GA"	"13055"	"2008"	"2008"	Suppressed	26146	Suppressed
	"Georgia"	"13"	"Chattooga County, GA"	"13055"	"2009"	"2009"	Suppressed	25894	Suppressed
	"Georgia"	"13"	"Chattooga County, GA"	"13055"	"2010"	"2010"	Suppressed	26015	Suppressed
	"Georgia"	"13"	"Chattooga County, GA"	"13055"	"2011"	"2011"	Suppressed	25736	Suppressed
	"Georgia"	"13"	"Chattooga County, GA"	"13055"	"2012"	"2012"	Suppressed	25725	Suppressed
	"Georgia"	"13"	"Chattooga County, GA"	"13055"	"2013"	"2013"	Suppressed	25138	Suppressed
	"Georgia"	"13"	"Chattooga County, GA"	"13055"	"2014"	"2014"	Suppressed	24939	Suppressed
	"Georgia"	"13"	"Cherokee County, GA"	"13057"	"2006"	"2006"	14	193241	Unreliable
	"Georgia"	"13"	"Cherokee County, GA"	"13057"	"2007"	"2007"	28	202544	13.8
	"Georgia"	"13"	"Cherokee County, GA"	"13057"	"2008"	"2008"	19	208271	Unreliable
	"Georgia"	"13"	"Cherokee County, GA"	"13057"	"2009"	"2009"	21	212232	9.9
	"Georgia"	"13"	"Cherokee County, GA"	"13057"	"2010"	"2010"	26	214346	12.1
	"Georgia"	"13"	"Cherokee County, GA"	"13057"	"2011"	"2011"	24	218286	11.0
	"Georgia"	"13"	"Cherokee County, GA"	"13057"	"2012"	"2012"	24	221315	10.8
	"Georgia"	"13"	"Cherokee County, GA"	"13057"	"2013"	"2013"	33	225106	14.7
	"Georgia"	"13"	"Cherokee County, GA"	"13057"	"2014"	"2014"	39	230985	16.9
	"Georgia"	"13"	"Clarke County, GA"	"13059"	"2006"	"2006"	Suppressed	112074	Suppressed
	"Georgia"	"13"	"Clarke County, GA"	"13059"	"2007"	"2007"	Suppressed	113995	Suppressed
	"Georgia"	"13"	"Clarke County, GA"	"13059"	"2008"	"2008"	Suppressed	115768	Suppressed
	"Georgia"	"13"	"Clarke County, GA"	"13059"	"2009"	"2009"	Suppressed	116843	Suppressed
	"Georgia"	"13"	"Clarke County, GA"	"13059"	"2010"	"2010"	Suppressed	116714	Suppressed
	"Georgia"	"13"	"Clarke County, GA"	"13059"	"2011"	"2011"	15	117344	Unreliable
	"Georgia"	"13"	"Clarke County, GA"	"13059"	"2012"	"2012"	14	120266	Unreliable
	"Georgia"	"13"	"Clarke County, GA"	"13059"	"2013"	"2013"	11	121265	Unreliable
	"Georgia"	"13"	"Clarke County, GA"	"13059"	"2014"	"2014"	11	120938	Unreliable
	"Georgia"	"13"	"Clay County, GA"	"13061"	"2006"	"2006"	0	3232	Unreliable
	"Georgia"	"13"	"Clay County, GA"	"13061"	"2007"	"2007"	Suppressed	3262	Suppressed
	"Georgia"	"13"	"Clay County, GA"	"13061"	"2008"	"2008"	0	3233	Unreliable
	"Georgia"	"13"	"Clay County, GA"	"13061"	"2009"	"2009"	Suppressed	3201	Suppressed
	"Georgia"	"13"	"Clay County, GA"	"13061"	"2010"	"2010"	0	3183	Unreliable
	"Georgia"	"13"	"Clay County, GA"	"13061"	"2011"	"2011"	0	3111	Unreliable
	"Georgia"	"13"	"Clay County, GA"	"13061"	"2012"	"2012"	0	3116	Unreliable
	"Georgia"	"13"	"Clay County, GA"	"13061"	"2013"	"2013"	0	3045	Unreliable
	"Georgia"	"13"	"Clay County, GA"	"13061"	"2014"	"2014"	0	3102	Unreliable
	"Georgia"	"13"	"Clayton County, GA"	"13063"	"2006"	"2006"	18	258552	Unreliable
	"Georgia"	"13"	"Clayton County, GA"	"13063"	"2007"	"2007"	20	260441	7.7
	"Georgia"	"13"	"Clayton County, GA"	"13063"	"2008"	"2008"	14	262099	Unreliable
	"Georgia"	"13"	"Clayton County, GA"	"13063"	"2009"	"2009"	22	260067	8.5
	"Georgia"	"13"	"Clayton County, GA"	"13063"	"2010"	"2010"	20	259424	7.7
	"Georgia"	"13"	"Clayton County, GA"	"13063"	"2011"	"2011"	22	261532	8.4
	"Georgia"	"13"	"Clayton County, GA"	"13063"	"2012"	"2012"	31	265888	11.7
	"Georgia"	"13"	"Clayton County, GA"	"13063"	"2013"	"2013"	20	264220	7.6
	"Georgia"	"13"	"Clayton County, GA"	"13063"	"2014"	"2014"	19	267542	Unreliable
	"Georgia"	"13"	"Clinch County, GA"	"13065"	"2006"	"2006"	0	6828	Unreliable
	"Georgia"	"13"	"Clinch County, GA"	"13065"	"2007"	"2007"	Suppressed	6838	Suppressed
	"Georgia"	"13"	"Clinch County, GA"	"13065"	"2008"	"2008"	Suppressed	6941	Suppressed
	"Georgia"	"13"	"Clinch County, GA"	"13065"	"2009"	"2009"	0	6799	Unreliable
	"Georgia"	"13"	"Clinch County, GA"	"13065"	"2010"	"2010"	0	6798	Unreliable
	"Georgia"	"13"	"Clinch County, GA"	"13065"	"2011"	"2011"	Suppressed	6777	Suppressed
	"Georgia"	"13"	"Clinch County, GA"	"13065"	"2012"	"2012"	0	6718	Unreliable
	"Georgia"	"13"	"Clinch County, GA"	"13065"	"2013"	"2013"	0	6795	Unreliable
	"Georgia"	"13"	"Clinch County, GA"	"13065"	"2014"	"2014"	0	6831	Unreliable
	"Georgia"	"13"	"Cobb County, GA"	"13067"	"2006"	"2006"	59	661913	8.9
	"Georgia"	"13"	"Cobb County, GA"	"13067"	"2007"	"2007"	49	670438	7.3
	"Georgia"	"13"	"Cobb County, GA"	"13067"	"2008"	"2008"	63	679822	9.3
	"Georgia"	"13"	"Cobb County, GA"	"13067"	"2009"	"2009"	78	684776	11.4
	"Georgia"	"13"	"Cobb County, GA"	"13067"	"2010"	"2010"	60	688078	8.7
	"Georgia"	"13"	"Cobb County, GA"	"13067"	"2011"	"2011"	77	697553	11.0
	"Georgia"	"13"	"Cobb County, GA"	"13067"	"2012"	"2012"	82	707442	11.6
	"Georgia"	"13"	"Cobb County, GA"	"13067"	"2013"	"2013"	105	717190	14.6
	"Georgia"	"13"	"Cobb County, GA"	"13067"	"2014"	"2014"	120	730981	16.4
	"Georgia"	"13"	"Coffee County, GA"	"13069"	"2006"	"2006"	Suppressed	40702	Suppressed
	"Georgia"	"13"	"Coffee County, GA"	"13069"	"2007"	"2007"	Suppressed	41299	Suppressed
	"Georgia"	"13"	"Coffee County, GA"	"13069"	"2008"	"2008"	Suppressed	41813	Suppressed
	"Georgia"	"13"	"Coffee County, GA"	"13069"	"2009"	"2009"	Suppressed	42089	Suppressed
	"Georgia"	"13"	"Coffee County, GA"	"13069"	"2010"	"2010"	Suppressed	42356	Suppressed
	"Georgia"	"13"	"Coffee County, GA"	"13069"	"2011"	"2011"	Suppressed	42864	Suppressed
	"Georgia"	"13"	"Coffee County, GA"	"13069"	"2012"	"2012"	Suppressed	43170	Suppressed
	"Georgia"	"13"	"Coffee County, GA"	"13069"	"2013"	"2013"	Suppressed	43220	Suppressed
	"Georgia"	"13"	"Coffee County, GA"	"13069"	"2014"	"2014"	Suppressed	42811	Suppressed
	"Georgia"	"13"	"Colquitt County, GA"	"13071"	"2006"	"2006"	Suppressed	43700	Suppressed
	"Georgia"	"13"	"Colquitt County, GA"	"13071"	"2007"	"2007"	Suppressed	44209	Suppressed
	"Georgia"	"13"	"Colquitt County, GA"	"13071"	"2008"	"2008"	Suppressed	44872	Suppressed
	"Georgia"	"13"	"Colquitt County, GA"	"13071"	"2009"	"2009"	Suppressed	45152	Suppressed
	"Georgia"	"13"	"Colquitt County, GA"	"13071"	"2010"	"2010"	Suppressed	45498	Suppressed
	"Georgia"	"13"	"Colquitt County, GA"	"13071"	"2011"	"2011"	Suppressed	45645	Suppressed
	"Georgia"	"13"	"Colquitt County, GA"	"13071"	"2012"	"2012"	Suppressed	46137	Suppressed
	"Georgia"	"13"	"Colquitt County, GA"	"13071"	"2013"	"2013"	Suppressed	46275	Suppressed
	"Georgia"	"13"	"Colquitt County, GA"	"13071"	"2014"	"2014"	Suppressed	46102	Suppressed
	"Georgia"	"13"	"Columbia County, GA"	"13073"	"2006"	"2006"	10	110845	Unreliable
	"Georgia"	"13"	"Columbia County, GA"	"13073"	"2007"	"2007"	Suppressed	115074	Suppressed
	"Georgia"	"13"	"Columbia County, GA"	"13073"	"2008"	"2008"	Suppressed	117504	Suppressed
	"Georgia"	"13"	"Columbia County, GA"	"13073"	"2009"	"2009"	Suppressed	121050	Suppressed
	"Georgia"	"13"	"Columbia County, GA"	"13073"	"2010"	"2010"	15	124053	Unreliable
	"Georgia"	"13"	"Columbia County, GA"	"13073"	"2011"	"2011"	11	128112	Unreliable
	"Georgia"	"13"	"Columbia County, GA"	"13073"	"2012"	"2012"	16	131627	Unreliable
	"Georgia"	"13"	"Columbia County, GA"	"13073"	"2013"	"2013"	11	135416	Unreliable
	"Georgia"	"13"	"Columbia County, GA"	"13073"	"2014"	"2014"	18	139257	Unreliable
	"Georgia"	"13"	"Cook County, GA"	"13075"	"2006"	"2006"	0	16622	Unreliable
	"Georgia"	"13"	"Cook County, GA"	"13075"	"2007"	"2007"	0	16848	Unreliable
	"Georgia"	"13"	"Cook County, GA"	"13075"	"2008"	"2008"	Suppressed	17067	Suppressed
	"Georgia"	"13"	"Cook County, GA"	"13075"	"2009"	"2009"	Suppressed	17114	Suppressed
	"Georgia"	"13"	"Cook County, GA"	"13075"	"2010"	"2010"	Suppressed	17212	Suppressed
	"Georgia"	"13"	"Cook County, GA"	"13075"	"2011"	"2011"	Suppressed	17125	Suppressed
	"Georgia"	"13"	"Cook County, GA"	"13075"	"2012"	"2012"	Suppressed	16923	Suppressed
	"Georgia"	"13"	"Cook County, GA"	"13075"	"2013"	"2013"	Suppressed	17066	Suppressed
	"Georgia"	"13"	"Cook County, GA"	"13075"	"2014"	"2014"	Suppressed	17214	Suppressed
	"Georgia"	"13"	"Coweta County, GA"	"13077"	"2006"	"2006"	Suppressed	113749	Suppressed
	"Georgia"	"13"	"Coweta County, GA"	"13077"	"2007"	"2007"	11	118156	Unreliable
	"Georgia"	"13"	"Coweta County, GA"	"13077"	"2008"	"2008"	11	122281	Unreliable
	"Georgia"	"13"	"Coweta County, GA"	"13077"	"2009"	"2009"	20	125501	15.9
	"Georgia"	"13"	"Coweta County, GA"	"13077"	"2010"	"2010"	Suppressed	127317	Suppressed
	"Georgia"	"13"	"Coweta County, GA"	"13077"	"2011"	"2011"	15	129629	Unreliable
	"Georgia"	"13"	"Coweta County, GA"	"13077"	"2012"	"2012"	17	130929	Unreliable
	"Georgia"	"13"	"Coweta County, GA"	"13077"	"2013"	"2013"	12	133180	Unreliable
	"Georgia"	"13"	"Coweta County, GA"	"13077"	"2014"	"2014"	13	135571	Unreliable
	"Georgia"	"13"	"Crawford County, GA"	"13079"	"2006"	"2006"	Suppressed	12943	Suppressed
	"Georgia"	"13"	"Crawford County, GA"	"13079"	"2007"	"2007"	Suppressed	12895	Suppressed
	"Georgia"	"13"	"Crawford County, GA"	"13079"	"2008"	"2008"	Suppressed	12967	Suppressed
	"Georgia"	"13"	"Crawford County, GA"	"13079"	"2009"	"2009"	Suppressed	12711	Suppressed
	"Georgia"	"13"	"Crawford County, GA"	"13079"	"2010"	"2010"	Suppressed	12630	Suppressed
	"Georgia"	"13"	"Crawford County, GA"	"13079"	"2011"	"2011"	Suppressed	12567	Suppressed
	"Georgia"	"13"	"Crawford County, GA"	"13079"	"2012"	"2012"	Suppressed	12600	Suppressed
	"Georgia"	"13"	"Crawford County, GA"	"13079"	"2013"	"2013"	Suppressed	12504	Suppressed
	"Georgia"	"13"	"Crawford County, GA"	"13079"	"2014"	"2014"	Suppressed	12387	Suppressed
	"Georgia"	"13"	"Crisp County, GA"	"13081"	"2006"	"2006"	Suppressed	22718	Suppressed
	"Georgia"	"13"	"Crisp County, GA"	"13081"	"2007"	"2007"	Suppressed	23146	Suppressed
	"Georgia"	"13"	"Crisp County, GA"	"13081"	"2008"	"2008"	Suppressed	23243	Suppressed
	"Georgia"	"13"	"Crisp County, GA"	"13081"	"2009"	"2009"	0	23378	Unreliable
	"Georgia"	"13"	"Crisp County, GA"	"13081"	"2010"	"2010"	Suppressed	23439	Suppressed
	"Georgia"	"13"	"Crisp County, GA"	"13081"	"2011"	"2011"	0	23710	Unreliable
	"Georgia"	"13"	"Crisp County, GA"	"13081"	"2012"	"2012"	Suppressed	23606	Suppressed
	"Georgia"	"13"	"Crisp County, GA"	"13081"	"2013"	"2013"	Suppressed	23336	Suppressed
	"Georgia"	"13"	"Crisp County, GA"	"13081"	"2014"	"2014"	Suppressed	22934	Suppressed
	"Georgia"	"13"	"Dade County, GA"	"13083"	"2006"	"2006"	0	16411	Unreliable
	"Georgia"	"13"	"Dade County, GA"	"13083"	"2007"	"2007"	Suppressed	16648	Suppressed
	"Georgia"	"13"	"Dade County, GA"	"13083"	"2008"	"2008"	Suppressed	16651	Suppressed
	"Georgia"	"13"	"Dade County, GA"	"13083"	"2009"	"2009"	0	16657	Unreliable
	"Georgia"	"13"	"Dade County, GA"	"13083"	"2010"	"2010"	Suppressed	16633	Suppressed
	"Georgia"	"13"	"Dade County, GA"	"13083"	"2011"	"2011"	Suppressed	16570	Suppressed
	"Georgia"	"13"	"Dade County, GA"	"13083"	"2012"	"2012"	Suppressed	16490	Suppressed
	"Georgia"	"13"	"Dade County, GA"	"13083"	"2013"	"2013"	0	16507	Unreliable
	"Georgia"	"13"	"Dade County, GA"	"13083"	"2014"	"2014"	Suppressed	16389	Suppressed
	"Georgia"	"13"	"Dawson County, GA"	"13085"	"2006"	"2006"	Suppressed	20660	Suppressed
	"Georgia"	"13"	"Dawson County, GA"	"13085"	"2007"	"2007"	Suppressed	21509	Suppressed
	"Georgia"	"13"	"Dawson County, GA"	"13085"	"2008"	"2008"	Suppressed	21951	Suppressed
	"Georgia"	"13"	"Dawson County, GA"	"13085"	"2009"	"2009"	Suppressed	22325	Suppressed
	"Georgia"	"13"	"Dawson County, GA"	"13085"	"2010"	"2010"	Suppressed	22330	Suppressed
	"Georgia"	"13"	"Dawson County, GA"	"13085"	"2011"	"2011"	Suppressed	22459	Suppressed
	"Georgia"	"13"	"Dawson County, GA"	"13085"	"2012"	"2012"	Suppressed	22422	Suppressed
	"Georgia"	"13"	"Dawson County, GA"	"13085"	"2013"	"2013"	Suppressed	22686	Suppressed
	"Georgia"	"13"	"Dawson County, GA"	"13085"	"2014"	"2014"	Suppressed	22957	Suppressed
	"Georgia"	"13"	"Decatur County, GA"	"13087"	"2006"	"2006"	Suppressed	27835	Suppressed
	"Georgia"	"13"	"Decatur County, GA"	"13087"	"2007"	"2007"	Suppressed	27883	Suppressed
	"Georgia"	"13"	"Decatur County, GA"	"13087"	"2008"	"2008"	Suppressed	28010	Suppressed
	"Georgia"	"13"	"Decatur County, GA"	"13087"	"2009"	"2009"	Suppressed	28058	Suppressed
	"Georgia"	"13"	"Decatur County, GA"	"13087"	"2010"	"2010"	Suppressed	27842	Suppressed
	"Georgia"	"13"	"Decatur County, GA"	"13087"	"2011"	"2011"	0	27694	Unreliable
	"Georgia"	"13"	"Decatur County, GA"	"13087"	"2012"	"2012"	0	27509	Unreliable
	"Georgia"	"13"	"Decatur County, GA"	"13087"	"2013"	"2013"	Suppressed	27359	Suppressed
	"Georgia"	"13"	"Decatur County, GA"	"13087"	"2014"	"2014"	Suppressed	27220	Suppressed
	"Georgia"	"13"	"DeKalb County, GA"	"13089"	"2006"	"2006"	35	676687	5.2
	"Georgia"	"13"	"DeKalb County, GA"	"13089"	"2007"	"2007"	47	680962	6.9
	"Georgia"	"13"	"DeKalb County, GA"	"13089"	"2008"	"2008"	41	685646	6.0
	"Georgia"	"13"	"DeKalb County, GA"	"13089"	"2009"	"2009"	43	690658	6.2
	"Georgia"	"13"	"DeKalb County, GA"	"13089"	"2010"	"2010"	43	691893	6.2
	"Georgia"	"13"	"DeKalb County, GA"	"13089"	"2011"	"2011"	46	699893	6.6
	"Georgia"	"13"	"DeKalb County, GA"	"13089"	"2012"	"2012"	50	707089	7.1
	"Georgia"	"13"	"DeKalb County, GA"	"13089"	"2013"	"2013"	37	713340	5.2
	"Georgia"	"13"	"DeKalb County, GA"	"13089"	"2014"	"2014"	59	722161	8.2
	"Georgia"	"13"	"Dodge County, GA"	"13091"	"2006"	"2006"	Suppressed	20954	Suppressed
	"Georgia"	"13"	"Dodge County, GA"	"13091"	"2007"	"2007"	Suppressed	21225	Suppressed
	"Georgia"	"13"	"Dodge County, GA"	"13091"	"2008"	"2008"	Suppressed	21399	Suppressed
	"Georgia"	"13"	"Dodge County, GA"	"13091"	"2009"	"2009"	Suppressed	21659	Suppressed
	"Georgia"	"13"	"Dodge County, GA"	"13091"	"2010"	"2010"	Suppressed	21796	Suppressed
	"Georgia"	"13"	"Dodge County, GA"	"13091"	"2011"	"2011"	Suppressed	21894	Suppressed
	"Georgia"	"13"	"Dodge County, GA"	"13091"	"2012"	"2012"	Suppressed	21329	Suppressed
	"Georgia"	"13"	"Dodge County, GA"	"13091"	"2013"	"2013"	Suppressed	21221	Suppressed
	"Georgia"	"13"	"Dodge County, GA"	"13091"	"2014"	"2014"	0	20976	Unreliable
	"Georgia"	"13"	"Dooly County, GA"	"13093"	"2006"	"2006"	Suppressed	13719	Suppressed
	"Georgia"	"13"	"Dooly County, GA"	"13093"	"2007"	"2007"	0	13867	Unreliable
	"Georgia"	"13"	"Dooly County, GA"	"13093"	"2008"	"2008"	0	14191	Unreliable
	"Georgia"	"13"	"Dooly County, GA"	"13093"	"2009"	"2009"	0	14769	Unreliable
	"Georgia"	"13"	"Dooly County, GA"	"13093"	"2010"	"2010"	0	14918	Unreliable
	"Georgia"	"13"	"Dooly County, GA"	"13093"	"2011"	"2011"	0	14587	Unreliable
	"Georgia"	"13"	"Dooly County, GA"	"13093"	"2012"	"2012"	Suppressed	14318	Suppressed
	"Georgia"	"13"	"Dooly County, GA"	"13093"	"2013"	"2013"	0	14304	Unreliable
	"Georgia"	"13"	"Dooly County, GA"	"13093"	"2014"	"2014"	Suppressed	14188	Suppressed
	"Georgia"	"13"	"Dougherty County, GA"	"13095"	"2006"	"2006"	Suppressed	94418	Suppressed
	"Georgia"	"13"	"Dougherty County, GA"	"13095"	"2007"	"2007"	Suppressed	94522	Suppressed
	"Georgia"	"13"	"Dougherty County, GA"	"13095"	"2008"	"2008"	11	94363	Unreliable
	"Georgia"	"13"	"Dougherty County, GA"	"13095"	"2009"	"2009"	Suppressed	94688	Suppressed
	"Georgia"	"13"	"Dougherty County, GA"	"13095"	"2010"	"2010"	Suppressed	94565	Suppressed
	"Georgia"	"13"	"Dougherty County, GA"	"13095"	"2011"	"2011"	Suppressed	94788	Suppressed
	"Georgia"	"13"	"Dougherty County, GA"	"13095"	"2012"	"2012"	12	94501	Unreliable
	"Georgia"	"13"	"Dougherty County, GA"	"13095"	"2013"	"2013"	Suppressed	92969	Suppressed
	"Georgia"	"13"	"Dougherty County, GA"	"13095"	"2014"	"2014"	Suppressed	92407	Suppressed
	"Georgia"	"13"	"Douglas County, GA"	"13097"	"2006"	"2006"	18	119918	Unreliable
	"Georgia"	"13"	"Douglas County, GA"	"13097"	"2007"	"2007"	Suppressed	125560	Suppressed
	"Georgia"	"13"	"Douglas County, GA"	"13097"	"2008"	"2008"	11	129508	Unreliable
	"Georgia"	"13"	"Douglas County, GA"	"13097"	"2009"	"2009"	Suppressed	131292	Suppressed
	"Georgia"	"13"	"Douglas County, GA"	"13097"	"2010"	"2010"	15	132403	Unreliable
	"Georgia"	"13"	"Douglas County, GA"	"13097"	"2011"	"2011"	15	133355	Unreliable
	"Georgia"	"13"	"Douglas County, GA"	"13097"	"2012"	"2012"	10	133971	Unreliable
	"Georgia"	"13"	"Douglas County, GA"	"13097"	"2013"	"2013"	11	136379	Unreliable
	"Georgia"	"13"	"Douglas County, GA"	"13097"	"2014"	"2014"	26	138776	18.7
	"Georgia"	"13"	"Early County, GA"	"13099"	"2006"	"2006"	0	11648	Unreliable
	"Georgia"	"13"	"Early County, GA"	"13099"	"2007"	"2007"	0	11429	Unreliable
	"Georgia"	"13"	"Early County, GA"	"13099"	"2008"	"2008"	0	11262	Unreliable
	"Georgia"	"13"	"Early County, GA"	"13099"	"2009"	"2009"	0	11101	Unreliable
	"Georgia"	"13"	"Early County, GA"	"13099"	"2010"	"2010"	0	11008	Unreliable
	"Georgia"	"13"	"Early County, GA"	"13099"	"2011"	"2011"	0	10778	Unreliable
	"Georgia"	"13"	"Early County, GA"	"13099"	"2012"	"2012"	Suppressed	10594	Suppressed
	"Georgia"	"13"	"Early County, GA"	"13099"	"2013"	"2013"	0	10542	Unreliable
	"Georgia"	"13"	"Early County, GA"	"13099"	"2014"	"2014"	0	10491	Unreliable
	"Georgia"	"13"	"Echols County, GA"	"13101"	"2006"	"2006"	Suppressed	3913	Suppressed
	"Georgia"	"13"	"Echols County, GA"	"13101"	"2007"	"2007"	0	3938	Unreliable
	"Georgia"	"13"	"Echols County, GA"	"13101"	"2008"	"2008"	0	3954	Unreliable
	"Georgia"	"13"	"Echols County, GA"	"13101"	"2009"	"2009"	0	4012	Unreliable
	"Georgia"	"13"	"Echols County, GA"	"13101"	"2010"	"2010"	0	4034	Unreliable
	"Georgia"	"13"	"Echols County, GA"	"13101"	"2011"	"2011"	Suppressed	4129	Suppressed
	"Georgia"	"13"	"Echols County, GA"	"13101"	"2012"	"2012"	0	3988	Unreliable
	"Georgia"	"13"	"Echols County, GA"	"13101"	"2013"	"2013"	Suppressed	4057	Suppressed
	"Georgia"	"13"	"Echols County, GA"	"13101"	"2014"	"2014"	0	4003	Unreliable
	"Georgia"	"13"	"Effingham County, GA"	"13103"	"2006"	"2006"	Suppressed	47823	Suppressed
	"Georgia"	"13"	"Effingham County, GA"	"13103"	"2007"	"2007"	Suppressed	49660	Suppressed
	"Georgia"	"13"	"Effingham County, GA"	"13103"	"2008"	"2008"	Suppressed	50738	Suppressed
	"Georgia"	"13"	"Effingham County, GA"	"13103"	"2009"	"2009"	Suppressed	51908	Suppressed
	"Georgia"	"13"	"Effingham County, GA"	"13103"	"2010"	"2010"	Suppressed	52250	Suppressed
	"Georgia"	"13"	"Effingham County, GA"	"13103"	"2011"	"2011"	Suppressed	52655	Suppressed
	"Georgia"	"13"	"Effingham County, GA"	"13103"	"2012"	"2012"	Suppressed	53293	Suppressed
	"Georgia"	"13"	"Effingham County, GA"	"13103"	"2013"	"2013"	Suppressed	54456	Suppressed
	"Georgia"	"13"	"Effingham County, GA"	"13103"	"2014"	"2014"	Suppressed	55423	Suppressed
	"Georgia"	"13"	"Elbert County, GA"	"13105"	"2006"	"2006"	Suppressed	20631	Suppressed
	"Georgia"	"13"	"Elbert County, GA"	"13105"	"2007"	"2007"	Suppressed	20551	Suppressed
	"Georgia"	"13"	"Elbert County, GA"	"13105"	"2008"	"2008"	Suppressed	20477	Suppressed
	"Georgia"	"13"	"Elbert County, GA"	"13105"	"2009"	"2009"	Suppressed	20335	Suppressed
	"Georgia"	"13"	"Elbert County, GA"	"13105"	"2010"	"2010"	Suppressed	20166	Suppressed
	"Georgia"	"13"	"Elbert County, GA"	"13105"	"2011"	"2011"	Suppressed	19886	Suppressed
	"Georgia"	"13"	"Elbert County, GA"	"13105"	"2012"	"2012"	Suppressed	19684	Suppressed
	"Georgia"	"13"	"Elbert County, GA"	"13105"	"2013"	"2013"	Suppressed	19599	Suppressed
	"Georgia"	"13"	"Elbert County, GA"	"13105"	"2014"	"2014"	Suppressed	19438	Suppressed
	"Georgia"	"13"	"Emanuel County, GA"	"13107"	"2006"	"2006"	0	22091	Unreliable
	"Georgia"	"13"	"Emanuel County, GA"	"13107"	"2007"	"2007"	Suppressed	22109	Suppressed
	"Georgia"	"13"	"Emanuel County, GA"	"13107"	"2008"	"2008"	Suppressed	22421	Suppressed
	"Georgia"	"13"	"Emanuel County, GA"	"13107"	"2009"	"2009"	Suppressed	22456	Suppressed
	"Georgia"	"13"	"Emanuel County, GA"	"13107"	"2010"	"2010"	Suppressed	22598	Suppressed
	"Georgia"	"13"	"Emanuel County, GA"	"13107"	"2011"	"2011"	0	22567	Unreliable
	"Georgia"	"13"	"Emanuel County, GA"	"13107"	"2012"	"2012"	Suppressed	22898	Suppressed
	"Georgia"	"13"	"Emanuel County, GA"	"13107"	"2013"	"2013"	Suppressed	22867	Suppressed
	"Georgia"	"13"	"Emanuel County, GA"	"13107"	"2014"	"2014"	Suppressed	22755	Suppressed
	"Georgia"	"13"	"Evans County, GA"	"13109"	"2006"	"2006"	Suppressed	10889	Suppressed
	"Georgia"	"13"	"Evans County, GA"	"13109"	"2007"	"2007"	Suppressed	10899	Suppressed
	"Georgia"	"13"	"Evans County, GA"	"13109"	"2008"	"2008"	0	11020	Unreliable
	"Georgia"	"13"	"Evans County, GA"	"13109"	"2009"	"2009"	0	11016	Unreliable
	"Georgia"	"13"	"Evans County, GA"	"13109"	"2010"	"2010"	Suppressed	11000	Suppressed
	"Georgia"	"13"	"Evans County, GA"	"13109"	"2011"	"2011"	0	11065	Unreliable
	"Georgia"	"13"	"Evans County, GA"	"13109"	"2012"	"2012"	Suppressed	10689	Suppressed
	"Georgia"	"13"	"Evans County, GA"	"13109"	"2013"	"2013"	0	10833	Unreliable
	"Georgia"	"13"	"Evans County, GA"	"13109"	"2014"	"2014"	Suppressed	10898	Suppressed
	"Georgia"	"13"	"Fannin County, GA"	"13111"	"2006"	"2006"	Suppressed	22758	Suppressed
	"Georgia"	"13"	"Fannin County, GA"	"13111"	"2007"	"2007"	Suppressed	23185	Suppressed
	"Georgia"	"13"	"Fannin County, GA"	"13111"	"2008"	"2008"	Suppressed	23416	Suppressed
	"Georgia"	"13"	"Fannin County, GA"	"13111"	"2009"	"2009"	Suppressed	23661	Suppressed
	"Georgia"	"13"	"Fannin County, GA"	"13111"	"2010"	"2010"	11	23682	Unreliable
	"Georgia"	"13"	"Fannin County, GA"	"13111"	"2011"	"2011"	Suppressed	23708	Suppressed
	"Georgia"	"13"	"Fannin County, GA"	"13111"	"2012"	"2012"	Suppressed	23492	Suppressed
	"Georgia"	"13"	"Fannin County, GA"	"13111"	"2013"	"2013"	11	23760	Unreliable
	"Georgia"	"13"	"Fannin County, GA"	"13111"	"2014"	"2014"	Suppressed	23753	Suppressed
	"Georgia"	"13"	"Fayette County, GA"	"13113"	"2006"	"2006"	Suppressed	104099	Suppressed
	"Georgia"	"13"	"Fayette County, GA"	"13113"	"2007"	"2007"	Suppressed	104989	Suppressed
	"Georgia"	"13"	"Fayette County, GA"	"13113"	"2008"	"2008"	Suppressed	105192	Suppressed
	"Georgia"	"13"	"Fayette County, GA"	"13113"	"2009"	"2009"	15	105493	Unreliable
	"Georgia"	"13"	"Fayette County, GA"	"13113"	"2010"	"2010"	Suppressed	106567	Suppressed
	"Georgia"	"13"	"Fayette County, GA"	"13113"	"2011"	"2011"	11	107784	Unreliable
	"Georgia"	"13"	"Fayette County, GA"	"13113"	"2012"	"2012"	Suppressed	107524	Suppressed
	"Georgia"	"13"	"Fayette County, GA"	"13113"	"2013"	"2013"	Suppressed	108365	Suppressed
	"Georgia"	"13"	"Fayette County, GA"	"13113"	"2014"	"2014"	14	109664	Unreliable
	"Georgia"	"13"	"Floyd County, GA"	"13115"	"2006"	"2006"	19	95165	Unreliable
	"Georgia"	"13"	"Floyd County, GA"	"13115"	"2007"	"2007"	18	95308	Unreliable
	"Georgia"	"13"	"Floyd County, GA"	"13115"	"2008"	"2008"	14	95922	Unreliable
	"Georgia"	"13"	"Floyd County, GA"	"13115"	"2009"	"2009"	Suppressed	96383	Suppressed
	"Georgia"	"13"	"Floyd County, GA"	"13115"	"2010"	"2010"	21	96317	21.8
	"Georgia"	"13"	"Floyd County, GA"	"13115"	"2011"	"2011"	15	95989	Unreliable
	"Georgia"	"13"	"Floyd County, GA"	"13115"	"2012"	"2012"	15	96177	Unreliable
	"Georgia"	"13"	"Floyd County, GA"	"13115"	"2013"	"2013"	17	95821	Unreliable
	"Georgia"	"13"	"Floyd County, GA"	"13115"	"2014"	"2014"	10	96063	Unreliable
	"Georgia"	"13"	"Forsyth County, GA"	"13117"	"2006"	"2006"	Suppressed	147228	Suppressed
	"Georgia"	"13"	"Forsyth County, GA"	"13117"	"2007"	"2007"	16	157129	Unreliable
	"Georgia"	"13"	"Forsyth County, GA"	"13117"	"2008"	"2008"	16	166338	Unreliable
	"Georgia"	"13"	"Forsyth County, GA"	"13117"	"2009"	"2009"	14	171993	Unreliable
	"Georgia"	"13"	"Forsyth County, GA"	"13117"	"2010"	"2010"	16	175511	Unreliable
	"Georgia"	"13"	"Forsyth County, GA"	"13117"	"2011"	"2011"	28	181840	15.4
	"Georgia"	"13"	"Forsyth County, GA"	"13117"	"2012"	"2012"	15	187928	Unreliable
	"Georgia"	"13"	"Forsyth County, GA"	"13117"	"2013"	"2013"	19	195405	Unreliable
	"Georgia"	"13"	"Forsyth County, GA"	"13117"	"2014"	"2014"	30	204302	14.7
	"Georgia"	"13"	"Franklin County, GA"	"13119"	"2006"	"2006"	Suppressed	21956	Suppressed
	"Georgia"	"13"	"Franklin County, GA"	"13119"	"2007"	"2007"	Suppressed	22195	Suppressed
	"Georgia"	"13"	"Franklin County, GA"	"13119"	"2008"	"2008"	Suppressed	22254	Suppressed
	"Georgia"	"13"	"Franklin County, GA"	"13119"	"2009"	"2009"	Suppressed	22152	Suppressed
	"Georgia"	"13"	"Franklin County, GA"	"13119"	"2010"	"2010"	Suppressed	22084	Suppressed
	"Georgia"	"13"	"Franklin County, GA"	"13119"	"2011"	"2011"	Suppressed	21864	Suppressed
	"Georgia"	"13"	"Franklin County, GA"	"13119"	"2012"	"2012"	Suppressed	21894	Suppressed
	"Georgia"	"13"	"Franklin County, GA"	"13119"	"2013"	"2013"	Suppressed	22009	Suppressed
	"Georgia"	"13"	"Franklin County, GA"	"13119"	"2014"	"2014"	Suppressed	22264	Suppressed
	"Georgia"	"13"	"Fulton County, GA"	"13121"	"2006"	"2006"	84	845181	9.9
	"Georgia"	"13"	"Fulton County, GA"	"13121"	"2007"	"2007"	101	869329	11.6
	"Georgia"	"13"	"Fulton County, GA"	"13121"	"2008"	"2008"	116	888694	13.1
	"Georgia"	"13"	"Fulton County, GA"	"13121"	"2009"	"2009"	81	905511	8.9
	"Georgia"	"13"	"Fulton County, GA"	"13121"	"2010"	"2010"	110	920581	11.9
	"Georgia"	"13"	"Fulton County, GA"	"13121"	"2011"	"2011"	98	949599	10.3
	"Georgia"	"13"	"Fulton County, GA"	"13121"	"2012"	"2012"	95	977773	9.7
	"Georgia"	"13"	"Fulton County, GA"	"13121"	"2013"	"2013"	124	984293	12.6
	"Georgia"	"13"	"Fulton County, GA"	"13121"	"2014"	"2014"	140	996319	14.1
	"Georgia"	"13"	"Gilmer County, GA"	"13123"	"2006"	"2006"	Suppressed	27665	Suppressed
	"Georgia"	"13"	"Gilmer County, GA"	"13123"	"2007"	"2007"	Suppressed	27996	Suppressed
	"Georgia"	"13"	"Gilmer County, GA"	"13123"	"2008"	"2008"	Suppressed	28211	Suppressed
	"Georgia"	"13"	"Gilmer County, GA"	"13123"	"2009"	"2009"	Suppressed	28174	Suppressed
	"Georgia"	"13"	"Gilmer County, GA"	"13123"	"2010"	"2010"	0	28292	Unreliable
	"Georgia"	"13"	"Gilmer County, GA"	"13123"	"2011"	"2011"	Suppressed	28324	Suppressed
	"Georgia"	"13"	"Gilmer County, GA"	"13123"	"2012"	"2012"	Suppressed	28190	Suppressed
	"Georgia"	"13"	"Gilmer County, GA"	"13123"	"2013"	"2013"	Suppressed	28579	Suppressed
	"Georgia"	"13"	"Gilmer County, GA"	"13123"	"2014"	"2014"	Suppressed	28829	Suppressed
	"Georgia"	"13"	"Glascock County, GA"	"13125"	"2006"	"2006"	0	2893	Unreliable
	"Georgia"	"13"	"Glascock County, GA"	"13125"	"2007"	"2007"	Suppressed	2988	Suppressed
	"Georgia"	"13"	"Glascock County, GA"	"13125"	"2008"	"2008"	Suppressed	3010	Suppressed
	"Georgia"	"13"	"Glascock County, GA"	"13125"	"2009"	"2009"	Suppressed	3066	Suppressed
	"Georgia"	"13"	"Glascock County, GA"	"13125"	"2010"	"2010"	0	3082	Unreliable
	"Georgia"	"13"	"Glascock County, GA"	"13125"	"2011"	"2011"	Suppressed	3084	Suppressed
	"Georgia"	"13"	"Glascock County, GA"	"13125"	"2012"	"2012"	0	3142	Unreliable
	"Georgia"	"13"	"Glascock County, GA"	"13125"	"2013"	"2013"	0	3102	Unreliable
	"Georgia"	"13"	"Glascock County, GA"	"13125"	"2014"	"2014"	0	3053	Unreliable
	"Georgia"	"13"	"Glynn County, GA"	"13127"	"2006"	"2006"	13	74870	Unreliable
	"Georgia"	"13"	"Glynn County, GA"	"13127"	"2007"	"2007"	13	76513	Unreliable
	"Georgia"	"13"	"Glynn County, GA"	"13127"	"2008"	"2008"	14	78013	Unreliable
	"Georgia"	"13"	"Glynn County, GA"	"13127"	"2009"	"2009"	10	78946	Unreliable
	"Georgia"	"13"	"Glynn County, GA"	"13127"	"2010"	"2010"	Suppressed	79626	Suppressed
	"Georgia"	"13"	"Glynn County, GA"	"13127"	"2011"	"2011"	Suppressed	80386	Suppressed
	"Georgia"	"13"	"Glynn County, GA"	"13127"	"2012"	"2012"	11	81022	Unreliable
	"Georgia"	"13"	"Glynn County, GA"	"13127"	"2013"	"2013"	18	81508	Unreliable
	"Georgia"	"13"	"Glynn County, GA"	"13127"	"2014"	"2014"	Suppressed	82175	Suppressed
	"Georgia"	"13"	"Gordon County, GA"	"13129"	"2006"	"2006"	Suppressed	52161	Suppressed
	"Georgia"	"13"	"Gordon County, GA"	"13129"	"2007"	"2007"	Suppressed	53409	Suppressed
	"Georgia"	"13"	"Gordon County, GA"	"13129"	"2008"	"2008"	Suppressed	54567	Suppressed
	"Georgia"	"13"	"Gordon County, GA"	"13129"	"2009"	"2009"	13	54945	Unreliable
	"Georgia"	"13"	"Gordon County, GA"	"13129"	"2010"	"2010"	Suppressed	55186	Suppressed
	"Georgia"	"13"	"Gordon County, GA"	"13129"	"2011"	"2011"	13	55621	Unreliable
	"Georgia"	"13"	"Gordon County, GA"	"13129"	"2012"	"2012"	Suppressed	55766	Suppressed
	"Georgia"	"13"	"Gordon County, GA"	"13129"	"2013"	"2013"	Suppressed	55757	Suppressed
	"Georgia"	"13"	"Gordon County, GA"	"13129"	"2014"	"2014"	Suppressed	56047	Suppressed
	"Georgia"	"13"	"Grady County, GA"	"13131"	"2006"	"2006"	0	24384	Unreliable
	"Georgia"	"13"	"Grady County, GA"	"13131"	"2007"	"2007"	Suppressed	24624	Suppressed
	"Georgia"	"13"	"Grady County, GA"	"13131"	"2008"	"2008"	Suppressed	24728	Suppressed
	"Georgia"	"13"	"Grady County, GA"	"13131"	"2009"	"2009"	Suppressed	24893	Suppressed
	"Georgia"	"13"	"Grady County, GA"	"13131"	"2010"	"2010"	Suppressed	25011	Suppressed
	"Georgia"	"13"	"Grady County, GA"	"13131"	"2011"	"2011"	0	25255	Unreliable
	"Georgia"	"13"	"Grady County, GA"	"13131"	"2012"	"2012"	Suppressed	25440	Suppressed
	"Georgia"	"13"	"Grady County, GA"	"13131"	"2013"	"2013"	0	25278	Unreliable
	"Georgia"	"13"	"Grady County, GA"	"13131"	"2014"	"2014"	Suppressed	25359	Suppressed
	"Georgia"	"13"	"Greene County, GA"	"13133"	"2006"	"2006"	0	15587	Unreliable
	"Georgia"	"13"	"Greene County, GA"	"13133"	"2007"	"2007"	Suppressed	15823	Suppressed
	"Georgia"	"13"	"Greene County, GA"	"13133"	"2008"	"2008"	Suppressed	15869	Suppressed
	"Georgia"	"13"	"Greene County, GA"	"13133"	"2009"	"2009"	Suppressed	15934	Suppressed
	"Georgia"	"13"	"Greene County, GA"	"13133"	"2010"	"2010"	Suppressed	15994	Suppressed
	"Georgia"	"13"	"Greene County, GA"	"13133"	"2011"	"2011"	Suppressed	16031	Suppressed
	"Georgia"	"13"	"Greene County, GA"	"13133"	"2012"	"2012"	Suppressed	16092	Suppressed
	"Georgia"	"13"	"Greene County, GA"	"13133"	"2013"	"2013"	Suppressed	16321	Suppressed
	"Georgia"	"13"	"Greene County, GA"	"13133"	"2014"	"2014"	Suppressed	16490	Suppressed
	"Georgia"	"13"	"Gwinnett County, GA"	"13135"	"2006"	"2006"	47	740267	6.3
	"Georgia"	"13"	"Gwinnett County, GA"	"13135"	"2007"	"2007"	44	764129	5.8
	"Georgia"	"13"	"Gwinnett County, GA"	"13135"	"2008"	"2008"	46	780721	5.9
	"Georgia"	"13"	"Gwinnett County, GA"	"13135"	"2009"	"2009"	51	796276	6.4
	"Georgia"	"13"	"Gwinnett County, GA"	"13135"	"2010"	"2010"	60	805321	7.5
	"Georgia"	"13"	"Gwinnett County, GA"	"13135"	"2011"	"2011"	46	824941	5.6
	"Georgia"	"13"	"Gwinnett County, GA"	"13135"	"2012"	"2012"	50	842046	5.9
	"Georgia"	"13"	"Gwinnett County, GA"	"13135"	"2013"	"2013"	59	859304	6.9
	"Georgia"	"13"	"Gwinnett County, GA"	"13135"	"2014"	"2014"	60	877922	6.8
	"Georgia"	"13"	"Habersham County, GA"	"13137"	"2006"	"2006"	Suppressed	40616	Suppressed
	"Georgia"	"13"	"Habersham County, GA"	"13137"	"2007"	"2007"	Suppressed	41865	Suppressed
	"Georgia"	"13"	"Habersham County, GA"	"13137"	"2008"	"2008"	Suppressed	42550	Suppressed
	"Georgia"	"13"	"Habersham County, GA"	"13137"	"2009"	"2009"	Suppressed	42947	Suppressed
	"Georgia"	"13"	"Habersham County, GA"	"13137"	"2010"	"2010"	10	43041	Unreliable
	"Georgia"	"13"	"Habersham County, GA"	"13137"	"2011"	"2011"	Suppressed	43279	Suppressed
	"Georgia"	"13"	"Habersham County, GA"	"13137"	"2012"	"2012"	Suppressed	43520	Suppressed
	"Georgia"	"13"	"Habersham County, GA"	"13137"	"2013"	"2013"	Suppressed	43300	Suppressed
	"Georgia"	"13"	"Habersham County, GA"	"13137"	"2014"	"2014"	Suppressed	43752	Suppressed
	"Georgia"	"13"	"Hall County, GA"	"13139"	"2006"	"2006"	20	166524	12.0
	"Georgia"	"13"	"Hall County, GA"	"13139"	"2007"	"2007"	19	172446	Unreliable
	"Georgia"	"13"	"Hall County, GA"	"13139"	"2008"	"2008"	18	177277	Unreliable
	"Georgia"	"13"	"Hall County, GA"	"13139"	"2009"	"2009"	20	178503	11.2
	"Georgia"	"13"	"Hall County, GA"	"13139"	"2010"	"2010"	24	179684	13.4
	"Georgia"	"13"	"Hall County, GA"	"13139"	"2011"	"2011"	25	183052	13.7
	"Georgia"	"13"	"Hall County, GA"	"13139"	"2012"	"2012"	24	185416	12.9
	"Georgia"	"13"	"Hall County, GA"	"13139"	"2013"	"2013"	28	187745	14.9
	"Georgia"	"13"	"Hall County, GA"	"13139"	"2014"	"2014"	24	190761	12.6
	"Georgia"	"13"	"Hancock County, GA"	"13141"	"2006"	"2006"	0	9650	Unreliable
	"Georgia"	"13"	"Hancock County, GA"	"13141"	"2007"	"2007"	0	9889	Unreliable
	"Georgia"	"13"	"Hancock County, GA"	"13141"	"2008"	"2008"	Suppressed	9808	Suppressed
	"Georgia"	"13"	"Hancock County, GA"	"13141"	"2009"	"2009"	Suppressed	9508	Suppressed
	"Georgia"	"13"	"Hancock County, GA"	"13141"	"2010"	"2010"	0	9429	Unreliable
	"Georgia"	"13"	"Hancock County, GA"	"13141"	"2011"	"2011"	0	9400	Unreliable
	"Georgia"	"13"	"Hancock County, GA"	"13141"	"2012"	"2012"	0	8996	Unreliable
	"Georgia"	"13"	"Hancock County, GA"	"13141"	"2013"	"2013"	0	8879	Unreliable
	"Georgia"	"13"	"Hancock County, GA"	"13141"	"2014"	"2014"	0	8509	Unreliable
	"Georgia"	"13"	"Haralson County, GA"	"13143"	"2006"	"2006"	Suppressed	28121	Suppressed
	"Georgia"	"13"	"Haralson County, GA"	"13143"	"2007"	"2007"	13	28558	Unreliable
	"Georgia"	"13"	"Haralson County, GA"	"13143"	"2008"	"2008"	Suppressed	28645	Suppressed
	"Georgia"	"13"	"Haralson County, GA"	"13143"	"2009"	"2009"	12	28774	Unreliable
	"Georgia"	"13"	"Haralson County, GA"	"13143"	"2010"	"2010"	14	28780	Unreliable
	"Georgia"	"13"	"Haralson County, GA"	"13143"	"2011"	"2011"	Suppressed	28638	Suppressed
	"Georgia"	"13"	"Haralson County, GA"	"13143"	"2012"	"2012"	Suppressed	28400	Suppressed
	"Georgia"	"13"	"Haralson County, GA"	"13143"	"2013"	"2013"	Suppressed	28495	Suppressed
	"Georgia"	"13"	"Haralson County, GA"	"13143"	"2014"	"2014"	Suppressed	28641	Suppressed
	"Georgia"	"13"	"Harris County, GA"	"13145"	"2006"	"2006"	0	29289	Unreliable
	"Georgia"	"13"	"Harris County, GA"	"13145"	"2007"	"2007"	Suppressed	30276	Suppressed
	"Georgia"	"13"	"Harris County, GA"	"13145"	"2008"	"2008"	Suppressed	30807	Suppressed
	"Georgia"	"13"	"Harris County, GA"	"13145"	"2009"	"2009"	Suppressed	31494	Suppressed
	"Georgia"	"13"	"Harris County, GA"	"13145"	"2010"	"2010"	Suppressed	32024	Suppressed
	"Georgia"	"13"	"Harris County, GA"	"13145"	"2011"	"2011"	Suppressed	32265	Suppressed
	"Georgia"	"13"	"Harris County, GA"	"13145"	"2012"	"2012"	Suppressed	32550	Suppressed
	"Georgia"	"13"	"Harris County, GA"	"13145"	"2013"	"2013"	Suppressed	32663	Suppressed
	"Georgia"	"13"	"Harris County, GA"	"13145"	"2014"	"2014"	Suppressed	32876	Suppressed
	"Georgia"	"13"	"Hart County, GA"	"13147"	"2006"	"2006"	Suppressed	24764	Suppressed
	"Georgia"	"13"	"Hart County, GA"	"13147"	"2007"	"2007"	Suppressed	24894	Suppressed
	"Georgia"	"13"	"Hart County, GA"	"13147"	"2008"	"2008"	Suppressed	25138	Suppressed
	"Georgia"	"13"	"Hart County, GA"	"13147"	"2009"	"2009"	Suppressed	25108	Suppressed
	"Georgia"	"13"	"Hart County, GA"	"13147"	"2010"	"2010"	Suppressed	25213	Suppressed
	"Georgia"	"13"	"Hart County, GA"	"13147"	"2011"	"2011"	Suppressed	25305	Suppressed
	"Georgia"	"13"	"Hart County, GA"	"13147"	"2012"	"2012"	Suppressed	25518	Suppressed
	"Georgia"	"13"	"Hart County, GA"	"13147"	"2013"	"2013"	Suppressed	25446	Suppressed
	"Georgia"	"13"	"Hart County, GA"	"13147"	"2014"	"2014"	Suppressed	25377	Suppressed
	"Georgia"	"13"	"Heard County, GA"	"13149"	"2006"	"2006"	Suppressed	11553	Suppressed
	"Georgia"	"13"	"Heard County, GA"	"13149"	"2007"	"2007"	Suppressed	11618	Suppressed
	"Georgia"	"13"	"Heard County, GA"	"13149"	"2008"	"2008"	Suppressed	11809	Suppressed
	"Georgia"	"13"	"Heard County, GA"	"13149"	"2009"	"2009"	Suppressed	11765	Suppressed
	"Georgia"	"13"	"Heard County, GA"	"13149"	"2010"	"2010"	Suppressed	11834	Suppressed
	"Georgia"	"13"	"Heard County, GA"	"13149"	"2011"	"2011"	Suppressed	11744	Suppressed
	"Georgia"	"13"	"Heard County, GA"	"13149"	"2012"	"2012"	Suppressed	11633	Suppressed
	"Georgia"	"13"	"Heard County, GA"	"13149"	"2013"	"2013"	Suppressed	11558	Suppressed
	"Georgia"	"13"	"Heard County, GA"	"13149"	"2014"	"2014"	Suppressed	11603	Suppressed
	"Georgia"	"13"	"Henry County, GA"	"13151"	"2006"	"2006"	20	180304	11.1
	"Georgia"	"13"	"Henry County, GA"	"13151"	"2007"	"2007"	14	188736	Unreliable
	"Georgia"	"13"	"Henry County, GA"	"13151"	"2008"	"2008"	22	194658	11.3
	"Georgia"	"13"	"Henry County, GA"	"13151"	"2009"	"2009"	31	199622	15.5
	"Georgia"	"13"	"Henry County, GA"	"13151"	"2010"	"2010"	28	203922	13.7
	"Georgia"	"13"	"Henry County, GA"	"13151"	"2011"	"2011"	33	207360	15.9
	"Georgia"	"13"	"Henry County, GA"	"13151"	"2012"	"2012"	19	209053	Unreliable
	"Georgia"	"13"	"Henry County, GA"	"13151"	"2013"	"2013"	25	211128	11.8
	"Georgia"	"13"	"Henry County, GA"	"13151"	"2014"	"2014"	31	213869	14.5
	"Georgia"	"13"	"Houston County, GA"	"13153"	"2006"	"2006"	Suppressed	128978	Suppressed
	"Georgia"	"13"	"Houston County, GA"	"13153"	"2007"	"2007"	Suppressed	132373	Suppressed
	"Georgia"	"13"	"Houston County, GA"	"13153"	"2008"	"2008"	12	134922	Unreliable
	"Georgia"	"13"	"Houston County, GA"	"13153"	"2009"	"2009"	10	137416	Unreliable
	"Georgia"	"13"	"Houston County, GA"	"13153"	"2010"	"2010"	16	139900	Unreliable
	"Georgia"	"13"	"Houston County, GA"	"13153"	"2011"	"2011"	Suppressed	143925	Suppressed
	"Georgia"	"13"	"Houston County, GA"	"13153"	"2012"	"2012"	Suppressed	146136	Suppressed
	"Georgia"	"13"	"Houston County, GA"	"13153"	"2013"	"2013"	13	147658	Unreliable
	"Georgia"	"13"	"Houston County, GA"	"13153"	"2014"	"2014"	12	149111	Unreliable
	"Georgia"	"13"	"Irwin County, GA"	"13155"	"2006"	"2006"	0	9852	Unreliable
	"Georgia"	"13"	"Irwin County, GA"	"13155"	"2007"	"2007"	Suppressed	9493	Suppressed
	"Georgia"	"13"	"Irwin County, GA"	"13155"	"2008"	"2008"	0	9803	Unreliable
	"Georgia"	"13"	"Irwin County, GA"	"13155"	"2009"	"2009"	0	9536	Unreliable
	"Georgia"	"13"	"Irwin County, GA"	"13155"	"2010"	"2010"	0	9538	Unreliable
	"Georgia"	"13"	"Irwin County, GA"	"13155"	"2011"	"2011"	Suppressed	9679	Suppressed
	"Georgia"	"13"	"Irwin County, GA"	"13155"	"2012"	"2012"	Suppressed	9600	Suppressed
	"Georgia"	"13"	"Irwin County, GA"	"13155"	"2013"	"2013"	0	9427	Unreliable
	"Georgia"	"13"	"Irwin County, GA"	"13155"	"2014"	"2014"	Suppressed	9104	Suppressed
	"Georgia"	"13"	"Jackson County, GA"	"13157"	"2006"	"2006"	Suppressed	54037	Suppressed
	"Georgia"	"13"	"Jackson County, GA"	"13157"	"2007"	"2007"	Suppressed	57521	Suppressed
	"Georgia"	"13"	"Jackson County, GA"	"13157"	"2008"	"2008"	10	59420	Unreliable
	"Georgia"	"13"	"Jackson County, GA"	"13157"	"2009"	"2009"	11	60052	Unreliable
	"Georgia"	"13"	"Jackson County, GA"	"13157"	"2010"	"2010"	12	60485	Unreliable
	"Georgia"	"13"	"Jackson County, GA"	"13157"	"2011"	"2011"	11	61257	Unreliable
	"Georgia"	"13"	"Jackson County, GA"	"13157"	"2012"	"2012"	11	60571	Unreliable
	"Georgia"	"13"	"Jackson County, GA"	"13157"	"2013"	"2013"	14	61044	Unreliable
	"Georgia"	"13"	"Jackson County, GA"	"13157"	"2014"	"2014"	Suppressed	61870	Suppressed
	"Georgia"	"13"	"Jasper County, GA"	"13159"	"2006"	"2006"	0	13370	Unreliable
	"Georgia"	"13"	"Jasper County, GA"	"13159"	"2007"	"2007"	Suppressed	13569	Suppressed
	"Georgia"	"13"	"Jasper County, GA"	"13159"	"2008"	"2008"	Suppressed	13769	Suppressed
	"Georgia"	"13"	"Jasper County, GA"	"13159"	"2009"	"2009"	0	13842	Unreliable
	"Georgia"	"13"	"Jasper County, GA"	"13159"	"2010"	"2010"	Suppressed	13900	Suppressed
	"Georgia"	"13"	"Jasper County, GA"	"13159"	"2011"	"2011"	Suppressed	13885	Suppressed
	"Georgia"	"13"	"Jasper County, GA"	"13159"	"2012"	"2012"	Suppressed	13630	Suppressed
	"Georgia"	"13"	"Jasper County, GA"	"13159"	"2013"	"2013"	Suppressed	13601	Suppressed
	"Georgia"	"13"	"Jasper County, GA"	"13159"	"2014"	"2014"	Suppressed	13432	Suppressed
	"Georgia"	"13"	"Jeff Davis County, GA"	"13161"	"2006"	"2006"	Suppressed	14028	Suppressed
	"Georgia"	"13"	"Jeff Davis County, GA"	"13161"	"2007"	"2007"	Suppressed	14204	Suppressed
	"Georgia"	"13"	"Jeff Davis County, GA"	"13161"	"2008"	"2008"	Suppressed	14577	Suppressed
	"Georgia"	"13"	"Jeff Davis County, GA"	"13161"	"2009"	"2009"	Suppressed	14892	Suppressed
	"Georgia"	"13"	"Jeff Davis County, GA"	"13161"	"2010"	"2010"	Suppressed	15068	Suppressed
	"Georgia"	"13"	"Jeff Davis County, GA"	"13161"	"2011"	"2011"	Suppressed	15162	Suppressed
	"Georgia"	"13"	"Jeff Davis County, GA"	"13161"	"2012"	"2012"	Suppressed	15156	Suppressed
	"Georgia"	"13"	"Jeff Davis County, GA"	"13161"	"2013"	"2013"	Suppressed	15004	Suppressed
	"Georgia"	"13"	"Jeff Davis County, GA"	"13161"	"2014"	"2014"	Suppressed	14859	Suppressed
	"Georgia"	"13"	"Jefferson County, GA"	"13163"	"2006"	"2006"	Suppressed	16889	Suppressed
	"Georgia"	"13"	"Jefferson County, GA"	"13163"	"2007"	"2007"	Suppressed	16830	Suppressed
	"Georgia"	"13"	"Jefferson County, GA"	"13163"	"2008"	"2008"	0	16925	Unreliable
	"Georgia"	"13"	"Jefferson County, GA"	"13163"	"2009"	"2009"	Suppressed	17067	Suppressed
	"Georgia"	"13"	"Jefferson County, GA"	"13163"	"2010"	"2010"	Suppressed	16930	Suppressed
	"Georgia"	"13"	"Jefferson County, GA"	"13163"	"2011"	"2011"	Suppressed	16675	Suppressed
	"Georgia"	"13"	"Jefferson County, GA"	"13163"	"2012"	"2012"	0	16432	Unreliable
	"Georgia"	"13"	"Jefferson County, GA"	"13163"	"2013"	"2013"	Suppressed	16320	Suppressed
	"Georgia"	"13"	"Jefferson County, GA"	"13163"	"2014"	"2014"	Suppressed	16272	Suppressed
	"Georgia"	"13"	"Jenkins County, GA"	"13165"	"2006"	"2006"	Suppressed	8533	Suppressed
	"Georgia"	"13"	"Jenkins County, GA"	"13165"	"2007"	"2007"	0	8442	Unreliable
	"Georgia"	"13"	"Jenkins County, GA"	"13165"	"2008"	"2008"	Suppressed	8340	Suppressed
	"Georgia"	"13"	"Jenkins County, GA"	"13165"	"2009"	"2009"	Suppressed	8339	Suppressed
	"Georgia"	"13"	"Jenkins County, GA"	"13165"	"2010"	"2010"	Suppressed	8340	Suppressed
	"Georgia"	"13"	"Jenkins County, GA"	"13165"	"2011"	"2011"	Suppressed	8148	Suppressed
	"Georgia"	"13"	"Jenkins County, GA"	"13165"	"2012"	"2012"	Suppressed	9213	Suppressed
	"Georgia"	"13"	"Jenkins County, GA"	"13165"	"2013"	"2013"	0	9269	Unreliable
	"Georgia"	"13"	"Jenkins County, GA"	"13165"	"2014"	"2014"	0	9125	Unreliable
	"Georgia"	"13"	"Johnson County, GA"	"13167"	"2006"	"2006"	0	9638	Unreliable
	"Georgia"	"13"	"Johnson County, GA"	"13167"	"2007"	"2007"	0	10107	Unreliable
	"Georgia"	"13"	"Johnson County, GA"	"13167"	"2008"	"2008"	0	10127	Unreliable
	"Georgia"	"13"	"Johnson County, GA"	"13167"	"2009"	"2009"	0	9990	Unreliable
	"Georgia"	"13"	"Johnson County, GA"	"13167"	"2010"	"2010"	Suppressed	9980	Suppressed
	"Georgia"	"13"	"Johnson County, GA"	"13167"	"2011"	"2011"	Suppressed	9975	Suppressed
	"Georgia"	"13"	"Johnson County, GA"	"13167"	"2012"	"2012"	0	9897	Unreliable
	"Georgia"	"13"	"Johnson County, GA"	"13167"	"2013"	"2013"	0	9767	Unreliable
	"Georgia"	"13"	"Johnson County, GA"	"13167"	"2014"	"2014"	Suppressed	9701	Suppressed
	"Georgia"	"13"	"Jones County, GA"	"13169"	"2006"	"2006"	Suppressed	27563	Suppressed
	"Georgia"	"13"	"Jones County, GA"	"13169"	"2007"	"2007"	Suppressed	28000	Suppressed
	"Georgia"	"13"	"Jones County, GA"	"13169"	"2008"	"2008"	Suppressed	28552	Suppressed
	"Georgia"	"13"	"Jones County, GA"	"13169"	"2009"	"2009"	Suppressed	28710	Suppressed
	"Georgia"	"13"	"Jones County, GA"	"13169"	"2010"	"2010"	Suppressed	28669	Suppressed
	"Georgia"	"13"	"Jones County, GA"	"13169"	"2011"	"2011"	Suppressed	28516	Suppressed
	"Georgia"	"13"	"Jones County, GA"	"13169"	"2012"	"2012"	Suppressed	28577	Suppressed
	"Georgia"	"13"	"Jones County, GA"	"13169"	"2013"	"2013"	Suppressed	28569	Suppressed
	"Georgia"	"13"	"Jones County, GA"	"13169"	"2014"	"2014"	Suppressed	28787	Suppressed
	"Georgia"	"13"	"Lamar County, GA"	"13171"	"2006"	"2006"	Suppressed	17115	Suppressed
	"Georgia"	"13"	"Lamar County, GA"	"13171"	"2007"	"2007"	Suppressed	17476	Suppressed
	"Georgia"	"13"	"Lamar County, GA"	"13171"	"2008"	"2008"	Suppressed	18025	Suppressed
	"Georgia"	"13"	"Lamar County, GA"	"13171"	"2009"	"2009"	Suppressed	18233	Suppressed
	"Georgia"	"13"	"Lamar County, GA"	"13171"	"2010"	"2010"	Suppressed	18317	Suppressed
	"Georgia"	"13"	"Lamar County, GA"	"13171"	"2011"	"2011"	Suppressed	18194	Suppressed
	"Georgia"	"13"	"Lamar County, GA"	"13171"	"2012"	"2012"	Suppressed	18057	Suppressed
	"Georgia"	"13"	"Lamar County, GA"	"13171"	"2013"	"2013"	Suppressed	17959	Suppressed
	"Georgia"	"13"	"Lamar County, GA"	"13171"	"2014"	"2014"	Suppressed	18207	Suppressed
	"Georgia"	"13"	"Lanier County, GA"	"13173"	"2006"	"2006"	0	8509	Unreliable
	"Georgia"	"13"	"Lanier County, GA"	"13173"	"2007"	"2007"	0	9013	Unreliable
	"Georgia"	"13"	"Lanier County, GA"	"13173"	"2008"	"2008"	0	9560	Unreliable
	"Georgia"	"13"	"Lanier County, GA"	"13173"	"2009"	"2009"	0	9810	Unreliable
	"Georgia"	"13"	"Lanier County, GA"	"13173"	"2010"	"2010"	Suppressed	10078	Suppressed
	"Georgia"	"13"	"Lanier County, GA"	"13173"	"2011"	"2011"	0	10404	Unreliable
	"Georgia"	"13"	"Lanier County, GA"	"13173"	"2012"	"2012"	Suppressed	10400	Suppressed
	"Georgia"	"13"	"Lanier County, GA"	"13173"	"2013"	"2013"	Suppressed	10408	Suppressed
	"Georgia"	"13"	"Lanier County, GA"	"13173"	"2014"	"2014"	Suppressed	10373	Suppressed
	"Georgia"	"13"	"Laurens County, GA"	"13175"	"2006"	"2006"	Suppressed	47287	Suppressed
	"Georgia"	"13"	"Laurens County, GA"	"13175"	"2007"	"2007"	Suppressed	47649	Suppressed
	"Georgia"	"13"	"Laurens County, GA"	"13175"	"2008"	"2008"	Suppressed	48192	Suppressed
	"Georgia"	"13"	"Laurens County, GA"	"13175"	"2009"	"2009"	Suppressed	48601	Suppressed
	"Georgia"	"13"	"Laurens County, GA"	"13175"	"2010"	"2010"	Suppressed	48434	Suppressed
	"Georgia"	"13"	"Laurens County, GA"	"13175"	"2011"	"2011"	Suppressed	47949	Suppressed
	"Georgia"	"13"	"Laurens County, GA"	"13175"	"2012"	"2012"	Suppressed	48041	Suppressed
	"Georgia"	"13"	"Laurens County, GA"	"13175"	"2013"	"2013"	Suppressed	47999	Suppressed
	"Georgia"	"13"	"Laurens County, GA"	"13175"	"2014"	"2014"	Suppressed	47851	Suppressed
	"Georgia"	"13"	"Lee County, GA"	"13177"	"2006"	"2006"	Suppressed	27365	Suppressed
	"Georgia"	"13"	"Lee County, GA"	"13177"	"2007"	"2007"	Suppressed	27792	Suppressed
	"Georgia"	"13"	"Lee County, GA"	"13177"	"2008"	"2008"	Suppressed	28111	Suppressed
	"Georgia"	"13"	"Lee County, GA"	"13177"	"2009"	"2009"	Suppressed	28326	Suppressed
	"Georgia"	"13"	"Lee County, GA"	"13177"	"2010"	"2010"	Suppressed	28298	Suppressed
	"Georgia"	"13"	"Lee County, GA"	"13177"	"2011"	"2011"	0	28575	Unreliable
	"Georgia"	"13"	"Lee County, GA"	"13177"	"2012"	"2012"	Suppressed	28746	Suppressed
	"Georgia"	"13"	"Lee County, GA"	"13177"	"2013"	"2013"	Suppressed	29071	Suppressed
	"Georgia"	"13"	"Lee County, GA"	"13177"	"2014"	"2014"	Suppressed	29191	Suppressed
	"Georgia"	"13"	"Liberty County, GA"	"13179"	"2006"	"2006"	Suppressed	63047	Suppressed
	"Georgia"	"13"	"Liberty County, GA"	"13179"	"2007"	"2007"	Suppressed	63708	Suppressed
	"Georgia"	"13"	"Liberty County, GA"	"13179"	"2008"	"2008"	Suppressed	62635	Suppressed
	"Georgia"	"13"	"Liberty County, GA"	"13179"	"2009"	"2009"	Suppressed	67061	Suppressed
	"Georgia"	"13"	"Liberty County, GA"	"13179"	"2010"	"2010"	Suppressed	63453	Suppressed
	"Georgia"	"13"	"Liberty County, GA"	"13179"	"2011"	"2011"	Suppressed	65451	Suppressed
	"Georgia"	"13"	"Liberty County, GA"	"13179"	"2012"	"2012"	Suppressed	65471	Suppressed
	"Georgia"	"13"	"Liberty County, GA"	"13179"	"2013"	"2013"	Suppressed	64135	Suppressed
	"Georgia"	"13"	"Liberty County, GA"	"13179"	"2014"	"2014"	Suppressed	65198	Suppressed
	"Georgia"	"13"	"Lincoln County, GA"	"13181"	"2006"	"2006"	Suppressed	8198	Suppressed
	"Georgia"	"13"	"Lincoln County, GA"	"13181"	"2007"	"2007"	Suppressed	8161	Suppressed
	"Georgia"	"13"	"Lincoln County, GA"	"13181"	"2008"	"2008"	Suppressed	8156	Suppressed
	"Georgia"	"13"	"Lincoln County, GA"	"13181"	"2009"	"2009"	Suppressed	8073	Suppressed
	"Georgia"	"13"	"Lincoln County, GA"	"13181"	"2010"	"2010"	Suppressed	7996	Suppressed
	"Georgia"	"13"	"Lincoln County, GA"	"13181"	"2011"	"2011"	Suppressed	7862	Suppressed
	"Georgia"	"13"	"Lincoln County, GA"	"13181"	"2012"	"2012"	Suppressed	7737	Suppressed
	"Georgia"	"13"	"Lincoln County, GA"	"13181"	"2013"	"2013"	0	7751	Unreliable
	"Georgia"	"13"	"Lincoln County, GA"	"13181"	"2014"	"2014"	0	7622	Unreliable
	"Georgia"	"13"	"Long County, GA"	"13183"	"2006"	"2006"	Suppressed	12152	Suppressed
	"Georgia"	"13"	"Long County, GA"	"13183"	"2007"	"2007"	Suppressed	12381	Suppressed
	"Georgia"	"13"	"Long County, GA"	"13183"	"2008"	"2008"	Suppressed	12744	Suppressed
	"Georgia"	"13"	"Long County, GA"	"13183"	"2009"	"2009"	Suppressed	13787	Suppressed
	"Georgia"	"13"	"Long County, GA"	"13183"	"2010"	"2010"	Suppressed	14464	Suppressed
	"Georgia"	"13"	"Long County, GA"	"13183"	"2011"	"2011"	Suppressed	15136	Suppressed
	"Georgia"	"13"	"Long County, GA"	"13183"	"2012"	"2012"	0	16048	Unreliable
	"Georgia"	"13"	"Long County, GA"	"13183"	"2013"	"2013"	Suppressed	16624	Suppressed
	"Georgia"	"13"	"Long County, GA"	"13183"	"2014"	"2014"	Suppressed	17113	Suppressed
	"Georgia"	"13"	"Lowndes County, GA"	"13185"	"2006"	"2006"	Suppressed	100592	Suppressed
	"Georgia"	"13"	"Lowndes County, GA"	"13185"	"2007"	"2007"	Suppressed	101752	Suppressed
	"Georgia"	"13"	"Lowndes County, GA"	"13185"	"2008"	"2008"	Suppressed	104918	Suppressed
	"Georgia"	"13"	"Lowndes County, GA"	"13185"	"2009"	"2009"	Suppressed	107583	Suppressed
	"Georgia"	"13"	"Lowndes County, GA"	"13185"	"2010"	"2010"	Suppressed	109233	Suppressed
	"Georgia"	"13"	"Lowndes County, GA"	"13185"	"2011"	"2011"	Suppressed	111885	Suppressed
	"Georgia"	"13"	"Lowndes County, GA"	"13185"	"2012"	"2012"	Suppressed	114552	Suppressed
	"Georgia"	"13"	"Lowndes County, GA"	"13185"	"2013"	"2013"	Suppressed	112916	Suppressed
	"Georgia"	"13"	"Lowndes County, GA"	"13185"	"2014"	"2014"	Suppressed	113523	Suppressed
	"Georgia"	"13"	"Lumpkin County, GA"	"13187"	"2006"	"2006"	0	27300	Unreliable
	"Georgia"	"13"	"Lumpkin County, GA"	"13187"	"2007"	"2007"	Suppressed	28228	Suppressed
	"Georgia"	"13"	"Lumpkin County, GA"	"13187"	"2008"	"2008"	Suppressed	29128	Suppressed
	"Georgia"	"13"	"Lumpkin County, GA"	"13187"	"2009"	"2009"	Suppressed	29723	Suppressed
	"Georgia"	"13"	"Lumpkin County, GA"	"13187"	"2010"	"2010"	Suppressed	29966	Suppressed
	"Georgia"	"13"	"Lumpkin County, GA"	"13187"	"2011"	"2011"	Suppressed	30031	Suppressed
	"Georgia"	"13"	"Lumpkin County, GA"	"13187"	"2012"	"2012"	Suppressed	30611	Suppressed
	"Georgia"	"13"	"Lumpkin County, GA"	"13187"	"2013"	"2013"	Suppressed	30918	Suppressed
	"Georgia"	"13"	"Lumpkin County, GA"	"13187"	"2014"	"2014"	Suppressed	31176	Suppressed
	"Georgia"	"13"	"McDuffie County, GA"	"13189"	"2006"	"2006"	Suppressed	21564	Suppressed
	"Georgia"	"13"	"McDuffie County, GA"	"13189"	"2007"	"2007"	Suppressed	21527	Suppressed
	"Georgia"	"13"	"McDuffie County, GA"	"13189"	"2008"	"2008"	Suppressed	21790	Suppressed
	"Georgia"	"13"	"McDuffie County, GA"	"13189"	"2009"	"2009"	Suppressed	21836	Suppressed
	"Georgia"	"13"	"McDuffie County, GA"	"13189"	"2010"	"2010"	Suppressed	21875	Suppressed
	"Georgia"	"13"	"McDuffie County, GA"	"13189"	"2011"	"2011"	0	21673	Unreliable
	"Georgia"	"13"	"McDuffie County, GA"	"13189"	"2012"	"2012"	Suppressed	21663	Suppressed
	"Georgia"	"13"	"McDuffie County, GA"	"13189"	"2013"	"2013"	Suppressed	21565	Suppressed
	"Georgia"	"13"	"McDuffie County, GA"	"13189"	"2014"	"2014"	Suppressed	21370	Suppressed
	"Georgia"	"13"	"McIntosh County, GA"	"13191"	"2006"	"2006"	Suppressed	12950	Suppressed
	"Georgia"	"13"	"McIntosh County, GA"	"13191"	"2007"	"2007"	Suppressed	13623	Suppressed
	"Georgia"	"13"	"McIntosh County, GA"	"13191"	"2008"	"2008"	Suppressed	13973	Suppressed
	"Georgia"	"13"	"McIntosh County, GA"	"13191"	"2009"	"2009"	Suppressed	14268	Suppressed
	"Georgia"	"13"	"McIntosh County, GA"	"13191"	"2010"	"2010"	Suppressed	14333	Suppressed
	"Georgia"	"13"	"McIntosh County, GA"	"13191"	"2011"	"2011"	Suppressed	14170	Suppressed
	"Georgia"	"13"	"McIntosh County, GA"	"13191"	"2012"	"2012"	Suppressed	13839	Suppressed
	"Georgia"	"13"	"McIntosh County, GA"	"13191"	"2013"	"2013"	0	14007	Unreliable
	"Georgia"	"13"	"McIntosh County, GA"	"13191"	"2014"	"2014"	Suppressed	14214	Suppressed
	"Georgia"	"13"	"Macon County, GA"	"13193"	"2006"	"2006"	Suppressed	14364	Suppressed
	"Georgia"	"13"	"Macon County, GA"	"13193"	"2007"	"2007"	Suppressed	14402	Suppressed
	"Georgia"	"13"	"Macon County, GA"	"13193"	"2008"	"2008"	Suppressed	14496	Suppressed
	"Georgia"	"13"	"Macon County, GA"	"13193"	"2009"	"2009"	Suppressed	14842	Suppressed
	"Georgia"	"13"	"Macon County, GA"	"13193"	"2010"	"2010"	Suppressed	14740	Suppressed
	"Georgia"	"13"	"Macon County, GA"	"13193"	"2011"	"2011"	0	14405	Unreliable
	"Georgia"	"13"	"Macon County, GA"	"13193"	"2012"	"2012"	0	14263	Unreliable
	"Georgia"	"13"	"Macon County, GA"	"13193"	"2013"	"2013"	Suppressed	14009	Suppressed
	"Georgia"	"13"	"Macon County, GA"	"13193"	"2014"	"2014"	0	13792	Unreliable
	"Georgia"	"13"	"Madison County, GA"	"13195"	"2006"	"2006"	Suppressed	27347	Suppressed
	"Georgia"	"13"	"Madison County, GA"	"13195"	"2007"	"2007"	Suppressed	27649	Suppressed
	"Georgia"	"13"	"Madison County, GA"	"13195"	"2008"	"2008"	Suppressed	27820	Suppressed
	"Georgia"	"13"	"Madison County, GA"	"13195"	"2009"	"2009"	Suppressed	28008	Suppressed
	"Georgia"	"13"	"Madison County, GA"	"13195"	"2010"	"2010"	Suppressed	28120	Suppressed
	"Georgia"	"13"	"Madison County, GA"	"13195"	"2011"	"2011"	Suppressed	27921	Suppressed
	"Georgia"	"13"	"Madison County, GA"	"13195"	"2012"	"2012"	Suppressed	27922	Suppressed
	"Georgia"	"13"	"Madison County, GA"	"13195"	"2013"	"2013"	Suppressed	28057	Suppressed
	"Georgia"	"13"	"Madison County, GA"	"13195"	"2014"	"2014"	12	28312	Unreliable
	"Georgia"	"13"	"Marion County, GA"	"13197"	"2006"	"2006"	0	8089	Unreliable
	"Georgia"	"13"	"Marion County, GA"	"13197"	"2007"	"2007"	Suppressed	8255	Suppressed
	"Georgia"	"13"	"Marion County, GA"	"13197"	"2008"	"2008"	0	8357	Unreliable
	"Georgia"	"13"	"Marion County, GA"	"13197"	"2009"	"2009"	0	8561	Unreliable
	"Georgia"	"13"	"Marion County, GA"	"13197"	"2010"	"2010"	Suppressed	8742	Suppressed
	"Georgia"	"13"	"Marion County, GA"	"13197"	"2011"	"2011"	0	8746	Unreliable
	"Georgia"	"13"	"Marion County, GA"	"13197"	"2012"	"2012"	0	8711	Unreliable
	"Georgia"	"13"	"Marion County, GA"	"13197"	"2013"	"2013"	Suppressed	8640	Suppressed
	"Georgia"	"13"	"Marion County, GA"	"13197"	"2014"	"2014"	Suppressed	8797	Suppressed
	"Georgia"	"13"	"Meriwether County, GA"	"13199"	"2006"	"2006"	Suppressed	22694	Suppressed
	"Georgia"	"13"	"Meriwether County, GA"	"13199"	"2007"	"2007"	Suppressed	22506	Suppressed
	"Georgia"	"13"	"Meriwether County, GA"	"13199"	"2008"	"2008"	Suppressed	22632	Suppressed
	"Georgia"	"13"	"Meriwether County, GA"	"13199"	"2009"	"2009"	Suppressed	22446	Suppressed
	"Georgia"	"13"	"Meriwether County, GA"	"13199"	"2010"	"2010"	Suppressed	21992	Suppressed
	"Georgia"	"13"	"Meriwether County, GA"	"13199"	"2011"	"2011"	Suppressed	21617	Suppressed
	"Georgia"	"13"	"Meriwether County, GA"	"13199"	"2012"	"2012"	Suppressed	21273	Suppressed
	"Georgia"	"13"	"Meriwether County, GA"	"13199"	"2013"	"2013"	Suppressed	21232	Suppressed
	"Georgia"	"13"	"Meriwether County, GA"	"13199"	"2014"	"2014"	Suppressed	21198	Suppressed
	"Georgia"	"13"	"Miller County, GA"	"13201"	"2006"	"2006"	Suppressed	6104	Suppressed
	"Georgia"	"13"	"Miller County, GA"	"13201"	"2007"	"2007"	0	6124	Unreliable
	"Georgia"	"13"	"Miller County, GA"	"13201"	"2008"	"2008"	Suppressed	6158	Suppressed
	"Georgia"	"13"	"Miller County, GA"	"13201"	"2009"	"2009"	Suppressed	6131	Suppressed
	"Georgia"	"13"	"Miller County, GA"	"13201"	"2010"	"2010"	0	6125	Unreliable
	"Georgia"	"13"	"Miller County, GA"	"13201"	"2011"	"2011"	0	6141	Unreliable
	"Georgia"	"13"	"Miller County, GA"	"13201"	"2012"	"2012"	Suppressed	5969	Suppressed
	"Georgia"	"13"	"Miller County, GA"	"13201"	"2013"	"2013"	0	5932	Unreliable
	"Georgia"	"13"	"Miller County, GA"	"13201"	"2014"	"2014"	Suppressed	5958	Suppressed
	"Georgia"	"13"	"Mitchell County, GA"	"13205"	"2006"	"2006"	0	23579	Unreliable
	"Georgia"	"13"	"Mitchell County, GA"	"13205"	"2007"	"2007"	Suppressed	23974	Suppressed
	"Georgia"	"13"	"Mitchell County, GA"	"13205"	"2008"	"2008"	Suppressed	23840	Suppressed
	"Georgia"	"13"	"Mitchell County, GA"	"13205"	"2009"	"2009"	Suppressed	23592	Suppressed
	"Georgia"	"13"	"Mitchell County, GA"	"13205"	"2010"	"2010"	Suppressed	23498	Suppressed
	"Georgia"	"13"	"Mitchell County, GA"	"13205"	"2011"	"2011"	Suppressed	23462	Suppressed
	"Georgia"	"13"	"Mitchell County, GA"	"13205"	"2012"	"2012"	0	23144	Unreliable
	"Georgia"	"13"	"Mitchell County, GA"	"13205"	"2013"	"2013"	Suppressed	23045	Suppressed
	"Georgia"	"13"	"Mitchell County, GA"	"13205"	"2014"	"2014"	Suppressed	22771	Suppressed
	"Georgia"	"13"	"Monroe County, GA"	"13207"	"2006"	"2006"	Suppressed	24924	Suppressed
	"Georgia"	"13"	"Monroe County, GA"	"13207"	"2007"	"2007"	Suppressed	25726	Suppressed
	"Georgia"	"13"	"Monroe County, GA"	"13207"	"2008"	"2008"	Suppressed	25969	Suppressed
	"Georgia"	"13"	"Monroe County, GA"	"13207"	"2009"	"2009"	Suppressed	26233	Suppressed
	"Georgia"	"13"	"Monroe County, GA"	"13207"	"2010"	"2010"	Suppressed	26424	Suppressed
	"Georgia"	"13"	"Monroe County, GA"	"13207"	"2011"	"2011"	Suppressed	26625	Suppressed
	"Georgia"	"13"	"Monroe County, GA"	"13207"	"2012"	"2012"	Suppressed	26637	Suppressed
	"Georgia"	"13"	"Monroe County, GA"	"13207"	"2013"	"2013"	Suppressed	26984	Suppressed
	"Georgia"	"13"	"Monroe County, GA"	"13207"	"2014"	"2014"	Suppressed	27051	Suppressed
	"Georgia"	"13"	"Montgomery County, GA"	"13209"	"2006"	"2006"	0	9165	Unreliable
	"Georgia"	"13"	"Montgomery County, GA"	"13209"	"2007"	"2007"	Suppressed	9175	Suppressed
	"Georgia"	"13"	"Montgomery County, GA"	"13209"	"2008"	"2008"	0	9100	Unreliable
	"Georgia"	"13"	"Montgomery County, GA"	"13209"	"2009"	"2009"	0	9136	Unreliable
	"Georgia"	"13"	"Montgomery County, GA"	"13209"	"2010"	"2010"	Suppressed	9123	Suppressed
	"Georgia"	"13"	"Montgomery County, GA"	"13209"	"2011"	"2011"	Suppressed	9065	Suppressed
	"Georgia"	"13"	"Montgomery County, GA"	"13209"	"2012"	"2012"	Suppressed	8913	Suppressed
	"Georgia"	"13"	"Montgomery County, GA"	"13209"	"2013"	"2013"	0	9021	Unreliable
	"Georgia"	"13"	"Montgomery County, GA"	"13209"	"2014"	"2014"	Suppressed	8991	Suppressed
	"Georgia"	"13"	"Morgan County, GA"	"13211"	"2006"	"2006"	Suppressed	17316	Suppressed
	"Georgia"	"13"	"Morgan County, GA"	"13211"	"2007"	"2007"	Suppressed	17648	Suppressed
	"Georgia"	"13"	"Morgan County, GA"	"13211"	"2008"	"2008"	Suppressed	17958	Suppressed
	"Georgia"	"13"	"Morgan County, GA"	"13211"	"2009"	"2009"	Suppressed	17921	Suppressed
	"Georgia"	"13"	"Morgan County, GA"	"13211"	"2010"	"2010"	Suppressed	17868	Suppressed
	"Georgia"	"13"	"Morgan County, GA"	"13211"	"2011"	"2011"	Suppressed	17961	Suppressed
	"Georgia"	"13"	"Morgan County, GA"	"13211"	"2012"	"2012"	0	17881	Unreliable
	"Georgia"	"13"	"Morgan County, GA"	"13211"	"2013"	"2013"	Suppressed	17781	Suppressed
	"Georgia"	"13"	"Morgan County, GA"	"13211"	"2014"	"2014"	Suppressed	17956	Suppressed
	"Georgia"	"13"	"Murray County, GA"	"13213"	"2006"	"2006"	Suppressed	40173	Suppressed
	"Georgia"	"13"	"Murray County, GA"	"13213"	"2007"	"2007"	10	40138	Unreliable
	"Georgia"	"13"	"Murray County, GA"	"13213"	"2008"	"2008"	11	39869	Unreliable
	"Georgia"	"13"	"Murray County, GA"	"13213"	"2009"	"2009"	Suppressed	39888	Suppressed
	"Georgia"	"13"	"Murray County, GA"	"13213"	"2010"	"2010"	10	39628	Unreliable
	"Georgia"	"13"	"Murray County, GA"	"13213"	"2011"	"2011"	16	39557	Unreliable
	"Georgia"	"13"	"Murray County, GA"	"13213"	"2012"	"2012"	10	39392	Unreliable
	"Georgia"	"13"	"Murray County, GA"	"13213"	"2013"	"2013"	11	39267	Unreliable
	"Georgia"	"13"	"Murray County, GA"	"13213"	"2014"	"2014"	11	39410	Unreliable
	"Georgia"	"13"	"Muscogee County, GA"	"13215"	"2006"	"2006"	Suppressed	189464	Suppressed
	"Georgia"	"13"	"Muscogee County, GA"	"13215"	"2007"	"2007"	Suppressed	184704	Suppressed
	"Georgia"	"13"	"Muscogee County, GA"	"13215"	"2008"	"2008"	14	184763	Unreliable
	"Georgia"	"13"	"Muscogee County, GA"	"13215"	"2009"	"2009"	19	188796	Unreliable
	"Georgia"	"13"	"Muscogee County, GA"	"13215"	"2010"	"2010"	27	189885	14.2
	"Georgia"	"13"	"Muscogee County, GA"	"13215"	"2011"	"2011"	21	194107	10.8
	"Georgia"	"13"	"Muscogee County, GA"	"13215"	"2012"	"2012"	22	198413	11.1
	"Georgia"	"13"	"Muscogee County, GA"	"13215"	"2013"	"2013"	16	202824	Unreliable
	"Georgia"	"13"	"Muscogee County, GA"	"13215"	"2014"	"2014"	23	200887	11.4
	"Georgia"	"13"	"Newton County, GA"	"13217"	"2006"	"2006"	Suppressed	90647	Suppressed
	"Georgia"	"13"	"Newton County, GA"	"13217"	"2007"	"2007"	12	95699	Unreliable
	"Georgia"	"13"	"Newton County, GA"	"13217"	"2008"	"2008"	Suppressed	98240	Suppressed
	"Georgia"	"13"	"Newton County, GA"	"13217"	"2009"	"2009"	14	99494	Unreliable
	"Georgia"	"13"	"Newton County, GA"	"13217"	"2010"	"2010"	Suppressed	99958	Suppressed
	"Georgia"	"13"	"Newton County, GA"	"13217"	"2011"	"2011"	15	100814	Unreliable
	"Georgia"	"13"	"Newton County, GA"	"13217"	"2012"	"2012"	Suppressed	101505	Suppressed
	"Georgia"	"13"	"Newton County, GA"	"13217"	"2013"	"2013"	13	102446	Unreliable
	"Georgia"	"13"	"Newton County, GA"	"13217"	"2014"	"2014"	Suppressed	103675	Suppressed
	"Georgia"	"13"	"Oconee County, GA"	"13219"	"2006"	"2006"	Suppressed	29720	Suppressed
	"Georgia"	"13"	"Oconee County, GA"	"13219"	"2007"	"2007"	0	30755	Unreliable
	"Georgia"	"13"	"Oconee County, GA"	"13219"	"2008"	"2008"	Suppressed	31697	Suppressed
	"Georgia"	"13"	"Oconee County, GA"	"13219"	"2009"	"2009"	Suppressed	32386	Suppressed
	"Georgia"	"13"	"Oconee County, GA"	"13219"	"2010"	"2010"	Suppressed	32808	Suppressed
	"Georgia"	"13"	"Oconee County, GA"	"13219"	"2011"	"2011"	Suppressed	33366	Suppressed
	"Georgia"	"13"	"Oconee County, GA"	"13219"	"2012"	"2012"	Suppressed	33619	Suppressed
	"Georgia"	"13"	"Oconee County, GA"	"13219"	"2013"	"2013"	Suppressed	34035	Suppressed
	"Georgia"	"13"	"Oconee County, GA"	"13219"	"2014"	"2014"	Suppressed	35093	Suppressed
	"Georgia"	"13"	"Oglethorpe County, GA"	"13221"	"2006"	"2006"	0	14030	Unreliable
	"Georgia"	"13"	"Oglethorpe County, GA"	"13221"	"2007"	"2007"	Suppressed	14382	Suppressed
	"Georgia"	"13"	"Oglethorpe County, GA"	"13221"	"2008"	"2008"	Suppressed	14663	Suppressed
	"Georgia"	"13"	"Oglethorpe County, GA"	"13221"	"2009"	"2009"	Suppressed	14784	Suppressed
	"Georgia"	"13"	"Oglethorpe County, GA"	"13221"	"2010"	"2010"	Suppressed	14899	Suppressed
	"Georgia"	"13"	"Oglethorpe County, GA"	"13221"	"2011"	"2011"	Suppressed	14686	Suppressed
	"Georgia"	"13"	"Oglethorpe County, GA"	"13221"	"2012"	"2012"	Suppressed	14618	Suppressed
	"Georgia"	"13"	"Oglethorpe County, GA"	"13221"	"2013"	"2013"	0	14548	Unreliable
	"Georgia"	"13"	"Oglethorpe County, GA"	"13221"	"2014"	"2014"	Suppressed	14673	Suppressed
	"Georgia"	"13"	"Paulding County, GA"	"13223"	"2006"	"2006"	20	122635	16.3
	"Georgia"	"13"	"Paulding County, GA"	"13223"	"2007"	"2007"	20	131172	15.2
	"Georgia"	"13"	"Paulding County, GA"	"13223"	"2008"	"2008"	19	137066	Unreliable
	"Georgia"	"13"	"Paulding County, GA"	"13223"	"2009"	"2009"	24	140761	17.1
	"Georgia"	"13"	"Paulding County, GA"	"13223"	"2010"	"2010"	35	142324	24.6
	"Georgia"	"13"	"Paulding County, GA"	"13223"	"2011"	"2011"	22	143542	15.3
	"Georgia"	"13"	"Paulding County, GA"	"13223"	"2012"	"2012"	27	144800	18.6
	"Georgia"	"13"	"Paulding County, GA"	"13223"	"2013"	"2013"	14	146950	Unreliable
	"Georgia"	"13"	"Paulding County, GA"	"13223"	"2014"	"2014"	32	148987	21.5
	"Georgia"	"13"	"Peach County, GA"	"13225"	"2006"	"2006"	Suppressed	25510	Suppressed
	"Georgia"	"13"	"Peach County, GA"	"13225"	"2007"	"2007"	0	26467	Unreliable
	"Georgia"	"13"	"Peach County, GA"	"13225"	"2008"	"2008"	Suppressed	27222	Suppressed
	"Georgia"	"13"	"Peach County, GA"	"13225"	"2009"	"2009"	Suppressed	27474	Suppressed
	"Georgia"	"13"	"Peach County, GA"	"13225"	"2010"	"2010"	Suppressed	27695	Suppressed
	"Georgia"	"13"	"Peach County, GA"	"13225"	"2011"	"2011"	Suppressed	27823	Suppressed
	"Georgia"	"13"	"Peach County, GA"	"13225"	"2012"	"2012"	0	27622	Unreliable
	"Georgia"	"13"	"Peach County, GA"	"13225"	"2013"	"2013"	Suppressed	27014	Suppressed
	"Georgia"	"13"	"Peach County, GA"	"13225"	"2014"	"2014"	0	26922	Unreliable
	"Georgia"	"13"	"Pickens County, GA"	"13227"	"2006"	"2006"	Suppressed	28169	Suppressed
	"Georgia"	"13"	"Pickens County, GA"	"13227"	"2007"	"2007"	Suppressed	29095	Suppressed
	"Georgia"	"13"	"Pickens County, GA"	"13227"	"2008"	"2008"	Suppressed	29531	Suppressed
	"Georgia"	"13"	"Pickens County, GA"	"13227"	"2009"	"2009"	Suppressed	29542	Suppressed
	"Georgia"	"13"	"Pickens County, GA"	"13227"	"2010"	"2010"	Suppressed	29431	Suppressed
	"Georgia"	"13"	"Pickens County, GA"	"13227"	"2011"	"2011"	Suppressed	29415	Suppressed
	"Georgia"	"13"	"Pickens County, GA"	"13227"	"2012"	"2012"	Suppressed	29268	Suppressed
	"Georgia"	"13"	"Pickens County, GA"	"13227"	"2013"	"2013"	Suppressed	29584	Suppressed
	"Georgia"	"13"	"Pickens County, GA"	"13227"	"2014"	"2014"	Suppressed	29997	Suppressed
	"Georgia"	"13"	"Pierce County, GA"	"13229"	"2006"	"2006"	Suppressed	17502	Suppressed
	"Georgia"	"13"	"Pierce County, GA"	"13229"	"2007"	"2007"	Suppressed	17933	Suppressed
	"Georgia"	"13"	"Pierce County, GA"	"13229"	"2008"	"2008"	Suppressed	18210	Suppressed
	"Georgia"	"13"	"Pierce County, GA"	"13229"	"2009"	"2009"	Suppressed	18564	Suppressed
	"Georgia"	"13"	"Pierce County, GA"	"13229"	"2010"	"2010"	Suppressed	18758	Suppressed
	"Georgia"	"13"	"Pierce County, GA"	"13229"	"2011"	"2011"	Suppressed	18770	Suppressed
	"Georgia"	"13"	"Pierce County, GA"	"13229"	"2012"	"2012"	Suppressed	18844	Suppressed
	"Georgia"	"13"	"Pierce County, GA"	"13229"	"2013"	"2013"	Suppressed	18938	Suppressed
	"Georgia"	"13"	"Pierce County, GA"	"13229"	"2014"	"2014"	Suppressed	18991	Suppressed
	"Georgia"	"13"	"Pike County, GA"	"13231"	"2006"	"2006"	Suppressed	16590	Suppressed
	"Georgia"	"13"	"Pike County, GA"	"13231"	"2007"	"2007"	Suppressed	17220	Suppressed
	"Georgia"	"13"	"Pike County, GA"	"13231"	"2008"	"2008"	0	17619	Unreliable
	"Georgia"	"13"	"Pike County, GA"	"13231"	"2009"	"2009"	Suppressed	17721	Suppressed
	"Georgia"	"13"	"Pike County, GA"	"13231"	"2010"	"2010"	Suppressed	17869	Suppressed
	"Georgia"	"13"	"Pike County, GA"	"13231"	"2011"	"2011"	Suppressed	17751	Suppressed
	"Georgia"	"13"	"Pike County, GA"	"13231"	"2012"	"2012"	0	17810	Unreliable
	"Georgia"	"13"	"Pike County, GA"	"13231"	"2013"	"2013"	Suppressed	17796	Suppressed
	"Georgia"	"13"	"Pike County, GA"	"13231"	"2014"	"2014"	Suppressed	17784	Suppressed
	"Georgia"	"13"	"Polk County, GA"	"13233"	"2006"	"2006"	Suppressed	40372	Suppressed
	"Georgia"	"13"	"Polk County, GA"	"13233"	"2007"	"2007"	Suppressed	40789	Suppressed
	"Georgia"	"13"	"Polk County, GA"	"13233"	"2008"	"2008"	Suppressed	41407	Suppressed
	"Georgia"	"13"	"Polk County, GA"	"13233"	"2009"	"2009"	Suppressed	41386	Suppressed
	"Georgia"	"13"	"Polk County, GA"	"13233"	"2010"	"2010"	11	41475	Unreliable
	"Georgia"	"13"	"Polk County, GA"	"13233"	"2011"	"2011"	Suppressed	41211	Suppressed
	"Georgia"	"13"	"Polk County, GA"	"13233"	"2012"	"2012"	Suppressed	41188	Suppressed
	"Georgia"	"13"	"Polk County, GA"	"13233"	"2013"	"2013"	Suppressed	41183	Suppressed
	"Georgia"	"13"	"Polk County, GA"	"13233"	"2014"	"2014"	Suppressed	41133	Suppressed
	"Georgia"	"13"	"Pulaski County, GA"	"13235"	"2006"	"2006"	Suppressed	11183	Suppressed
	"Georgia"	"13"	"Pulaski County, GA"	"13235"	"2007"	"2007"	Suppressed	11445	Suppressed
	"Georgia"	"13"	"Pulaski County, GA"	"13235"	"2008"	"2008"	0	11638	Unreliable
	"Georgia"	"13"	"Pulaski County, GA"	"13235"	"2009"	"2009"	0	11903	Unreliable
	"Georgia"	"13"	"Pulaski County, GA"	"13235"	"2010"	"2010"	0	12010	Unreliable
	"Georgia"	"13"	"Pulaski County, GA"	"13235"	"2011"	"2011"	Suppressed	11735	Suppressed
	"Georgia"	"13"	"Pulaski County, GA"	"13235"	"2012"	"2012"	0	11720	Unreliable
	"Georgia"	"13"	"Pulaski County, GA"	"13235"	"2013"	"2013"	Suppressed	11542	Suppressed
	"Georgia"	"13"	"Pulaski County, GA"	"13235"	"2014"	"2014"	0	11483	Unreliable
	"Georgia"	"13"	"Putnam County, GA"	"13237"	"2006"	"2006"	Suppressed	20368	Suppressed
	"Georgia"	"13"	"Putnam County, GA"	"13237"	"2007"	"2007"	0	20800	Unreliable
	"Georgia"	"13"	"Putnam County, GA"	"13237"	"2008"	"2008"	0	21075	Unreliable
	"Georgia"	"13"	"Putnam County, GA"	"13237"	"2009"	"2009"	Suppressed	21179	Suppressed
	"Georgia"	"13"	"Putnam County, GA"	"13237"	"2010"	"2010"	Suppressed	21218	Suppressed
	"Georgia"	"13"	"Putnam County, GA"	"13237"	"2011"	"2011"	Suppressed	21345	Suppressed
	"Georgia"	"13"	"Putnam County, GA"	"13237"	"2012"	"2012"	Suppressed	21198	Suppressed
	"Georgia"	"13"	"Putnam County, GA"	"13237"	"2013"	"2013"	Suppressed	21371	Suppressed
	"Georgia"	"13"	"Putnam County, GA"	"13237"	"2014"	"2014"	0	21192	Unreliable
	"Georgia"	"13"	"Quitman County, GA"	"13239"	"2006"	"2006"	Suppressed	2545	Suppressed
	"Georgia"	"13"	"Quitman County, GA"	"13239"	"2007"	"2007"	0	2529	Unreliable
	"Georgia"	"13"	"Quitman County, GA"	"13239"	"2008"	"2008"	0	2547	Unreliable
	"Georgia"	"13"	"Quitman County, GA"	"13239"	"2009"	"2009"	0	2497	Unreliable
	"Georgia"	"13"	"Quitman County, GA"	"13239"	"2010"	"2010"	0	2513	Unreliable
	"Georgia"	"13"	"Quitman County, GA"	"13239"	"2011"	"2011"	0	2464	Unreliable
	"Georgia"	"13"	"Quitman County, GA"	"13239"	"2012"	"2012"	0	2404	Unreliable
	"Georgia"	"13"	"Quitman County, GA"	"13239"	"2013"	"2013"	Suppressed	2367	Suppressed
	"Georgia"	"13"	"Quitman County, GA"	"13239"	"2014"	"2014"	0	2315	Unreliable
	"Georgia"	"13"	"Rabun County, GA"	"13241"	"2006"	"2006"	Suppressed	16090	Suppressed
	"Georgia"	"13"	"Rabun County, GA"	"13241"	"2007"	"2007"	Suppressed	16306	Suppressed
	"Georgia"	"13"	"Rabun County, GA"	"13241"	"2008"	"2008"	Suppressed	16359	Suppressed
	"Georgia"	"13"	"Rabun County, GA"	"13241"	"2009"	"2009"	Suppressed	16295	Suppressed
	"Georgia"	"13"	"Rabun County, GA"	"13241"	"2010"	"2010"	Suppressed	16276	Suppressed
	"Georgia"	"13"	"Rabun County, GA"	"13241"	"2011"	"2011"	Suppressed	16274	Suppressed
	"Georgia"	"13"	"Rabun County, GA"	"13241"	"2012"	"2012"	Suppressed	16297	Suppressed
	"Georgia"	"13"	"Rabun County, GA"	"13241"	"2013"	"2013"	Suppressed	16235	Suppressed
	"Georgia"	"13"	"Rabun County, GA"	"13241"	"2014"	"2014"	Suppressed	16243	Suppressed
	"Georgia"	"13"	"Randolph County, GA"	"13243"	"2006"	"2006"	0	7786	Unreliable
	"Georgia"	"13"	"Randolph County, GA"	"13243"	"2007"	"2007"	0	7758	Unreliable
	"Georgia"	"13"	"Randolph County, GA"	"13243"	"2008"	"2008"	0	7645	Unreliable
	"Georgia"	"13"	"Randolph County, GA"	"13243"	"2009"	"2009"	0	7736	Unreliable
	"Georgia"	"13"	"Randolph County, GA"	"13243"	"2010"	"2010"	0	7719	Unreliable
	"Georgia"	"13"	"Randolph County, GA"	"13243"	"2011"	"2011"	0	7558	Unreliable
	"Georgia"	"13"	"Randolph County, GA"	"13243"	"2012"	"2012"	0	7327	Unreliable
	"Georgia"	"13"	"Randolph County, GA"	"13243"	"2013"	"2013"	0	7197	Unreliable
	"Georgia"	"13"	"Randolph County, GA"	"13243"	"2014"	"2014"	0	7313	Unreliable
	"Georgia"	"13"	"Richmond County, GA"	"13245"	"2006"	"2006"	25	196449	12.7
	"Georgia"	"13"	"Richmond County, GA"	"13245"	"2007"	"2007"	20	196483	10.2
	"Georgia"	"13"	"Richmond County, GA"	"13245"	"2008"	"2008"	22	198423	11.1
	"Georgia"	"13"	"Richmond County, GA"	"13245"	"2009"	"2009"	25	198489	12.6
	"Georgia"	"13"	"Richmond County, GA"	"13245"	"2010"	"2010"	39	200549	19.4
	"Georgia"	"13"	"Richmond County, GA"	"13245"	"2011"	"2011"	25	201217	12.4
	"Georgia"	"13"	"Richmond County, GA"	"13245"	"2012"	"2012"	32	202587	15.8
	"Georgia"	"13"	"Richmond County, GA"	"13245"	"2013"	"2013"	20	202003	9.9
	"Georgia"	"13"	"Richmond County, GA"	"13245"	"2014"	"2014"	27	201368	13.4
	"Georgia"	"13"	"Rockdale County, GA"	"13247"	"2006"	"2006"	11	79911	Unreliable
	"Georgia"	"13"	"Rockdale County, GA"	"13247"	"2007"	"2007"	12	82146	Unreliable
	"Georgia"	"13"	"Rockdale County, GA"	"13247"	"2008"	"2008"	Suppressed	83558	Suppressed
	"Georgia"	"13"	"Rockdale County, GA"	"13247"	"2009"	"2009"	Suppressed	84625	Suppressed
	"Georgia"	"13"	"Rockdale County, GA"	"13247"	"2010"	"2010"	Suppressed	85215	Suppressed
	"Georgia"	"13"	"Rockdale County, GA"	"13247"	"2011"	"2011"	11	85765	Unreliable
	"Georgia"	"13"	"Rockdale County, GA"	"13247"	"2012"	"2012"	12	85820	Unreliable
	"Georgia"	"13"	"Rockdale County, GA"	"13247"	"2013"	"2013"	11	86919	Unreliable
	"Georgia"	"13"	"Rockdale County, GA"	"13247"	"2014"	"2014"	11	87754	Unreliable
	"Georgia"	"13"	"Schley County, GA"	"13249"	"2006"	"2006"	0	4374	Unreliable
	"Georgia"	"13"	"Schley County, GA"	"13249"	"2007"	"2007"	0	4601	Unreliable
	"Georgia"	"13"	"Schley County, GA"	"13249"	"2008"	"2008"	0	4835	Unreliable
	"Georgia"	"13"	"Schley County, GA"	"13249"	"2009"	"2009"	0	4954	Unreliable
	"Georgia"	"13"	"Schley County, GA"	"13249"	"2010"	"2010"	0	5010	Unreliable
	"Georgia"	"13"	"Schley County, GA"	"13249"	"2011"	"2011"	0	5020	Unreliable
	"Georgia"	"13"	"Schley County, GA"	"13249"	"2012"	"2012"	Suppressed	4990	Suppressed
	"Georgia"	"13"	"Schley County, GA"	"13249"	"2013"	"2013"	0	5089	Unreliable
	"Georgia"	"13"	"Schley County, GA"	"13249"	"2014"	"2014"	0	5163	Unreliable
	"Georgia"	"13"	"Screven County, GA"	"13251"	"2006"	"2006"	Suppressed	14884	Suppressed
	"Georgia"	"13"	"Screven County, GA"	"13251"	"2007"	"2007"	Suppressed	14865	Suppressed
	"Georgia"	"13"	"Screven County, GA"	"13251"	"2008"	"2008"	0	14843	Unreliable
	"Georgia"	"13"	"Screven County, GA"	"13251"	"2009"	"2009"	0	14905	Unreliable
	"Georgia"	"13"	"Screven County, GA"	"13251"	"2010"	"2010"	Suppressed	14593	Suppressed
	"Georgia"	"13"	"Screven County, GA"	"13251"	"2011"	"2011"	0	14367	Unreliable
	"Georgia"	"13"	"Screven County, GA"	"13251"	"2012"	"2012"	0	14202	Unreliable
	"Georgia"	"13"	"Screven County, GA"	"13251"	"2013"	"2013"	0	14240	Unreliable
	"Georgia"	"13"	"Screven County, GA"	"13251"	"2014"	"2014"	Suppressed	14085	Suppressed
	"Georgia"	"13"	"Seminole County, GA"	"13253"	"2006"	"2006"	0	8869	Unreliable
	"Georgia"	"13"	"Seminole County, GA"	"13253"	"2007"	"2007"	0	8800	Unreliable
	"Georgia"	"13"	"Seminole County, GA"	"13253"	"2008"	"2008"	0	8827	Unreliable
	"Georgia"	"13"	"Seminole County, GA"	"13253"	"2009"	"2009"	0	8760	Unreliable
	"Georgia"	"13"	"Seminole County, GA"	"13253"	"2010"	"2010"	Suppressed	8729	Suppressed
	"Georgia"	"13"	"Seminole County, GA"	"13253"	"2011"	"2011"	Suppressed	8791	Suppressed
	"Georgia"	"13"	"Seminole County, GA"	"13253"	"2012"	"2012"	0	8947	Unreliable
	"Georgia"	"13"	"Seminole County, GA"	"13253"	"2013"	"2013"	Suppressed	8945	Suppressed
	"Georgia"	"13"	"Seminole County, GA"	"13253"	"2014"	"2014"	Suppressed	8686	Suppressed
	"Georgia"	"13"	"Spalding County, GA"	"13255"	"2006"	"2006"	Suppressed	61971	Suppressed
	"Georgia"	"13"	"Spalding County, GA"	"13255"	"2007"	"2007"	Suppressed	62682	Suppressed
	"Georgia"	"13"	"Spalding County, GA"	"13255"	"2008"	"2008"	10	63651	Unreliable
	"Georgia"	"13"	"Spalding County, GA"	"13255"	"2009"	"2009"	10	64135	Unreliable
	"Georgia"	"13"	"Spalding County, GA"	"13255"	"2010"	"2010"	Suppressed	64073	Suppressed
	"Georgia"	"13"	"Spalding County, GA"	"13255"	"2011"	"2011"	Suppressed	64033	Suppressed
	"Georgia"	"13"	"Spalding County, GA"	"13255"	"2012"	"2012"	16	63865	Unreliable
	"Georgia"	"13"	"Spalding County, GA"	"13255"	"2013"	"2013"	Suppressed	63829	Suppressed
	"Georgia"	"13"	"Spalding County, GA"	"13255"	"2014"	"2014"	Suppressed	63988	Suppressed
	"Georgia"	"13"	"Stephens County, GA"	"13257"	"2006"	"2006"	Suppressed	25488	Suppressed
	"Georgia"	"13"	"Stephens County, GA"	"13257"	"2007"	"2007"	Suppressed	25620	Suppressed
	"Georgia"	"13"	"Stephens County, GA"	"13257"	"2008"	"2008"	Suppressed	26004	Suppressed
	"Georgia"	"13"	"Stephens County, GA"	"13257"	"2009"	"2009"	Suppressed	26069	Suppressed
	"Georgia"	"13"	"Stephens County, GA"	"13257"	"2010"	"2010"	Suppressed	26175	Suppressed
	"Georgia"	"13"	"Stephens County, GA"	"13257"	"2011"	"2011"	Suppressed	25960	Suppressed
	"Georgia"	"13"	"Stephens County, GA"	"13257"	"2012"	"2012"	Suppressed	25891	Suppressed
	"Georgia"	"13"	"Stephens County, GA"	"13257"	"2013"	"2013"	Suppressed	25683	Suppressed
	"Georgia"	"13"	"Stephens County, GA"	"13257"	"2014"	"2014"	Suppressed	25480	Suppressed
	"Georgia"	"13"	"Stewart County, GA"	"13259"	"2006"	"2006"	0	5627	Unreliable
	"Georgia"	"13"	"Stewart County, GA"	"13259"	"2007"	"2007"	Suppressed	5691	Suppressed
	"Georgia"	"13"	"Stewart County, GA"	"13259"	"2008"	"2008"	0	5814	Unreliable
	"Georgia"	"13"	"Stewart County, GA"	"13259"	"2009"	"2009"	Suppressed	5968	Suppressed
	"Georgia"	"13"	"Stewart County, GA"	"13259"	"2010"	"2010"	0	6058	Unreliable
	"Georgia"	"13"	"Stewart County, GA"	"13259"	"2011"	"2011"	0	5910	Unreliable
	"Georgia"	"13"	"Stewart County, GA"	"13259"	"2012"	"2012"	0	6042	Unreliable
	"Georgia"	"13"	"Stewart County, GA"	"13259"	"2013"	"2013"	0	5868	Unreliable
	"Georgia"	"13"	"Stewart County, GA"	"13259"	"2014"	"2014"	0	5744	Unreliable
	"Georgia"	"13"	"Sumter County, GA"	"13261"	"2006"	"2006"	0	32785	Unreliable
	"Georgia"	"13"	"Sumter County, GA"	"13261"	"2007"	"2007"	Suppressed	32987	Suppressed
	"Georgia"	"13"	"Sumter County, GA"	"13261"	"2008"	"2008"	0	33012	Unreliable
	"Georgia"	"13"	"Sumter County, GA"	"13261"	"2009"	"2009"	0	32724	Unreliable
	"Georgia"	"13"	"Sumter County, GA"	"13261"	"2010"	"2010"	0	32819	Unreliable
	"Georgia"	"13"	"Sumter County, GA"	"13261"	"2011"	"2011"	0	32511	Unreliable
	"Georgia"	"13"	"Sumter County, GA"	"13261"	"2012"	"2012"	Suppressed	31554	Suppressed
	"Georgia"	"13"	"Sumter County, GA"	"13261"	"2013"	"2013"	Suppressed	31364	Suppressed
	"Georgia"	"13"	"Sumter County, GA"	"13261"	"2014"	"2014"	Suppressed	31232	Suppressed
	"Georgia"	"13"	"Talbot County, GA"	"13263"	"2006"	"2006"	0	6959	Unreliable
	"Georgia"	"13"	"Talbot County, GA"	"13263"	"2007"	"2007"	0	7026	Unreliable
	"Georgia"	"13"	"Talbot County, GA"	"13263"	"2008"	"2008"	Suppressed	6899	Suppressed
	"Georgia"	"13"	"Talbot County, GA"	"13263"	"2009"	"2009"	Suppressed	6873	Suppressed
	"Georgia"	"13"	"Talbot County, GA"	"13263"	"2010"	"2010"	Suppressed	6865	Suppressed
	"Georgia"	"13"	"Talbot County, GA"	"13263"	"2011"	"2011"	Suppressed	6751	Suppressed
	"Georgia"	"13"	"Talbot County, GA"	"13263"	"2012"	"2012"	0	6517	Unreliable
	"Georgia"	"13"	"Talbot County, GA"	"13263"	"2013"	"2013"	0	6456	Unreliable
	"Georgia"	"13"	"Talbot County, GA"	"13263"	"2014"	"2014"	0	6390	Unreliable
	"Georgia"	"13"	"Taliaferro County, GA"	"13265"	"2006"	"2006"	0	1863	Unreliable
	"Georgia"	"13"	"Taliaferro County, GA"	"13265"	"2007"	"2007"	0	1851	Unreliable
	"Georgia"	"13"	"Taliaferro County, GA"	"13265"	"2008"	"2008"	0	1820	Unreliable
	"Georgia"	"13"	"Taliaferro County, GA"	"13265"	"2009"	"2009"	0	1774	Unreliable
	"Georgia"	"13"	"Taliaferro County, GA"	"13265"	"2010"	"2010"	Suppressed	1717	Suppressed
	"Georgia"	"13"	"Taliaferro County, GA"	"13265"	"2011"	"2011"	0	1703	Unreliable
	"Georgia"	"13"	"Taliaferro County, GA"	"13265"	"2012"	"2012"	0	1680	Unreliable
	"Georgia"	"13"	"Taliaferro County, GA"	"13265"	"2013"	"2013"	0	1703	Unreliable
	"Georgia"	"13"	"Taliaferro County, GA"	"13265"	"2014"	"2014"	0	1693	Unreliable
	"Georgia"	"13"	"Tattnall County, GA"	"13267"	"2006"	"2006"	Suppressed	23417	Suppressed
	"Georgia"	"13"	"Tattnall County, GA"	"13267"	"2007"	"2007"	Suppressed	23444	Suppressed
	"Georgia"	"13"	"Tattnall County, GA"	"13267"	"2008"	"2008"	Suppressed	23801	Suppressed
	"Georgia"	"13"	"Tattnall County, GA"	"13267"	"2009"	"2009"	Suppressed	25068	Suppressed
	"Georgia"	"13"	"Tattnall County, GA"	"13267"	"2010"	"2010"	Suppressed	25520	Suppressed
	"Georgia"	"13"	"Tattnall County, GA"	"13267"	"2011"	"2011"	Suppressed	25688	Suppressed
	"Georgia"	"13"	"Tattnall County, GA"	"13267"	"2012"	"2012"	0	25384	Unreliable
	"Georgia"	"13"	"Tattnall County, GA"	"13267"	"2013"	"2013"	Suppressed	25526	Suppressed
	"Georgia"	"13"	"Tattnall County, GA"	"13267"	"2014"	"2014"	Suppressed	25224	Suppressed
	"Georgia"	"13"	"Taylor County, GA"	"13269"	"2006"	"2006"	Suppressed	8798	Suppressed
	"Georgia"	"13"	"Taylor County, GA"	"13269"	"2007"	"2007"	Suppressed	8868	Suppressed
	"Georgia"	"13"	"Taylor County, GA"	"13269"	"2008"	"2008"	0	8945	Unreliable
	"Georgia"	"13"	"Taylor County, GA"	"13269"	"2009"	"2009"	0	8854	Unreliable
	"Georgia"	"13"	"Taylor County, GA"	"13269"	"2010"	"2010"	0	8906	Unreliable
	"Georgia"	"13"	"Taylor County, GA"	"13269"	"2011"	"2011"	Suppressed	8499	Suppressed
	"Georgia"	"13"	"Taylor County, GA"	"13269"	"2012"	"2012"	0	8420	Unreliable
	"Georgia"	"13"	"Taylor County, GA"	"13269"	"2013"	"2013"	Suppressed	8464	Suppressed
	"Georgia"	"13"	"Taylor County, GA"	"13269"	"2014"	"2014"	Suppressed	8442	Suppressed
	"Georgia"	"13"	"Telfair County, GA"	"13271"	"2006"	"2006"	Suppressed	15401	Suppressed
	"Georgia"	"13"	"Telfair County, GA"	"13271"	"2007"	"2007"	Suppressed	15932	Suppressed
	"Georgia"	"13"	"Telfair County, GA"	"13271"	"2008"	"2008"	Suppressed	16230	Suppressed
	"Georgia"	"13"	"Telfair County, GA"	"13271"	"2009"	"2009"	Suppressed	16200	Suppressed
	"Georgia"	"13"	"Telfair County, GA"	"13271"	"2010"	"2010"	Suppressed	16500	Suppressed
	"Georgia"	"13"	"Telfair County, GA"	"13271"	"2011"	"2011"	Suppressed	16057	Suppressed
	"Georgia"	"13"	"Telfair County, GA"	"13271"	"2012"	"2012"	Suppressed	16349	Suppressed
	"Georgia"	"13"	"Telfair County, GA"	"13271"	"2013"	"2013"	Suppressed	16591	Suppressed
	"Georgia"	"13"	"Telfair County, GA"	"13271"	"2014"	"2014"	Suppressed	16518	Suppressed
	"Georgia"	"13"	"Terrell County, GA"	"13273"	"2006"	"2006"	0	9969	Unreliable
	"Georgia"	"13"	"Terrell County, GA"	"13273"	"2007"	"2007"	Suppressed	9701	Suppressed
	"Georgia"	"13"	"Terrell County, GA"	"13273"	"2008"	"2008"	0	9648	Unreliable
	"Georgia"	"13"	"Terrell County, GA"	"13273"	"2009"	"2009"	0	9596	Unreliable
	"Georgia"	"13"	"Terrell County, GA"	"13273"	"2010"	"2010"	0	9315	Unreliable
	"Georgia"	"13"	"Terrell County, GA"	"13273"	"2011"	"2011"	0	9319	Unreliable
	"Georgia"	"13"	"Terrell County, GA"	"13273"	"2012"	"2012"	0	9045	Unreliable
	"Georgia"	"13"	"Terrell County, GA"	"13273"	"2013"	"2013"	0	9022	Unreliable
	"Georgia"	"13"	"Terrell County, GA"	"13273"	"2014"	"2014"	0	9132	Unreliable
	"Georgia"	"13"	"Thomas County, GA"	"13275"	"2006"	"2006"	Suppressed	43901	Suppressed
	"Georgia"	"13"	"Thomas County, GA"	"13275"	"2007"	"2007"	Suppressed	44269	Suppressed
	"Georgia"	"13"	"Thomas County, GA"	"13275"	"2008"	"2008"	0	44627	Unreliable
	"Georgia"	"13"	"Thomas County, GA"	"13275"	"2009"	"2009"	Suppressed	44689	Suppressed
	"Georgia"	"13"	"Thomas County, GA"	"13275"	"2010"	"2010"	Suppressed	44720	Suppressed
	"Georgia"	"13"	"Thomas County, GA"	"13275"	"2011"	"2011"	Suppressed	44702	Suppressed
	"Georgia"	"13"	"Thomas County, GA"	"13275"	"2012"	"2012"	Suppressed	44724	Suppressed
	"Georgia"	"13"	"Thomas County, GA"	"13275"	"2013"	"2013"	Suppressed	44869	Suppressed
	"Georgia"	"13"	"Thomas County, GA"	"13275"	"2014"	"2014"	Suppressed	44959	Suppressed
	"Georgia"	"13"	"Tift County, GA"	"13277"	"2006"	"2006"	Suppressed	39503	Suppressed
	"Georgia"	"13"	"Tift County, GA"	"13277"	"2007"	"2007"	0	39720	Unreliable
	"Georgia"	"13"	"Tift County, GA"	"13277"	"2008"	"2008"	Suppressed	39806	Suppressed
	"Georgia"	"13"	"Tift County, GA"	"13277"	"2009"	"2009"	0	39748	Unreliable
	"Georgia"	"13"	"Tift County, GA"	"13277"	"2010"	"2010"	Suppressed	40118	Suppressed
	"Georgia"	"13"	"Tift County, GA"	"13277"	"2011"	"2011"	Suppressed	41461	Suppressed
	"Georgia"	"13"	"Tift County, GA"	"13277"	"2012"	"2012"	Suppressed	41064	Suppressed
	"Georgia"	"13"	"Tift County, GA"	"13277"	"2013"	"2013"	Suppressed	40286	Suppressed
	"Georgia"	"13"	"Tift County, GA"	"13277"	"2014"	"2014"	Suppressed	40704	Suppressed
	"Georgia"	"13"	"Toombs County, GA"	"13279"	"2006"	"2006"	Suppressed	26851	Suppressed
	"Georgia"	"13"	"Toombs County, GA"	"13279"	"2007"	"2007"	Suppressed	27185	Suppressed
	"Georgia"	"13"	"Toombs County, GA"	"13279"	"2008"	"2008"	Suppressed	27345	Suppressed
	"Georgia"	"13"	"Toombs County, GA"	"13279"	"2009"	"2009"	Suppressed	27079	Suppressed
	"Georgia"	"13"	"Toombs County, GA"	"13279"	"2010"	"2010"	Suppressed	27223	Suppressed
	"Georgia"	"13"	"Toombs County, GA"	"13279"	"2011"	"2011"	Suppressed	27434	Suppressed
	"Georgia"	"13"	"Toombs County, GA"	"13279"	"2012"	"2012"	Suppressed	27315	Suppressed
	"Georgia"	"13"	"Toombs County, GA"	"13279"	"2013"	"2013"	Suppressed	27273	Suppressed
	"Georgia"	"13"	"Toombs County, GA"	"13279"	"2014"	"2014"	Suppressed	27282	Suppressed
	"Georgia"	"13"	"Towns County, GA"	"13281"	"2006"	"2006"	0	10281	Unreliable
	"Georgia"	"13"	"Towns County, GA"	"13281"	"2007"	"2007"	Suppressed	10452	Suppressed
	"Georgia"	"13"	"Towns County, GA"	"13281"	"2008"	"2008"	Suppressed	10485	Suppressed
	"Georgia"	"13"	"Towns County, GA"	"13281"	"2009"	"2009"	Suppressed	10444	Suppressed
	"Georgia"	"13"	"Towns County, GA"	"13281"	"2010"	"2010"	Suppressed	10471	Suppressed
	"Georgia"	"13"	"Towns County, GA"	"13281"	"2011"	"2011"	Suppressed	10611	Suppressed
	"Georgia"	"13"	"Towns County, GA"	"13281"	"2012"	"2012"	Suppressed	10495	Suppressed
	"Georgia"	"13"	"Towns County, GA"	"13281"	"2013"	"2013"	Suppressed	10771	Suppressed
	"Georgia"	"13"	"Towns County, GA"	"13281"	"2014"	"2014"	Suppressed	11098	Suppressed
	"Georgia"	"13"	"Treutlen County, GA"	"13283"	"2006"	"2006"	0	6771	Unreliable
	"Georgia"	"13"	"Treutlen County, GA"	"13283"	"2007"	"2007"	0	6773	Unreliable
	"Georgia"	"13"	"Treutlen County, GA"	"13283"	"2008"	"2008"	0	6847	Unreliable
	"Georgia"	"13"	"Treutlen County, GA"	"13283"	"2009"	"2009"	0	6906	Unreliable
	"Georgia"	"13"	"Treutlen County, GA"	"13283"	"2010"	"2010"	0	6885	Unreliable
	"Georgia"	"13"	"Treutlen County, GA"	"13283"	"2011"	"2011"	0	6825	Unreliable
	"Georgia"	"13"	"Treutlen County, GA"	"13283"	"2012"	"2012"	0	6769	Unreliable
	"Georgia"	"13"	"Treutlen County, GA"	"13283"	"2013"	"2013"	0	6712	Unreliable
	"Georgia"	"13"	"Treutlen County, GA"	"13283"	"2014"	"2014"	0	6778	Unreliable
	"Georgia"	"13"	"Troup County, GA"	"13285"	"2006"	"2006"	Suppressed	63897	Suppressed
	"Georgia"	"13"	"Troup County, GA"	"13285"	"2007"	"2007"	Suppressed	64894	Suppressed
	"Georgia"	"13"	"Troup County, GA"	"13285"	"2008"	"2008"	Suppressed	65860	Suppressed
	"Georgia"	"13"	"Troup County, GA"	"13285"	"2009"	"2009"	Suppressed	66422	Suppressed
	"Georgia"	"13"	"Troup County, GA"	"13285"	"2010"	"2010"	Suppressed	67044	Suppressed
	"Georgia"	"13"	"Troup County, GA"	"13285"	"2011"	"2011"	14	67764	Unreliable
	"Georgia"	"13"	"Troup County, GA"	"13285"	"2012"	"2012"	Suppressed	68468	Suppressed
	"Georgia"	"13"	"Troup County, GA"	"13285"	"2013"	"2013"	Suppressed	69053	Suppressed
	"Georgia"	"13"	"Troup County, GA"	"13285"	"2014"	"2014"	11	69469	Unreliable
	"Georgia"	"13"	"Turner County, GA"	"13287"	"2006"	"2006"	0	9133	Unreliable
	"Georgia"	"13"	"Turner County, GA"	"13287"	"2007"	"2007"	Suppressed	9111	Suppressed
	"Georgia"	"13"	"Turner County, GA"	"13287"	"2008"	"2008"	Suppressed	9029	Suppressed
	"Georgia"	"13"	"Turner County, GA"	"13287"	"2009"	"2009"	0	8900	Unreliable
	"Georgia"	"13"	"Turner County, GA"	"13287"	"2010"	"2010"	0	8930	Unreliable
	"Georgia"	"13"	"Turner County, GA"	"13287"	"2011"	"2011"	0	8875	Unreliable
	"Georgia"	"13"	"Turner County, GA"	"13287"	"2012"	"2012"	0	8410	Unreliable
	"Georgia"	"13"	"Turner County, GA"	"13287"	"2013"	"2013"	Suppressed	8134	Suppressed
	"Georgia"	"13"	"Turner County, GA"	"13287"	"2014"	"2014"	Suppressed	8153	Suppressed
	"Georgia"	"13"	"Twiggs County, GA"	"13289"	"2006"	"2006"	0	9715	Unreliable
	"Georgia"	"13"	"Twiggs County, GA"	"13289"	"2007"	"2007"	Suppressed	9545	Suppressed
	"Georgia"	"13"	"Twiggs County, GA"	"13289"	"2008"	"2008"	Suppressed	9442	Suppressed
	"Georgia"	"13"	"Twiggs County, GA"	"13289"	"2009"	"2009"	0	9257	Unreliable
	"Georgia"	"13"	"Twiggs County, GA"	"13289"	"2010"	"2010"	0	9023	Unreliable
	"Georgia"	"13"	"Twiggs County, GA"	"13289"	"2011"	"2011"	Suppressed	8779	Suppressed
	"Georgia"	"13"	"Twiggs County, GA"	"13289"	"2012"	"2012"	Suppressed	8447	Suppressed
	"Georgia"	"13"	"Twiggs County, GA"	"13289"	"2013"	"2013"	Suppressed	8481	Suppressed
	"Georgia"	"13"	"Twiggs County, GA"	"13289"	"2014"	"2014"	0	8320	Unreliable
	"Georgia"	"13"	"Union County, GA"	"13291"	"2006"	"2006"	Suppressed	20460	Suppressed
	"Georgia"	"13"	"Union County, GA"	"13291"	"2007"	"2007"	Suppressed	20988	Suppressed
	"Georgia"	"13"	"Union County, GA"	"13291"	"2008"	"2008"	Suppressed	21285	Suppressed
	"Georgia"	"13"	"Union County, GA"	"13291"	"2009"	"2009"	0	21338	Unreliable
	"Georgia"	"13"	"Union County, GA"	"13291"	"2010"	"2010"	Suppressed	21356	Suppressed
	"Georgia"	"13"	"Union County, GA"	"13291"	"2011"	"2011"	Suppressed	21134	Suppressed
	"Georgia"	"13"	"Union County, GA"	"13291"	"2012"	"2012"	Suppressed	21451	Suppressed
	"Georgia"	"13"	"Union County, GA"	"13291"	"2013"	"2013"	Suppressed	21566	Suppressed
	"Georgia"	"13"	"Union County, GA"	"13291"	"2014"	"2014"	Suppressed	21984	Suppressed
	"Georgia"	"13"	"Upson County, GA"	"13293"	"2006"	"2006"	Suppressed	27349	Suppressed
	"Georgia"	"13"	"Upson County, GA"	"13293"	"2007"	"2007"	Suppressed	27423	Suppressed
	"Georgia"	"13"	"Upson County, GA"	"13293"	"2008"	"2008"	Suppressed	27321	Suppressed
	"Georgia"	"13"	"Upson County, GA"	"13293"	"2009"	"2009"	Suppressed	27360	Suppressed
	"Georgia"	"13"	"Upson County, GA"	"13293"	"2010"	"2010"	Suppressed	27153	Suppressed
	"Georgia"	"13"	"Upson County, GA"	"13293"	"2011"	"2011"	Suppressed	26977	Suppressed
	"Georgia"	"13"	"Upson County, GA"	"13293"	"2012"	"2012"	Suppressed	26630	Suppressed
	"Georgia"	"13"	"Upson County, GA"	"13293"	"2013"	"2013"	Suppressed	26566	Suppressed
	"Georgia"	"13"	"Upson County, GA"	"13293"	"2014"	"2014"	Suppressed	26256	Suppressed
	"Georgia"	"13"	"Walker County, GA"	"13295"	"2006"	"2006"	Suppressed	66343	Suppressed
	"Georgia"	"13"	"Walker County, GA"	"13295"	"2007"	"2007"	10	67405	Unreliable
	"Georgia"	"13"	"Walker County, GA"	"13295"	"2008"	"2008"	11	68103	Unreliable
	"Georgia"	"13"	"Walker County, GA"	"13295"	"2009"	"2009"	13	68612	Unreliable
	"Georgia"	"13"	"Walker County, GA"	"13295"	"2010"	"2010"	10	68756	Unreliable
	"Georgia"	"13"	"Walker County, GA"	"13295"	"2011"	"2011"	12	68848	Unreliable
	"Georgia"	"13"	"Walker County, GA"	"13295"	"2012"	"2012"	13	68094	Unreliable
	"Georgia"	"13"	"Walker County, GA"	"13295"	"2013"	"2013"	Suppressed	68198	Suppressed
	"Georgia"	"13"	"Walker County, GA"	"13295"	"2014"	"2014"	11	68218	Unreliable
	"Georgia"	"13"	"Walton County, GA"	"13297"	"2006"	"2006"	Suppressed	77057	Suppressed
	"Georgia"	"13"	"Walton County, GA"	"13297"	"2007"	"2007"	Suppressed	80440	Suppressed
	"Georgia"	"13"	"Walton County, GA"	"13297"	"2008"	"2008"	Suppressed	82602	Suppressed
	"Georgia"	"13"	"Walton County, GA"	"13297"	"2009"	"2009"	Suppressed	83353	Suppressed
	"Georgia"	"13"	"Walton County, GA"	"13297"	"2010"	"2010"	11	83768	Unreliable
	"Georgia"	"13"	"Walton County, GA"	"13297"	"2011"	"2011"	Suppressed	84580	Suppressed
	"Georgia"	"13"	"Walton County, GA"	"13297"	"2012"	"2012"	17	84575	Unreliable
	"Georgia"	"13"	"Walton County, GA"	"13297"	"2013"	"2013"	18	85754	Unreliable
	"Georgia"	"13"	"Walton County, GA"	"13297"	"2014"	"2014"	15	87615	Unreliable
	"Georgia"	"13"	"Ware County, GA"	"13299"	"2006"	"2006"	Suppressed	35624	Suppressed
	"Georgia"	"13"	"Ware County, GA"	"13299"	"2007"	"2007"	Suppressed	36016	Suppressed
	"Georgia"	"13"	"Ware County, GA"	"13299"	"2008"	"2008"	10	36065	Unreliable
	"Georgia"	"13"	"Ware County, GA"	"13299"	"2009"	"2009"	10	35985	Unreliable
	"Georgia"	"13"	"Ware County, GA"	"13299"	"2010"	"2010"	Suppressed	36312	Suppressed
	"Georgia"	"13"	"Ware County, GA"	"13299"	"2011"	"2011"	Suppressed	36474	Suppressed
	"Georgia"	"13"	"Ware County, GA"	"13299"	"2012"	"2012"	Suppressed	35821	Suppressed
	"Georgia"	"13"	"Ware County, GA"	"13299"	"2013"	"2013"	Suppressed	35709	Suppressed
	"Georgia"	"13"	"Ware County, GA"	"13299"	"2014"	"2014"	16	35515	Unreliable
	"Georgia"	"13"	"Warren County, GA"	"13301"	"2006"	"2006"	0	6038	Unreliable
	"Georgia"	"13"	"Warren County, GA"	"13301"	"2007"	"2007"	Suppressed	5981	Suppressed
	"Georgia"	"13"	"Warren County, GA"	"13301"	"2008"	"2008"	0	5942	Unreliable
	"Georgia"	"13"	"Warren County, GA"	"13301"	"2009"	"2009"	0	5914	Unreliable
	"Georgia"	"13"	"Warren County, GA"	"13301"	"2010"	"2010"	0	5834	Unreliable
	"Georgia"	"13"	"Warren County, GA"	"13301"	"2011"	"2011"	0	5721	Unreliable
	"Georgia"	"13"	"Warren County, GA"	"13301"	"2012"	"2012"	Suppressed	5578	Suppressed
	"Georgia"	"13"	"Warren County, GA"	"13301"	"2013"	"2013"	Suppressed	5558	Suppressed
	"Georgia"	"13"	"Warren County, GA"	"13301"	"2014"	"2014"	0	5520	Unreliable
	"Georgia"	"13"	"Washington County, GA"	"13303"	"2006"	"2006"	Suppressed	20805	Suppressed
	"Georgia"	"13"	"Washington County, GA"	"13303"	"2007"	"2007"	Suppressed	21155	Suppressed
	"Georgia"	"13"	"Washington County, GA"	"13303"	"2008"	"2008"	0	21202	Unreliable
	"Georgia"	"13"	"Washington County, GA"	"13303"	"2009"	"2009"	Suppressed	21240	Suppressed
	"Georgia"	"13"	"Washington County, GA"	"13303"	"2010"	"2010"	Suppressed	21187	Suppressed
	"Georgia"	"13"	"Washington County, GA"	"13303"	"2011"	"2011"	Suppressed	21111	Suppressed
	"Georgia"	"13"	"Washington County, GA"	"13303"	"2012"	"2012"	0	20879	Unreliable
	"Georgia"	"13"	"Washington County, GA"	"13303"	"2013"	"2013"	Suppressed	20676	Suppressed
	"Georgia"	"13"	"Washington County, GA"	"13303"	"2014"	"2014"	Suppressed	20635	Suppressed
	"Georgia"	"13"	"Wayne County, GA"	"13305"	"2006"	"2006"	Suppressed	28929	Suppressed
	"Georgia"	"13"	"Wayne County, GA"	"13305"	"2007"	"2007"	Suppressed	29421	Suppressed
	"Georgia"	"13"	"Wayne County, GA"	"13305"	"2008"	"2008"	Suppressed	30042	Suppressed
	"Georgia"	"13"	"Wayne County, GA"	"13305"	"2009"	"2009"	Suppressed	30016	Suppressed
	"Georgia"	"13"	"Wayne County, GA"	"13305"	"2010"	"2010"	Suppressed	30099	Suppressed
	"Georgia"	"13"	"Wayne County, GA"	"13305"	"2011"	"2011"	Suppressed	30327	Suppressed
	"Georgia"	"13"	"Wayne County, GA"	"13305"	"2012"	"2012"	Suppressed	30305	Suppressed
	"Georgia"	"13"	"Wayne County, GA"	"13305"	"2013"	"2013"	Suppressed	30077	Suppressed
	"Georgia"	"13"	"Wayne County, GA"	"13305"	"2014"	"2014"	Suppressed	29949	Suppressed
	"Georgia"	"13"	"Webster County, GA"	"13307"	"2006"	"2006"	0	2630	Unreliable
	"Georgia"	"13"	"Webster County, GA"	"13307"	"2007"	"2007"	0	2735	Unreliable
	"Georgia"	"13"	"Webster County, GA"	"13307"	"2008"	"2008"	0	2710	Unreliable
	"Georgia"	"13"	"Webster County, GA"	"13307"	"2009"	"2009"	0	2772	Unreliable
	"Georgia"	"13"	"Webster County, GA"	"13307"	"2010"	"2010"	0	2799	Unreliable
	"Georgia"	"13"	"Webster County, GA"	"13307"	"2011"	"2011"	0	2791	Unreliable
	"Georgia"	"13"	"Webster County, GA"	"13307"	"2012"	"2012"	0	2793	Unreliable
	"Georgia"	"13"	"Webster County, GA"	"13307"	"2013"	"2013"	0	2719	Unreliable
	"Georgia"	"13"	"Webster County, GA"	"13307"	"2014"	"2014"	0	2649	Unreliable
	"Georgia"	"13"	"Wheeler County, GA"	"13309"	"2006"	"2006"	0	6954	Unreliable
	"Georgia"	"13"	"Wheeler County, GA"	"13309"	"2007"	"2007"	0	6918	Unreliable
	"Georgia"	"13"	"Wheeler County, GA"	"13309"	"2008"	"2008"	0	7018	Unreliable
	"Georgia"	"13"	"Wheeler County, GA"	"13309"	"2009"	"2009"	Suppressed	7150	Suppressed
	"Georgia"	"13"	"Wheeler County, GA"	"13309"	"2010"	"2010"	0	7421	Unreliable
	"Georgia"	"13"	"Wheeler County, GA"	"13309"	"2011"	"2011"	Suppressed	7939	Suppressed
	"Georgia"	"13"	"Wheeler County, GA"	"13309"	"2012"	"2012"	0	7888	Unreliable
	"Georgia"	"13"	"Wheeler County, GA"	"13309"	"2013"	"2013"	0	7909	Unreliable
	"Georgia"	"13"	"Wheeler County, GA"	"13309"	"2014"	"2014"	0	7995	Unreliable
	"Georgia"	"13"	"White County, GA"	"13311"	"2006"	"2006"	Suppressed	25575	Suppressed
	"Georgia"	"13"	"White County, GA"	"13311"	"2007"	"2007"	Suppressed	26173	Suppressed
	"Georgia"	"13"	"White County, GA"	"13311"	"2008"	"2008"	Suppressed	26626	Suppressed
	"Georgia"	"13"	"White County, GA"	"13311"	"2009"	"2009"	Suppressed	26949	Suppressed
	"Georgia"	"13"	"White County, GA"	"13311"	"2010"	"2010"	Suppressed	27144	Suppressed
	"Georgia"	"13"	"White County, GA"	"13311"	"2011"	"2011"	Suppressed	27273	Suppressed
	"Georgia"	"13"	"White County, GA"	"13311"	"2012"	"2012"	Suppressed	27556	Suppressed
	"Georgia"	"13"	"White County, GA"	"13311"	"2013"	"2013"	Suppressed	27797	Suppressed
	"Georgia"	"13"	"White County, GA"	"13311"	"2014"	"2014"	Suppressed	27970	Suppressed
	"Georgia"	"13"	"Whitfield County, GA"	"13313"	"2006"	"2006"	13	96408	Unreliable
	"Georgia"	"13"	"Whitfield County, GA"	"13313"	"2007"	"2007"	11	98654	Unreliable
	"Georgia"	"13"	"Whitfield County, GA"	"13313"	"2008"	"2008"	16	100546	Unreliable
	"Georgia"	"13"	"Whitfield County, GA"	"13313"	"2009"	"2009"	13	101009	Unreliable
	"Georgia"	"13"	"Whitfield County, GA"	"13313"	"2010"	"2010"	14	102599	Unreliable
	"Georgia"	"13"	"Whitfield County, GA"	"13313"	"2011"	"2011"	15	103184	Unreliable
	"Georgia"	"13"	"Whitfield County, GA"	"13313"	"2012"	"2012"	18	103359	Unreliable
	"Georgia"	"13"	"Whitfield County, GA"	"13313"	"2013"	"2013"	14	102945	Unreliable
	"Georgia"	"13"	"Whitfield County, GA"	"13313"	"2014"	"2014"	11	103542	Unreliable
	"Georgia"	"13"	"Wilcox County, GA"	"13315"	"2006"	"2006"	Suppressed	8868	Suppressed
	"Georgia"	"13"	"Wilcox County, GA"	"13315"	"2007"	"2007"	0	8889	Unreliable
	"Georgia"	"13"	"Wilcox County, GA"	"13315"	"2008"	"2008"	Suppressed	9023	Suppressed
	"Georgia"	"13"	"Wilcox County, GA"	"13315"	"2009"	"2009"	Suppressed	9156	Suppressed
	"Georgia"	"13"	"Wilcox County, GA"	"13315"	"2010"	"2010"	Suppressed	9255	Suppressed
	"Georgia"	"13"	"Wilcox County, GA"	"13315"	"2011"	"2011"	0	9298	Unreliable
	"Georgia"	"13"	"Wilcox County, GA"	"13315"	"2012"	"2012"	0	9068	Unreliable
	"Georgia"	"13"	"Wilcox County, GA"	"13315"	"2013"	"2013"	0	8960	Unreliable
	"Georgia"	"13"	"Wilcox County, GA"	"13315"	"2014"	"2014"	0	8847	Unreliable
	"Georgia"	"13"	"Wilkes County, GA"	"13317"	"2006"	"2006"	Suppressed	10586	Suppressed
	"Georgia"	"13"	"Wilkes County, GA"	"13317"	"2007"	"2007"	Suppressed	10524	Suppressed
	"Georgia"	"13"	"Wilkes County, GA"	"13317"	"2008"	"2008"	Suppressed	10630	Suppressed
	"Georgia"	"13"	"Wilkes County, GA"	"13317"	"2009"	"2009"	Suppressed	10571	Suppressed
	"Georgia"	"13"	"Wilkes County, GA"	"13317"	"2010"	"2010"	Suppressed	10593	Suppressed
	"Georgia"	"13"	"Wilkes County, GA"	"13317"	"2011"	"2011"	0	10211	Unreliable
	"Georgia"	"13"	"Wilkes County, GA"	"13317"	"2012"	"2012"	Suppressed	10076	Suppressed
	"Georgia"	"13"	"Wilkes County, GA"	"13317"	"2013"	"2013"	Suppressed	10010	Suppressed
	"Georgia"	"13"	"Wilkes County, GA"	"13317"	"2014"	"2014"	Suppressed	9940	Suppressed
	"Georgia"	"13"	"Wilkinson County, GA"	"13319"	"2006"	"2006"	Suppressed	9793	Suppressed
	"Georgia"	"13"	"Wilkinson County, GA"	"13319"	"2007"	"2007"	Suppressed	9750	Suppressed
	"Georgia"	"13"	"Wilkinson County, GA"	"13319"	"2008"	"2008"	Suppressed	9691	Suppressed
	"Georgia"	"13"	"Wilkinson County, GA"	"13319"	"2009"	"2009"	0	9652	Unreliable
	"Georgia"	"13"	"Wilkinson County, GA"	"13319"	"2010"	"2010"	0	9563	Unreliable
	"Georgia"	"13"	"Wilkinson County, GA"	"13319"	"2011"	"2011"	0	9444	Unreliable
	"Georgia"	"13"	"Wilkinson County, GA"	"13319"	"2012"	"2012"	0	9577	Unreliable
	"Georgia"	"13"	"Wilkinson County, GA"	"13319"	"2013"	"2013"	0	9432	Unreliable
	"Georgia"	"13"	"Wilkinson County, GA"	"13319"	"2014"	"2014"	Suppressed	9326	Suppressed
	"Georgia"	"13"	"Worth County, GA"	"13321"	"2006"	"2006"	Suppressed	21783	Suppressed
	"Georgia"	"13"	"Worth County, GA"	"13321"	"2007"	"2007"	Suppressed	21646	Suppressed
	"Georgia"	"13"	"Worth County, GA"	"13321"	"2008"	"2008"	0	21701	Unreliable
	"Georgia"	"13"	"Worth County, GA"	"13321"	"2009"	"2009"	Suppressed	21799	Suppressed
	"Georgia"	"13"	"Worth County, GA"	"13321"	"2010"	"2010"	0	21679	Unreliable
	"Georgia"	"13"	"Worth County, GA"	"13321"	"2011"	"2011"	Suppressed	21921	Suppressed
	"Georgia"	"13"	"Worth County, GA"	"13321"	"2012"	"2012"	0	21741	Unreliable
	"Georgia"	"13"	"Worth County, GA"	"13321"	"2013"	"2013"	0	21291	Unreliable
	"Georgia"	"13"	"Worth County, GA"	"13321"	"2014"	"2014"	Suppressed	20940	Suppressed
"---"
"Dataset: Underlying Cause of Death, 1999-2020"
"Query Parameters:"
"Drug/Alcohol Induced Causes: Drug poisonings (overdose) Unintentional (X40-X44); Drug poisonings (overdose) Suicide (X60-X64);"
"Drug poisonings (overdose) Homicide (X85); Drug poisonings (overdose) Undetermined (Y10-Y14)"
"States: Georgia (13)"
"Year/Month: 2006; 2007; 2008; 2009; 2010; 2011; 2012; 2013; 2014"
"Group By: State; County; Year"
"Show Totals: Disabled"
"Show Zero Values: True"
"Show Suppressed: True"
"Calculate Rates Per: 100,000"
"Rate Options: Default intercensal populations for years 2001-2009 (except Infant Age Groups)"
"---"
"Help: See http://wonder.cdc.gov/wonder/help/ucd.html for more information."
"---"
"Query Date: May 1, 2026 7:19:58 PM"
"---"
"Suggested Citation: Centers for Disease Control and Prevention, National Center for Health Statistics. National Vital Statistics"
"System, Mortality 1999-2020 on CDC WONDER Online Database, released in 2021. Data are from the Multiple Cause of Death Files,"
"1999-2020, as compiled from data provided by the 57 vital statistics jurisdictions through the Vital Statistics Cooperative"
"Program. Accessed at http://wonder.cdc.gov/ucd-icd10.html on May 1, 2026 7:19:58 PM"
"---"
Messages:
"1. Totals are not available for these results due to suppression constraints. More Information:"
"http://wonder.cdc.gov/wonder/help/faq.html#Privacy."
"---"
Caveats:
"1. As of April 3, 2017, the underlying cause of death has been revised for 125 deaths in 2014. More information:"
"http://wonder.cdc.gov/wonder/help/ucd.html#2014-Revision."
"2. Circumstances in Georgia for the years 2008 and 2009 have resulted in unusually high death counts for the ICD-10 cause of"
"death code R99, ""Other ill-defined and unspecified causes of mortality."" Caution should be used in interpreting these data."
"More information: http://wonder.cdc.gov/wonder/help/ucd.html#Georgia-Reporting-Anomalies."
"3. Data are Suppressed when the data meet the criteria for confidentiality constraints. More information:"
"http://wonder.cdc.gov/wonder/help/ucd.html#Assurance of Confidentiality."
"4. Death rates are flagged as Unreliable when the rate is calculated with a numerator of 20 or less. More information:"
"http://wonder.cdc.gov/wonder/help/ucd.html#Unreliable."
"5. The population figures for year 2020 are bridged-race estimates of the July 1 resident population, from the Vintage 2020"
"postcensal series released by NCHS on September 22, 2021. The population figures for year 2019 are bridged-race estimates of the"
"July 1 resident population, from the Vintage 2019 postcensal series released by NCHS on July 9, 2020. The population figures for"
"year 2018 are bridged-race estimates of the July 1 resident population, from the Vintage 2018 postcensal series released by NCHS"
"on June 25, 2019. The population figures for year 2017 are bridged-race estimates of the July 1 resident population, from the"
"Vintage 2017 postcensal series released by NCHS on June 27, 2018. The population figures for year 2016 are bridged-race"
"estimates of the July 1 resident population, from the Vintage 2016 postcensal series released by NCHS on June 26, 2017. The"
"population figures for year 2015 are bridged-race estimates of the July 1 resident population, from the Vintage 2015 postcensal"
"series released by NCHS on June 28, 2016. The population figures for year 2014 are bridged-race estimates of the July 1 resident"
"population, from the Vintage 2014 postcensal series released by NCHS on June 30, 2015. The population figures for year 2013 are"
"bridged-race estimates of the July 1 resident population, from the Vintage 2013 postcensal series released by NCHS on June 26,"
"2014. The population figures for year 2012 are bridged-race estimates of the July 1 resident population, from the Vintage 2012"
"postcensal series released by NCHS on June 13, 2013. The population figures for year 2011 are bridged-race estimates of the July"
"1 resident population, from the Vintage 2011 postcensal series released by NCHS on July 18, 2012. Population figures for 2010"
"are April 1 Census counts. The population figures for years 2001 - 2009 are bridged-race estimates of the July 1 resident"
"population, from the revised intercensal county-level 2000 - 2009 series released by NCHS on October 26, 2012. Population"
"figures for 2000 are April 1 Census counts. Population figures for 1999 are from the 1990-1999 intercensal series of July 1"
"estimates. Population figures for the infant age groups are the number of live births. <br/><b>Note:</b> Rates and population"
"figures for years 2001 - 2009 differ slightly from previously published reports, due to use of the population estimates which"
"were available at the time of release."
"6. The population figures used in the calculation of death rates for the age group 'under 1 year' are the estimates of the"
"resident population that is under one year of age. More information: http://wonder.cdc.gov/wonder/help/ucd.html#Age Group."