"Notes"	"State"	"State Code"	"County"	"County Code"	"Year"	"Year Code"	Deaths	Population	Crude Rate
	"Texas"	"48"	"Anderson County, TX"	"48001"	"2006"	"2006"	10	57386	Unreliable
	"Texas"	"48"	"Anderson County, TX"	"48001"	"2007"	"2007"	Suppressed	57870	Suppressed
	"Texas"	"48"	"Anderson County, TX"	"48001"	"2008"	"2008"	11	57963	Unreliable
	"Texas"	"48"	"Anderson County, TX"	"48001"	"2009"	"2009"	Suppressed	58410	Suppressed
	"Texas"	"48"	"Anderson County, TX"	"48001"	"2010"	"2010"	Suppressed	58458	Suppressed
	"Texas"	"48"	"Anderson County, TX"	"48001"	"2011"	"2011"	Suppressed	58308	Suppressed
	"Texas"	"48"	"Anderson County, TX"	"48001"	"2012"	"2012"	Suppressed	58190	Suppressed
	"Texas"	"48"	"Anderson County, TX"	"48001"	"2013"	"2013"	Suppressed	57938	Suppressed
	"Texas"	"48"	"Anderson County, TX"	"48001"	"2014"	"2014"	Suppressed	57627	Suppressed
	"Texas"	"48"	"Andrews County, TX"	"48003"	"2006"	"2006"	0	13195	Unreliable
	"Texas"	"48"	"Andrews County, TX"	"48003"	"2007"	"2007"	Suppressed	13513	Suppressed
	"Texas"	"48"	"Andrews County, TX"	"48003"	"2008"	"2008"	Suppressed	14099	Suppressed
	"Texas"	"48"	"Andrews County, TX"	"48003"	"2009"	"2009"	0	14601	Unreliable
	"Texas"	"48"	"Andrews County, TX"	"48003"	"2010"	"2010"	Suppressed	14786	Suppressed
	"Texas"	"48"	"Andrews County, TX"	"48003"	"2011"	"2011"	Suppressed	15445	Suppressed
	"Texas"	"48"	"Andrews County, TX"	"48003"	"2012"	"2012"	Suppressed	16117	Suppressed
	"Texas"	"48"	"Andrews County, TX"	"48003"	"2013"	"2013"	Suppressed	16799	Suppressed
	"Texas"	"48"	"Andrews County, TX"	"48003"	"2014"	"2014"	Suppressed	17477	Suppressed
	"Texas"	"48"	"Angelina County, TX"	"48005"	"2006"	"2006"	Suppressed	83810	Suppressed
	"Texas"	"48"	"Angelina County, TX"	"48005"	"2007"	"2007"	Suppressed	84518	Suppressed
	"Texas"	"48"	"Angelina County, TX"	"48005"	"2008"	"2008"	13	84961	Unreliable
	"Texas"	"48"	"Angelina County, TX"	"48005"	"2009"	"2009"	Suppressed	86029	Suppressed
	"Texas"	"48"	"Angelina County, TX"	"48005"	"2010"	"2010"	Suppressed	86771	Suppressed
	"Texas"	"48"	"Angelina County, TX"	"48005"	"2011"	"2011"	14	87669	Unreliable
	"Texas"	"48"	"Angelina County, TX"	"48005"	"2012"	"2012"	Suppressed	87597	Suppressed
	"Texas"	"48"	"Angelina County, TX"	"48005"	"2013"	"2013"	Suppressed	87441	Suppressed
	"Texas"	"48"	"Angelina County, TX"	"48005"	"2014"	"2014"	Suppressed	87750	Suppressed
	"Texas"	"48"	"Aransas County, TX"	"48007"	"2006"	"2006"	11	23395	Unreliable
	"Texas"	"48"	"Aransas County, TX"	"48007"	"2007"	"2007"	Suppressed	23172	Suppressed
	"Texas"	"48"	"Aransas County, TX"	"48007"	"2008"	"2008"	Suppressed	23225	Suppressed
	"Texas"	"48"	"Aransas County, TX"	"48007"	"2009"	"2009"	Suppressed	23291	Suppressed
	"Texas"	"48"	"Aransas County, TX"	"48007"	"2010"	"2010"	Suppressed	23158	Suppressed
	"Texas"	"48"	"Aransas County, TX"	"48007"	"2011"	"2011"	Suppressed	23374	Suppressed
	"Texas"	"48"	"Aransas County, TX"	"48007"	"2012"	"2012"	Suppressed	23818	Suppressed
	"Texas"	"48"	"Aransas County, TX"	"48007"	"2013"	"2013"	Suppressed	24356	Suppressed
	"Texas"	"48"	"Aransas County, TX"	"48007"	"2014"	"2014"	Suppressed	24972	Suppressed
	"Texas"	"48"	"Archer County, TX"	"48009"	"2006"	"2006"	0	9063	Unreliable
	"Texas"	"48"	"Archer County, TX"	"48009"	"2007"	"2007"	Suppressed	9026	Suppressed
	"Texas"	"48"	"Archer County, TX"	"48009"	"2008"	"2008"	Suppressed	9104	Suppressed
	"Texas"	"48"	"Archer County, TX"	"48009"	"2009"	"2009"	Suppressed	9023	Suppressed
	"Texas"	"48"	"Archer County, TX"	"48009"	"2010"	"2010"	0	9054	Unreliable
	"Texas"	"48"	"Archer County, TX"	"48009"	"2011"	"2011"	Suppressed	8842	Suppressed
	"Texas"	"48"	"Archer County, TX"	"48009"	"2012"	"2012"	Suppressed	8735	Suppressed
	"Texas"	"48"	"Archer County, TX"	"48009"	"2013"	"2013"	Suppressed	8681	Suppressed
	"Texas"	"48"	"Archer County, TX"	"48009"	"2014"	"2014"	Suppressed	8811	Suppressed
	"Texas"	"48"	"Armstrong County, TX"	"48011"	"2006"	"2006"	0	1989	Unreliable
	"Texas"	"48"	"Armstrong County, TX"	"48011"	"2007"	"2007"	0	1936	Unreliable
	"Texas"	"48"	"Armstrong County, TX"	"48011"	"2008"	"2008"	0	1936	Unreliable
	"Texas"	"48"	"Armstrong County, TX"	"48011"	"2009"	"2009"	0	1911	Unreliable
	"Texas"	"48"	"Armstrong County, TX"	"48011"	"2010"	"2010"	0	1901	Unreliable
	"Texas"	"48"	"Armstrong County, TX"	"48011"	"2011"	"2011"	0	1928	Unreliable
	"Texas"	"48"	"Armstrong County, TX"	"48011"	"2012"	"2012"	0	1944	Unreliable
	"Texas"	"48"	"Armstrong County, TX"	"48011"	"2013"	"2013"	0	1949	Unreliable
	"Texas"	"48"	"Armstrong County, TX"	"48011"	"2014"	"2014"	0	1955	Unreliable
	"Texas"	"48"	"Atascosa County, TX"	"48013"	"2006"	"2006"	Suppressed	43059	Suppressed
	"Texas"	"48"	"Atascosa County, TX"	"48013"	"2007"	"2007"	Suppressed	43611	Suppressed
	"Texas"	"48"	"Atascosa County, TX"	"48013"	"2008"	"2008"	Suppressed	43947	Suppressed
	"Texas"	"48"	"Atascosa County, TX"	"48013"	"2009"	"2009"	Suppressed	44623	Suppressed
	"Texas"	"48"	"Atascosa County, TX"	"48013"	"2010"	"2010"	Suppressed	44911	Suppressed
	"Texas"	"48"	"Atascosa County, TX"	"48013"	"2011"	"2011"	Suppressed	45579	Suppressed
	"Texas"	"48"	"Atascosa County, TX"	"48013"	"2012"	"2012"	Suppressed	46446	Suppressed
	"Texas"	"48"	"Atascosa County, TX"	"48013"	"2013"	"2013"	Suppressed	47093	Suppressed
	"Texas"	"48"	"Atascosa County, TX"	"48013"	"2014"	"2014"	Suppressed	47774	Suppressed
	"Texas"	"48"	"Austin County, TX"	"48015"	"2006"	"2006"	Suppressed	26828	Suppressed
	"Texas"	"48"	"Austin County, TX"	"48015"	"2007"	"2007"	Suppressed	27454	Suppressed
	"Texas"	"48"	"Austin County, TX"	"48015"	"2008"	"2008"	0	27935	Unreliable
	"Texas"	"48"	"Austin County, TX"	"48015"	"2009"	"2009"	Suppressed	28254	Suppressed
	"Texas"	"48"	"Austin County, TX"	"48015"	"2010"	"2010"	Suppressed	28417	Suppressed
	"Texas"	"48"	"Austin County, TX"	"48015"	"2011"	"2011"	Suppressed	28665	Suppressed
	"Texas"	"48"	"Austin County, TX"	"48015"	"2012"	"2012"	Suppressed	28618	Suppressed
	"Texas"	"48"	"Austin County, TX"	"48015"	"2013"	"2013"	Suppressed	28847	Suppressed
	"Texas"	"48"	"Austin County, TX"	"48015"	"2014"	"2014"	Suppressed	29114	Suppressed
	"Texas"	"48"	"Bailey County, TX"	"48017"	"2006"	"2006"	0	7001	Unreliable
	"Texas"	"48"	"Bailey County, TX"	"48017"	"2007"	"2007"	0	6927	Unreliable
	"Texas"	"48"	"Bailey County, TX"	"48017"	"2008"	"2008"	0	6979	Unreliable
	"Texas"	"48"	"Bailey County, TX"	"48017"	"2009"	"2009"	0	7050	Unreliable
	"Texas"	"48"	"Bailey County, TX"	"48017"	"2010"	"2010"	Suppressed	7165	Suppressed
	"Texas"	"48"	"Bailey County, TX"	"48017"	"2011"	"2011"	0	7247	Unreliable
	"Texas"	"48"	"Bailey County, TX"	"48017"	"2012"	"2012"	0	7130	Unreliable
	"Texas"	"48"	"Bailey County, TX"	"48017"	"2013"	"2013"	Suppressed	7114	Suppressed
	"Texas"	"48"	"Bailey County, TX"	"48017"	"2014"	"2014"	0	6910	Unreliable
	"Texas"	"48"	"Bandera County, TX"	"48019"	"2006"	"2006"	Suppressed	19775	Suppressed
	"Texas"	"48"	"Bandera County, TX"	"48019"	"2007"	"2007"	Suppressed	20254	Suppressed
	"Texas"	"48"	"Bandera County, TX"	"48019"	"2008"	"2008"	Suppressed	20407	Suppressed
	"Texas"	"48"	"Bandera County, TX"	"48019"	"2009"	"2009"	Suppressed	20365	Suppressed
	"Texas"	"48"	"Bandera County, TX"	"48019"	"2010"	"2010"	Suppressed	20485	Suppressed
	"Texas"	"48"	"Bandera County, TX"	"48019"	"2011"	"2011"	Suppressed	20538	Suppressed
	"Texas"	"48"	"Bandera County, TX"	"48019"	"2012"	"2012"	Suppressed	20537	Suppressed
	"Texas"	"48"	"Bandera County, TX"	"48019"	"2013"	"2013"	0	20601	Unreliable
	"Texas"	"48"	"Bandera County, TX"	"48019"	"2014"	"2014"	Suppressed	20892	Suppressed
	"Texas"	"48"	"Bastrop County, TX"	"48021"	"2006"	"2006"	Suppressed	69720	Suppressed
	"Texas"	"48"	"Bastrop County, TX"	"48021"	"2007"	"2007"	Suppressed	71348	Suppressed
	"Texas"	"48"	"Bastrop County, TX"	"48021"	"2008"	"2008"	10	72389	Unreliable
	"Texas"	"48"	"Bastrop County, TX"	"48021"	"2009"	"2009"	Suppressed	73587	Suppressed
	"Texas"	"48"	"Bastrop County, TX"	"48021"	"2010"	"2010"	Suppressed	74171	Suppressed
	"Texas"	"48"	"Bastrop County, TX"	"48021"	"2011"	"2011"	10	75115	Unreliable
	"Texas"	"48"	"Bastrop County, TX"	"48021"	"2012"	"2012"	Suppressed	74763	Suppressed
	"Texas"	"48"	"Bastrop County, TX"	"48021"	"2013"	"2013"	10	75825	Unreliable
	"Texas"	"48"	"Bastrop County, TX"	"48021"	"2014"	"2014"	11	78069	Unreliable
	"Texas"	"48"	"Baylor County, TX"	"48023"	"2006"	"2006"	Suppressed	3870	Suppressed
	"Texas"	"48"	"Baylor County, TX"	"48023"	"2007"	"2007"	Suppressed	3905	Suppressed
	"Texas"	"48"	"Baylor County, TX"	"48023"	"2008"	"2008"	Suppressed	3747	Suppressed
	"Texas"	"48"	"Baylor County, TX"	"48023"	"2009"	"2009"	Suppressed	3726	Suppressed
	"Texas"	"48"	"Baylor County, TX"	"48023"	"2010"	"2010"	Suppressed	3726	Suppressed
	"Texas"	"48"	"Baylor County, TX"	"48023"	"2011"	"2011"	Suppressed	3741	Suppressed
	"Texas"	"48"	"Baylor County, TX"	"48023"	"2012"	"2012"	0	3623	Unreliable
	"Texas"	"48"	"Baylor County, TX"	"48023"	"2013"	"2013"	0	3614	Unreliable
	"Texas"	"48"	"Baylor County, TX"	"48023"	"2014"	"2014"	Suppressed	3592	Suppressed
	"Texas"	"48"	"Bee County, TX"	"48025"	"2006"	"2006"	0	31977	Unreliable
	"Texas"	"48"	"Bee County, TX"	"48025"	"2007"	"2007"	Suppressed	31936	Suppressed
	"Texas"	"48"	"Bee County, TX"	"48025"	"2008"	"2008"	Suppressed	31814	Suppressed
	"Texas"	"48"	"Bee County, TX"	"48025"	"2009"	"2009"	Suppressed	31864	Suppressed
	"Texas"	"48"	"Bee County, TX"	"48025"	"2010"	"2010"	Suppressed	31861	Suppressed
	"Texas"	"48"	"Bee County, TX"	"48025"	"2011"	"2011"	0	32095	Unreliable
	"Texas"	"48"	"Bee County, TX"	"48025"	"2012"	"2012"	Suppressed	32527	Suppressed
	"Texas"	"48"	"Bee County, TX"	"48025"	"2013"	"2013"	Suppressed	32799	Suppressed
	"Texas"	"48"	"Bee County, TX"	"48025"	"2014"	"2014"	0	32863	Unreliable
	"Texas"	"48"	"Bell County, TX"	"48027"	"2006"	"2006"	13	273771	Unreliable
	"Texas"	"48"	"Bell County, TX"	"48027"	"2007"	"2007"	12	287752	Unreliable
	"Texas"	"48"	"Bell County, TX"	"48027"	"2008"	"2008"	14	297873	Unreliable
	"Texas"	"48"	"Bell County, TX"	"48027"	"2009"	"2009"	21	301050	7.0
	"Texas"	"48"	"Bell County, TX"	"48027"	"2010"	"2010"	26	310235	8.4
	"Texas"	"48"	"Bell County, TX"	"48027"	"2011"	"2011"	23	315196	7.3
	"Texas"	"48"	"Bell County, TX"	"48027"	"2012"	"2012"	30	323037	9.3
	"Texas"	"48"	"Bell County, TX"	"48027"	"2013"	"2013"	25	326843	7.6
	"Texas"	"48"	"Bell County, TX"	"48027"	"2014"	"2014"	20	329140	6.1
	"Texas"	"48"	"Bexar County, TX"	"48029"	"2006"	"2006"	169	1573935	10.7
	"Texas"	"48"	"Bexar County, TX"	"48029"	"2007"	"2007"	121	1615210	7.5
	"Texas"	"48"	"Bexar County, TX"	"48029"	"2008"	"2008"	161	1651709	9.7
	"Texas"	"48"	"Bexar County, TX"	"48029"	"2009"	"2009"	200	1685628	11.9
	"Texas"	"48"	"Bexar County, TX"	"48029"	"2010"	"2010"	195	1714773	11.4
	"Texas"	"48"	"Bexar County, TX"	"48029"	"2011"	"2011"	264	1756153	15.0
	"Texas"	"48"	"Bexar County, TX"	"48029"	"2012"	"2012"	198	1785704	11.1
	"Texas"	"48"	"Bexar County, TX"	"48029"	"2013"	"2013"	185	1817610	10.2
	"Texas"	"48"	"Bexar County, TX"	"48029"	"2014"	"2014"	192	1855866	10.3
	"Texas"	"48"	"Blanco County, TX"	"48031"	"2006"	"2006"	Suppressed	9686	Suppressed
	"Texas"	"48"	"Blanco County, TX"	"48031"	"2007"	"2007"	Suppressed	9835	Suppressed
	"Texas"	"48"	"Blanco County, TX"	"48031"	"2008"	"2008"	0	10061	Unreliable
	"Texas"	"48"	"Blanco County, TX"	"48031"	"2009"	"2009"	Suppressed	10315	Suppressed
	"Texas"	"48"	"Blanco County, TX"	"48031"	"2010"	"2010"	Suppressed	10497	Suppressed
	"Texas"	"48"	"Blanco County, TX"	"48031"	"2011"	"2011"	0	10600	Unreliable
	"Texas"	"48"	"Blanco County, TX"	"48031"	"2012"	"2012"	Suppressed	10655	Suppressed
	"Texas"	"48"	"Blanco County, TX"	"48031"	"2013"	"2013"	Suppressed	10723	Suppressed
	"Texas"	"48"	"Blanco County, TX"	"48031"	"2014"	"2014"	Suppressed	10812	Suppressed
	"Texas"	"48"	"Borden County, TX"	"48033"	"2006"	"2006"	0	634	Unreliable
	"Texas"	"48"	"Borden County, TX"	"48033"	"2007"	"2007"	0	597	Unreliable
	"Texas"	"48"	"Borden County, TX"	"48033"	"2008"	"2008"	0	612	Unreliable
	"Texas"	"48"	"Borden County, TX"	"48033"	"2009"	"2009"	0	618	Unreliable
	"Texas"	"48"	"Borden County, TX"	"48033"	"2010"	"2010"	0	641	Unreliable
	"Texas"	"48"	"Borden County, TX"	"48033"	"2011"	"2011"	0	626	Unreliable
	"Texas"	"48"	"Borden County, TX"	"48033"	"2012"	"2012"	0	616	Unreliable
	"Texas"	"48"	"Borden County, TX"	"48033"	"2013"	"2013"	0	637	Unreliable
	"Texas"	"48"	"Borden County, TX"	"48033"	"2014"	"2014"	0	652	Unreliable
	"Texas"	"48"	"Bosque County, TX"	"48035"	"2006"	"2006"	Suppressed	18046	Suppressed
	"Texas"	"48"	"Bosque County, TX"	"48035"	"2007"	"2007"	Suppressed	18077	Suppressed
	"Texas"	"48"	"Bosque County, TX"	"48035"	"2008"	"2008"	Suppressed	17939	Suppressed
	"Texas"	"48"	"Bosque County, TX"	"48035"	"2009"	"2009"	Suppressed	18004	Suppressed
	"Texas"	"48"	"Bosque County, TX"	"48035"	"2010"	"2010"	Suppressed	18212	Suppressed
	"Texas"	"48"	"Bosque County, TX"	"48035"	"2011"	"2011"	Suppressed	18306	Suppressed
	"Texas"	"48"	"Bosque County, TX"	"48035"	"2012"	"2012"	Suppressed	18125	Suppressed
	"Texas"	"48"	"Bosque County, TX"	"48035"	"2013"	"2013"	Suppressed	17855	Suppressed
	"Texas"	"48"	"Bosque County, TX"	"48035"	"2014"	"2014"	0	17780	Unreliable
	"Texas"	"48"	"Bowie County, TX"	"48037"	"2006"	"2006"	Suppressed	90235	Suppressed
	"Texas"	"48"	"Bowie County, TX"	"48037"	"2007"	"2007"	Suppressed	90456	Suppressed
	"Texas"	"48"	"Bowie County, TX"	"48037"	"2008"	"2008"	Suppressed	91349	Suppressed
	"Texas"	"48"	"Bowie County, TX"	"48037"	"2009"	"2009"	10	92231	Unreliable
	"Texas"	"48"	"Bowie County, TX"	"48037"	"2010"	"2010"	Suppressed	92565	Suppressed
	"Texas"	"48"	"Bowie County, TX"	"48037"	"2011"	"2011"	Suppressed	92793	Suppressed
	"Texas"	"48"	"Bowie County, TX"	"48037"	"2012"	"2012"	Suppressed	93148	Suppressed
	"Texas"	"48"	"Bowie County, TX"	"48037"	"2013"	"2013"	Suppressed	93487	Suppressed
	"Texas"	"48"	"Bowie County, TX"	"48037"	"2014"	"2014"	Suppressed	93275	Suppressed
	"Texas"	"48"	"Brazoria County, TX"	"48039"	"2006"	"2006"	34	284248	12.0
	"Texas"	"48"	"Brazoria County, TX"	"48039"	"2007"	"2007"	25	293296	8.5
	"Texas"	"48"	"Brazoria County, TX"	"48039"	"2008"	"2008"	27	301336	9.0
	"Texas"	"48"	"Brazoria County, TX"	"48039"	"2009"	"2009"	40	309236	12.9
	"Texas"	"48"	"Brazoria County, TX"	"48039"	"2010"	"2010"	27	313166	8.6
	"Texas"	"48"	"Brazoria County, TX"	"48039"	"2011"	"2011"	44	319973	13.8
	"Texas"	"48"	"Brazoria County, TX"	"48039"	"2012"	"2012"	40	324769	12.3
	"Texas"	"48"	"Brazoria County, TX"	"48039"	"2013"	"2013"	31	330242	9.4
	"Texas"	"48"	"Brazoria County, TX"	"48039"	"2014"	"2014"	20	338124	5.9
	"Texas"	"48"	"Brazos County, TX"	"48041"	"2006"	"2006"	14	175433	Unreliable
	"Texas"	"48"	"Brazos County, TX"	"48041"	"2007"	"2007"	Suppressed	179472	Suppressed
	"Texas"	"48"	"Brazos County, TX"	"48041"	"2008"	"2008"	13	185098	Unreliable
	"Texas"	"48"	"Brazos County, TX"	"48041"	"2009"	"2009"	Suppressed	191434	Suppressed
	"Texas"	"48"	"Brazos County, TX"	"48041"	"2010"	"2010"	13	194851	Unreliable
	"Texas"	"48"	"Brazos County, TX"	"48041"	"2011"	"2011"	19	197632	Unreliable
	"Texas"	"48"	"Brazos County, TX"	"48041"	"2012"	"2012"	Suppressed	200665	Suppressed
	"Texas"	"48"	"Brazos County, TX"	"48041"	"2013"	"2013"	12	203164	Unreliable
	"Texas"	"48"	"Brazos County, TX"	"48041"	"2014"	"2014"	24	209152	11.5
	"Texas"	"48"	"Brewster County, TX"	"48043"	"2006"	"2006"	0	8790	Unreliable
	"Texas"	"48"	"Brewster County, TX"	"48043"	"2007"	"2007"	0	8843	Unreliable
	"Texas"	"48"	"Brewster County, TX"	"48043"	"2008"	"2008"	Suppressed	8868	Suppressed
	"Texas"	"48"	"Brewster County, TX"	"48043"	"2009"	"2009"	0	9054	Unreliable
	"Texas"	"48"	"Brewster County, TX"	"48043"	"2010"	"2010"	0	9232	Unreliable
	"Texas"	"48"	"Brewster County, TX"	"48043"	"2011"	"2011"	Suppressed	9386	Suppressed
	"Texas"	"48"	"Brewster County, TX"	"48043"	"2012"	"2012"	Suppressed	9316	Suppressed
	"Texas"	"48"	"Brewster County, TX"	"48043"	"2013"	"2013"	Suppressed	9286	Suppressed
	"Texas"	"48"	"Brewster County, TX"	"48043"	"2014"	"2014"	Suppressed	9173	Suppressed
	"Texas"	"48"	"Briscoe County, TX"	"48045"	"2006"	"2006"	0	1704	Unreliable
	"Texas"	"48"	"Briscoe County, TX"	"48045"	"2007"	"2007"	0	1647	Unreliable
	"Texas"	"48"	"Briscoe County, TX"	"48045"	"2008"	"2008"	Suppressed	1651	Suppressed
	"Texas"	"48"	"Briscoe County, TX"	"48045"	"2009"	"2009"	0	1634	Unreliable
	"Texas"	"48"	"Briscoe County, TX"	"48045"	"2010"	"2010"	0	1637	Unreliable
	"Texas"	"48"	"Briscoe County, TX"	"48045"	"2011"	"2011"	0	1651	Unreliable
	"Texas"	"48"	"Briscoe County, TX"	"48045"	"2012"	"2012"	0	1561	Unreliable
	"Texas"	"48"	"Briscoe County, TX"	"48045"	"2013"	"2013"	0	1537	Unreliable
	"Texas"	"48"	"Briscoe County, TX"	"48045"	"2014"	"2014"	0	1536	Unreliable
	"Texas"	"48"	"Brooks County, TX"	"48047"	"2006"	"2006"	Suppressed	7490	Suppressed
	"Texas"	"48"	"Brooks County, TX"	"48047"	"2007"	"2007"	Suppressed	7413	Suppressed
	"Texas"	"48"	"Brooks County, TX"	"48047"	"2008"	"2008"	Suppressed	7345	Suppressed
	"Texas"	"48"	"Brooks County, TX"	"48047"	"2009"	"2009"	Suppressed	7297	Suppressed
	"Texas"	"48"	"Brooks County, TX"	"48047"	"2010"	"2010"	0	7223	Unreliable
	"Texas"	"48"	"Brooks County, TX"	"48047"	"2011"	"2011"	0	7222	Unreliable
	"Texas"	"48"	"Brooks County, TX"	"48047"	"2012"	"2012"	Suppressed	7161	Suppressed
	"Texas"	"48"	"Brooks County, TX"	"48047"	"2013"	"2013"	0	7237	Unreliable
	"Texas"	"48"	"Brooks County, TX"	"48047"	"2014"	"2014"	Suppressed	7194	Suppressed
	"Texas"	"48"	"Brown County, TX"	"48049"	"2006"	"2006"	Suppressed	38492	Suppressed
	"Texas"	"48"	"Brown County, TX"	"48049"	"2007"	"2007"	Suppressed	38221	Suppressed
	"Texas"	"48"	"Brown County, TX"	"48049"	"2008"	"2008"	Suppressed	38135	Suppressed
	"Texas"	"48"	"Brown County, TX"	"48049"	"2009"	"2009"	Suppressed	38001	Suppressed
	"Texas"	"48"	"Brown County, TX"	"48049"	"2010"	"2010"	Suppressed	38106	Suppressed
	"Texas"	"48"	"Brown County, TX"	"48049"	"2011"	"2011"	Suppressed	38186	Suppressed
	"Texas"	"48"	"Brown County, TX"	"48049"	"2012"	"2012"	Suppressed	37825	Suppressed
	"Texas"	"48"	"Brown County, TX"	"48049"	"2013"	"2013"	Suppressed	37749	Suppressed
	"Texas"	"48"	"Brown County, TX"	"48049"	"2014"	"2014"	Suppressed	37653	Suppressed
	"Texas"	"48"	"Burleson County, TX"	"48051"	"2006"	"2006"	0	17000	Unreliable
	"Texas"	"48"	"Burleson County, TX"	"48051"	"2007"	"2007"	Suppressed	16982	Suppressed
	"Texas"	"48"	"Burleson County, TX"	"48051"	"2008"	"2008"	Suppressed	17025	Suppressed
	"Texas"	"48"	"Burleson County, TX"	"48051"	"2009"	"2009"	Suppressed	17076	Suppressed
	"Texas"	"48"	"Burleson County, TX"	"48051"	"2010"	"2010"	Suppressed	17187	Suppressed
	"Texas"	"48"	"Burleson County, TX"	"48051"	"2011"	"2011"	Suppressed	17251	Suppressed
	"Texas"	"48"	"Burleson County, TX"	"48051"	"2012"	"2012"	Suppressed	17291	Suppressed
	"Texas"	"48"	"Burleson County, TX"	"48051"	"2013"	"2013"	Suppressed	17169	Suppressed
	"Texas"	"48"	"Burleson County, TX"	"48051"	"2014"	"2014"	Suppressed	17253	Suppressed
	"Texas"	"48"	"Burnet County, TX"	"48053"	"2006"	"2006"	Suppressed	41109	Suppressed
	"Texas"	"48"	"Burnet County, TX"	"48053"	"2007"	"2007"	Suppressed	42026	Suppressed
	"Texas"	"48"	"Burnet County, TX"	"48053"	"2008"	"2008"	Suppressed	42477	Suppressed
	"Texas"	"48"	"Burnet County, TX"	"48053"	"2009"	"2009"	Suppressed	42611	Suppressed
	"Texas"	"48"	"Burnet County, TX"	"48053"	"2010"	"2010"	Suppressed	42750	Suppressed
	"Texas"	"48"	"Burnet County, TX"	"48053"	"2011"	"2011"	Suppressed	43117	Suppressed
	"Texas"	"48"	"Burnet County, TX"	"48053"	"2012"	"2012"	Suppressed	43448	Suppressed
	"Texas"	"48"	"Burnet County, TX"	"48053"	"2013"	"2013"	Suppressed	43823	Suppressed
	"Texas"	"48"	"Burnet County, TX"	"48053"	"2014"	"2014"	Suppressed	44943	Suppressed
	"Texas"	"48"	"Caldwell County, TX"	"48055"	"2006"	"2006"	Suppressed	36533	Suppressed
	"Texas"	"48"	"Caldwell County, TX"	"48055"	"2007"	"2007"	Suppressed	36906	Suppressed
	"Texas"	"48"	"Caldwell County, TX"	"48055"	"2008"	"2008"	Suppressed	37671	Suppressed
	"Texas"	"48"	"Caldwell County, TX"	"48055"	"2009"	"2009"	Suppressed	37829	Suppressed
	"Texas"	"48"	"Caldwell County, TX"	"48055"	"2010"	"2010"	Suppressed	38066	Suppressed
	"Texas"	"48"	"Caldwell County, TX"	"48055"	"2011"	"2011"	Suppressed	38442	Suppressed
	"Texas"	"48"	"Caldwell County, TX"	"48055"	"2012"	"2012"	0	38734	Unreliable
	"Texas"	"48"	"Caldwell County, TX"	"48055"	"2013"	"2013"	Suppressed	39232	Suppressed
	"Texas"	"48"	"Caldwell County, TX"	"48055"	"2014"	"2014"	Suppressed	39810	Suppressed
	"Texas"	"48"	"Calhoun County, TX"	"48057"	"2006"	"2006"	0	20839	Unreliable
	"Texas"	"48"	"Calhoun County, TX"	"48057"	"2007"	"2007"	0	20888	Unreliable
	"Texas"	"48"	"Calhoun County, TX"	"48057"	"2008"	"2008"	Suppressed	21127	Suppressed
	"Texas"	"48"	"Calhoun County, TX"	"48057"	"2009"	"2009"	Suppressed	21388	Suppressed
	"Texas"	"48"	"Calhoun County, TX"	"48057"	"2010"	"2010"	Suppressed	21381	Suppressed
	"Texas"	"48"	"Calhoun County, TX"	"48057"	"2011"	"2011"	Suppressed	21442	Suppressed
	"Texas"	"48"	"Calhoun County, TX"	"48057"	"2012"	"2012"	Suppressed	21609	Suppressed
	"Texas"	"48"	"Calhoun County, TX"	"48057"	"2013"	"2013"	Suppressed	21806	Suppressed
	"Texas"	"48"	"Calhoun County, TX"	"48057"	"2014"	"2014"	Suppressed	21797	Suppressed
	"Texas"	"48"	"Callahan County, TX"	"48059"	"2006"	"2006"	0	13309	Unreliable
	"Texas"	"48"	"Callahan County, TX"	"48059"	"2007"	"2007"	Suppressed	13418	Suppressed
	"Texas"	"48"	"Callahan County, TX"	"48059"	"2008"	"2008"	Suppressed	13474	Suppressed
	"Texas"	"48"	"Callahan County, TX"	"48059"	"2009"	"2009"	Suppressed	13548	Suppressed
	"Texas"	"48"	"Callahan County, TX"	"48059"	"2010"	"2010"	0	13544	Unreliable
	"Texas"	"48"	"Callahan County, TX"	"48059"	"2011"	"2011"	Suppressed	13515	Suppressed
	"Texas"	"48"	"Callahan County, TX"	"48059"	"2012"	"2012"	0	13517	Unreliable
	"Texas"	"48"	"Callahan County, TX"	"48059"	"2013"	"2013"	Suppressed	13525	Suppressed
	"Texas"	"48"	"Callahan County, TX"	"48059"	"2014"	"2014"	Suppressed	13513	Suppressed
	"Texas"	"48"	"Cameron County, TX"	"48061"	"2006"	"2006"	12	380169	Unreliable
	"Texas"	"48"	"Cameron County, TX"	"48061"	"2007"	"2007"	14	386306	Unreliable
	"Texas"	"48"	"Cameron County, TX"	"48061"	"2008"	"2008"	19	393000	Unreliable
	"Texas"	"48"	"Cameron County, TX"	"48061"	"2009"	"2009"	28	400303	7.0
	"Texas"	"48"	"Cameron County, TX"	"48061"	"2010"	"2010"	14	406220	Unreliable
	"Texas"	"48"	"Cameron County, TX"	"48061"	"2011"	"2011"	11	414123	Unreliable
	"Texas"	"48"	"Cameron County, TX"	"48061"	"2012"	"2012"	20	415557	4.8
	"Texas"	"48"	"Cameron County, TX"	"48061"	"2013"	"2013"	Suppressed	417276	Suppressed
	"Texas"	"48"	"Cameron County, TX"	"48061"	"2014"	"2014"	Suppressed	420392	Suppressed
	"Texas"	"48"	"Camp County, TX"	"48063"	"2006"	"2006"	Suppressed	12068	Suppressed
	"Texas"	"48"	"Camp County, TX"	"48063"	"2007"	"2007"	0	12253	Unreliable
	"Texas"	"48"	"Camp County, TX"	"48063"	"2008"	"2008"	Suppressed	12331	Suppressed
	"Texas"	"48"	"Camp County, TX"	"48063"	"2009"	"2009"	0	12364	Unreliable
	"Texas"	"48"	"Camp County, TX"	"48063"	"2010"	"2010"	0	12401	Unreliable
	"Texas"	"48"	"Camp County, TX"	"48063"	"2011"	"2011"	0	12407	Unreliable
	"Texas"	"48"	"Camp County, TX"	"48063"	"2012"	"2012"	0	12449	Unreliable
	"Texas"	"48"	"Camp County, TX"	"48063"	"2013"	"2013"	Suppressed	12413	Suppressed
	"Texas"	"48"	"Camp County, TX"	"48063"	"2014"	"2014"	0	12621	Unreliable
	"Texas"	"48"	"Carson County, TX"	"48065"	"2006"	"2006"	Suppressed	6413	Suppressed
	"Texas"	"48"	"Carson County, TX"	"48065"	"2007"	"2007"	Suppressed	6361	Suppressed
	"Texas"	"48"	"Carson County, TX"	"48065"	"2008"	"2008"	Suppressed	6260	Suppressed
	"Texas"	"48"	"Carson County, TX"	"48065"	"2009"	"2009"	Suppressed	6220	Suppressed
	"Texas"	"48"	"Carson County, TX"	"48065"	"2010"	"2010"	Suppressed	6182	Suppressed
	"Texas"	"48"	"Carson County, TX"	"48065"	"2011"	"2011"	Suppressed	6259	Suppressed
	"Texas"	"48"	"Carson County, TX"	"48065"	"2012"	"2012"	0	6157	Unreliable
	"Texas"	"48"	"Carson County, TX"	"48065"	"2013"	"2013"	0	6010	Unreliable
	"Texas"	"48"	"Carson County, TX"	"48065"	"2014"	"2014"	0	6013	Unreliable
	"Texas"	"48"	"Cass County, TX"	"48067"	"2006"	"2006"	Suppressed	30095	Suppressed
	"Texas"	"48"	"Cass County, TX"	"48067"	"2007"	"2007"	Suppressed	30176	Suppressed
	"Texas"	"48"	"Cass County, TX"	"48067"	"2008"	"2008"	Suppressed	30217	Suppressed
	"Texas"	"48"	"Cass County, TX"	"48067"	"2009"	"2009"	Suppressed	30297	Suppressed
	"Texas"	"48"	"Cass County, TX"	"48067"	"2010"	"2010"	Suppressed	30464	Suppressed
	"Texas"	"48"	"Cass County, TX"	"48067"	"2011"	"2011"	Suppressed	30256	Suppressed
	"Texas"	"48"	"Cass County, TX"	"48067"	"2012"	"2012"	Suppressed	30166	Suppressed
	"Texas"	"48"	"Cass County, TX"	"48067"	"2013"	"2013"	0	30331	Unreliable
	"Texas"	"48"	"Cass County, TX"	"48067"	"2014"	"2014"	Suppressed	30261	Suppressed
	"Texas"	"48"	"Castro County, TX"	"48069"	"2006"	"2006"	0	7780	Unreliable
	"Texas"	"48"	"Castro County, TX"	"48069"	"2007"	"2007"	0	7737	Unreliable
	"Texas"	"48"	"Castro County, TX"	"48069"	"2008"	"2008"	0	7758	Unreliable
	"Texas"	"48"	"Castro County, TX"	"48069"	"2009"	"2009"	0	7856	Unreliable
	"Texas"	"48"	"Castro County, TX"	"48069"	"2010"	"2010"	0	8062	Unreliable
	"Texas"	"48"	"Castro County, TX"	"48069"	"2011"	"2011"	0	8116	Unreliable
	"Texas"	"48"	"Castro County, TX"	"48069"	"2012"	"2012"	0	8164	Unreliable
	"Texas"	"48"	"Castro County, TX"	"48069"	"2013"	"2013"	0	8030	Unreliable
	"Texas"	"48"	"Castro County, TX"	"48069"	"2014"	"2014"	0	7781	Unreliable
	"Texas"	"48"	"Chambers County, TX"	"48071"	"2006"	"2006"	Suppressed	29980	Suppressed
	"Texas"	"48"	"Chambers County, TX"	"48071"	"2007"	"2007"	Suppressed	30714	Suppressed
	"Texas"	"48"	"Chambers County, TX"	"48071"	"2008"	"2008"	Suppressed	31619	Suppressed
	"Texas"	"48"	"Chambers County, TX"	"48071"	"2009"	"2009"	Suppressed	34230	Suppressed
	"Texas"	"48"	"Chambers County, TX"	"48071"	"2010"	"2010"	Suppressed	35096	Suppressed
	"Texas"	"48"	"Chambers County, TX"	"48071"	"2011"	"2011"	Suppressed	35552	Suppressed
	"Texas"	"48"	"Chambers County, TX"	"48071"	"2012"	"2012"	Suppressed	36196	Suppressed
	"Texas"	"48"	"Chambers County, TX"	"48071"	"2013"	"2013"	Suppressed	36812	Suppressed
	"Texas"	"48"	"Chambers County, TX"	"48071"	"2014"	"2014"	Suppressed	38145	Suppressed
	"Texas"	"48"	"Cherokee County, TX"	"48073"	"2006"	"2006"	Suppressed	49162	Suppressed
	"Texas"	"48"	"Cherokee County, TX"	"48073"	"2007"	"2007"	Suppressed	49669	Suppressed
	"Texas"	"48"	"Cherokee County, TX"	"48073"	"2008"	"2008"	Suppressed	49976	Suppressed
	"Texas"	"48"	"Cherokee County, TX"	"48073"	"2009"	"2009"	Suppressed	50447	Suppressed
	"Texas"	"48"	"Cherokee County, TX"	"48073"	"2010"	"2010"	Suppressed	50845	Suppressed
	"Texas"	"48"	"Cherokee County, TX"	"48073"	"2011"	"2011"	Suppressed	51140	Suppressed
	"Texas"	"48"	"Cherokee County, TX"	"48073"	"2012"	"2012"	Suppressed	51206	Suppressed
	"Texas"	"48"	"Cherokee County, TX"	"48073"	"2013"	"2013"	Suppressed	50878	Suppressed
	"Texas"	"48"	"Cherokee County, TX"	"48073"	"2014"	"2014"	Suppressed	50902	Suppressed
	"Texas"	"48"	"Childress County, TX"	"48075"	"2006"	"2006"	0	7214	Unreliable
	"Texas"	"48"	"Childress County, TX"	"48075"	"2007"	"2007"	Suppressed	7148	Suppressed
	"Texas"	"48"	"Childress County, TX"	"48075"	"2008"	"2008"	0	7123	Unreliable
	"Texas"	"48"	"Childress County, TX"	"48075"	"2009"	"2009"	Suppressed	7030	Suppressed
	"Texas"	"48"	"Childress County, TX"	"48075"	"2010"	"2010"	0	7041	Unreliable
	"Texas"	"48"	"Childress County, TX"	"48075"	"2011"	"2011"	0	6984	Unreliable
	"Texas"	"48"	"Childress County, TX"	"48075"	"2012"	"2012"	Suppressed	7029	Suppressed
	"Texas"	"48"	"Childress County, TX"	"48075"	"2013"	"2013"	Suppressed	7095	Suppressed
	"Texas"	"48"	"Childress County, TX"	"48075"	"2014"	"2014"	0	7089	Unreliable
	"Texas"	"48"	"Clay County, TX"	"48077"	"2006"	"2006"	Suppressed	11157	Suppressed
	"Texas"	"48"	"Clay County, TX"	"48077"	"2007"	"2007"	Suppressed	11051	Suppressed
	"Texas"	"48"	"Clay County, TX"	"48077"	"2008"	"2008"	0	10843	Unreliable
	"Texas"	"48"	"Clay County, TX"	"48077"	"2009"	"2009"	0	10832	Unreliable
	"Texas"	"48"	"Clay County, TX"	"48077"	"2010"	"2010"	Suppressed	10752	Suppressed
	"Texas"	"48"	"Clay County, TX"	"48077"	"2011"	"2011"	Suppressed	10721	Suppressed
	"Texas"	"48"	"Clay County, TX"	"48077"	"2012"	"2012"	Suppressed	10535	Suppressed
	"Texas"	"48"	"Clay County, TX"	"48077"	"2013"	"2013"	0	10473	Unreliable
	"Texas"	"48"	"Clay County, TX"	"48077"	"2014"	"2014"	Suppressed	10370	Suppressed
	"Texas"	"48"	"Cochran County, TX"	"48079"	"2006"	"2006"	0	3257	Unreliable
	"Texas"	"48"	"Cochran County, TX"	"48079"	"2007"	"2007"	0	3194	Unreliable
	"Texas"	"48"	"Cochran County, TX"	"48079"	"2008"	"2008"	0	3100	Unreliable
	"Texas"	"48"	"Cochran County, TX"	"48079"	"2009"	"2009"	0	3086	Unreliable
	"Texas"	"48"	"Cochran County, TX"	"48079"	"2010"	"2010"	0	3127	Unreliable
	"Texas"	"48"	"Cochran County, TX"	"48079"	"2011"	"2011"	0	3109	Unreliable
	"Texas"	"48"	"Cochran County, TX"	"48079"	"2012"	"2012"	0	3046	Unreliable
	"Texas"	"48"	"Cochran County, TX"	"48079"	"2013"	"2013"	0	3016	Unreliable
	"Texas"	"48"	"Cochran County, TX"	"48079"	"2014"	"2014"	Suppressed	2935	Suppressed
	"Texas"	"48"	"Coke County, TX"	"48081"	"2006"	"2006"	0	3492	Unreliable
	"Texas"	"48"	"Coke County, TX"	"48081"	"2007"	"2007"	0	3375	Unreliable
	"Texas"	"48"	"Coke County, TX"	"48081"	"2008"	"2008"	Suppressed	3348	Suppressed
	"Texas"	"48"	"Coke County, TX"	"48081"	"2009"	"2009"	Suppressed	3310	Suppressed
	"Texas"	"48"	"Coke County, TX"	"48081"	"2010"	"2010"	0	3320	Unreliable
	"Texas"	"48"	"Coke County, TX"	"48081"	"2011"	"2011"	0	3305	Unreliable
	"Texas"	"48"	"Coke County, TX"	"48081"	"2012"	"2012"	0	3231	Unreliable
	"Texas"	"48"	"Coke County, TX"	"48081"	"2013"	"2013"	0	3210	Unreliable
	"Texas"	"48"	"Coke County, TX"	"48081"	"2014"	"2014"	0	3254	Unreliable
	"Texas"	"48"	"Coleman County, TX"	"48083"	"2006"	"2006"	0	8853	Unreliable
	"Texas"	"48"	"Coleman County, TX"	"48083"	"2007"	"2007"	Suppressed	8774	Suppressed
	"Texas"	"48"	"Coleman County, TX"	"48083"	"2008"	"2008"	0	8899	Unreliable
	"Texas"	"48"	"Coleman County, TX"	"48083"	"2009"	"2009"	0	8867	Unreliable
	"Texas"	"48"	"Coleman County, TX"	"48083"	"2010"	"2010"	0	8895	Unreliable
	"Texas"	"48"	"Coleman County, TX"	"48083"	"2011"	"2011"	0	8763	Unreliable
	"Texas"	"48"	"Coleman County, TX"	"48083"	"2012"	"2012"	Suppressed	8675	Suppressed
	"Texas"	"48"	"Coleman County, TX"	"48083"	"2013"	"2013"	0	8543	Unreliable
	"Texas"	"48"	"Coleman County, TX"	"48083"	"2014"	"2014"	0	8430	Unreliable
	"Texas"	"48"	"Collin County, TX"	"48085"	"2006"	"2006"	35	683935	5.1
	"Texas"	"48"	"Collin County, TX"	"48085"	"2007"	"2007"	31	714330	4.3
	"Texas"	"48"	"Collin County, TX"	"48085"	"2008"	"2008"	34	741264	4.6
	"Texas"	"48"	"Collin County, TX"	"48085"	"2009"	"2009"	57	765791	7.4
	"Texas"	"48"	"Collin County, TX"	"48085"	"2010"	"2010"	59	782341	7.5
	"Texas"	"48"	"Collin County, TX"	"48085"	"2011"	"2011"	69	812226	8.5
	"Texas"	"48"	"Collin County, TX"	"48085"	"2012"	"2012"	66	834642	7.9
	"Texas"	"48"	"Collin County, TX"	"48085"	"2013"	"2013"	60	854778	7.0
	"Texas"	"48"	"Collin County, TX"	"48085"	"2014"	"2014"	70	885241	7.9
	"Texas"	"48"	"Collingsworth County, TX"	"48087"	"2006"	"2006"	0	2952	Unreliable
	"Texas"	"48"	"Collingsworth County, TX"	"48087"	"2007"	"2007"	0	2973	Unreliable
	"Texas"	"48"	"Collingsworth County, TX"	"48087"	"2008"	"2008"	0	3017	Unreliable
	"Texas"	"48"	"Collingsworth County, TX"	"48087"	"2009"	"2009"	0	3042	Unreliable
	"Texas"	"48"	"Collingsworth County, TX"	"48087"	"2010"	"2010"	Suppressed	3057	Suppressed
	"Texas"	"48"	"Collingsworth County, TX"	"48087"	"2011"	"2011"	0	3092	Unreliable
	"Texas"	"48"	"Collingsworth County, TX"	"48087"	"2012"	"2012"	Suppressed	3036	Suppressed
	"Texas"	"48"	"Collingsworth County, TX"	"48087"	"2013"	"2013"	Suppressed	3099	Suppressed
	"Texas"	"48"	"Collingsworth County, TX"	"48087"	"2014"	"2014"	Suppressed	3017	Suppressed
	"Texas"	"48"	"Colorado County, TX"	"48089"	"2006"	"2006"	Suppressed	20608	Suppressed
	"Texas"	"48"	"Colorado County, TX"	"48089"	"2007"	"2007"	Suppressed	20648	Suppressed
	"Texas"	"48"	"Colorado County, TX"	"48089"	"2008"	"2008"	Suppressed	20818	Suppressed
	"Texas"	"48"	"Colorado County, TX"	"48089"	"2009"	"2009"	Suppressed	20784	Suppressed
	"Texas"	"48"	"Colorado County, TX"	"48089"	"2010"	"2010"	Suppressed	20874	Suppressed
	"Texas"	"48"	"Colorado County, TX"	"48089"	"2011"	"2011"	0	20816	Unreliable
	"Texas"	"48"	"Colorado County, TX"	"48089"	"2012"	"2012"	Suppressed	20696	Suppressed
	"Texas"	"48"	"Colorado County, TX"	"48089"	"2013"	"2013"	Suppressed	20752	Suppressed
	"Texas"	"48"	"Colorado County, TX"	"48089"	"2014"	"2014"	0	20719	Unreliable
	"Texas"	"48"	"Comal County, TX"	"48091"	"2006"	"2006"	16	95637	Unreliable
	"Texas"	"48"	"Comal County, TX"	"48091"	"2007"	"2007"	Suppressed	99540	Suppressed
	"Texas"	"48"	"Comal County, TX"	"48091"	"2008"	"2008"	Suppressed	103272	Suppressed
	"Texas"	"48"	"Comal County, TX"	"48091"	"2009"	"2009"	10	106350	Unreliable
	"Texas"	"48"	"Comal County, TX"	"48091"	"2010"	"2010"	20	108472	18.4
	"Texas"	"48"	"Comal County, TX"	"48091"	"2011"	"2011"	11	111963	Unreliable
	"Texas"	"48"	"Comal County, TX"	"48091"	"2012"	"2012"	17	114384	Unreliable
	"Texas"	"48"	"Comal County, TX"	"48091"	"2013"	"2013"	Suppressed	118480	Suppressed
	"Texas"	"48"	"Comal County, TX"	"48091"	"2014"	"2014"	Suppressed	123694	Suppressed
	"Texas"	"48"	"Comanche County, TX"	"48093"	"2006"	"2006"	Suppressed	13814	Suppressed
	"Texas"	"48"	"Comanche County, TX"	"48093"	"2007"	"2007"	Suppressed	13775	Suppressed
	"Texas"	"48"	"Comanche County, TX"	"48093"	"2008"	"2008"	Suppressed	13834	Suppressed
	"Texas"	"48"	"Comanche County, TX"	"48093"	"2009"	"2009"	0	13912	Unreliable
	"Texas"	"48"	"Comanche County, TX"	"48093"	"2010"	"2010"	Suppressed	13974	Suppressed
	"Texas"	"48"	"Comanche County, TX"	"48093"	"2011"	"2011"	Suppressed	13891	Suppressed
	"Texas"	"48"	"Comanche County, TX"	"48093"	"2012"	"2012"	Suppressed	13765	Suppressed
	"Texas"	"48"	"Comanche County, TX"	"48093"	"2013"	"2013"	Suppressed	13623	Suppressed
	"Texas"	"48"	"Comanche County, TX"	"48093"	"2014"	"2014"	0	13550	Unreliable
	"Texas"	"48"	"Concho County, TX"	"48095"	"2006"	"2006"	0	3957	Unreliable
	"Texas"	"48"	"Concho County, TX"	"48095"	"2007"	"2007"	0	4018	Unreliable
	"Texas"	"48"	"Concho County, TX"	"48095"	"2008"	"2008"	Suppressed	4108	Suppressed
	"Texas"	"48"	"Concho County, TX"	"48095"	"2009"	"2009"	0	4076	Unreliable
	"Texas"	"48"	"Concho County, TX"	"48095"	"2010"	"2010"	0	4087	Unreliable
	"Texas"	"48"	"Concho County, TX"	"48095"	"2011"	"2011"	0	4081	Unreliable
	"Texas"	"48"	"Concho County, TX"	"48095"	"2012"	"2012"	0	4010	Unreliable
	"Texas"	"48"	"Concho County, TX"	"48095"	"2013"	"2013"	0	4043	Unreliable
	"Texas"	"48"	"Concho County, TX"	"48095"	"2014"	"2014"	0	4050	Unreliable
	"Texas"	"48"	"Cooke County, TX"	"48097"	"2006"	"2006"	Suppressed	38241	Suppressed
	"Texas"	"48"	"Cooke County, TX"	"48097"	"2007"	"2007"	Suppressed	38252	Suppressed
	"Texas"	"48"	"Cooke County, TX"	"48097"	"2008"	"2008"	12	38223	Unreliable
	"Texas"	"48"	"Cooke County, TX"	"48097"	"2009"	"2009"	Suppressed	38413	Suppressed
	"Texas"	"48"	"Cooke County, TX"	"48097"	"2010"	"2010"	Suppressed	38437	Suppressed
	"Texas"	"48"	"Cooke County, TX"	"48097"	"2011"	"2011"	Suppressed	38396	Suppressed
	"Texas"	"48"	"Cooke County, TX"	"48097"	"2012"	"2012"	Suppressed	38688	Suppressed
	"Texas"	"48"	"Cooke County, TX"	"48097"	"2013"	"2013"	Suppressed	38467	Suppressed
	"Texas"	"48"	"Cooke County, TX"	"48097"	"2014"	"2014"	10	38761	Unreliable
	"Texas"	"48"	"Coryell County, TX"	"48099"	"2006"	"2006"	Suppressed	72217	Suppressed
	"Texas"	"48"	"Coryell County, TX"	"48099"	"2007"	"2007"	Suppressed	73324	Suppressed
	"Texas"	"48"	"Coryell County, TX"	"48099"	"2008"	"2008"	Suppressed	74552	Suppressed
	"Texas"	"48"	"Coryell County, TX"	"48099"	"2009"	"2009"	Suppressed	74673	Suppressed
	"Texas"	"48"	"Coryell County, TX"	"48099"	"2010"	"2010"	Suppressed	75388	Suppressed
	"Texas"	"48"	"Coryell County, TX"	"48099"	"2011"	"2011"	Suppressed	76508	Suppressed
	"Texas"	"48"	"Coryell County, TX"	"48099"	"2012"	"2012"	Suppressed	77231	Suppressed
	"Texas"	"48"	"Coryell County, TX"	"48099"	"2013"	"2013"	Suppressed	76192	Suppressed
	"Texas"	"48"	"Coryell County, TX"	"48099"	"2014"	"2014"	Suppressed	75562	Suppressed
	"Texas"	"48"	"Cottle County, TX"	"48101"	"2006"	"2006"	0	1577	Unreliable
	"Texas"	"48"	"Cottle County, TX"	"48101"	"2007"	"2007"	0	1513	Unreliable
	"Texas"	"48"	"Cottle County, TX"	"48101"	"2008"	"2008"	0	1527	Unreliable
	"Texas"	"48"	"Cottle County, TX"	"48101"	"2009"	"2009"	0	1509	Unreliable
	"Texas"	"48"	"Cottle County, TX"	"48101"	"2010"	"2010"	0	1505	Unreliable
	"Texas"	"48"	"Cottle County, TX"	"48101"	"2011"	"2011"	0	1499	Unreliable
	"Texas"	"48"	"Cottle County, TX"	"48101"	"2012"	"2012"	0	1486	Unreliable
	"Texas"	"48"	"Cottle County, TX"	"48101"	"2013"	"2013"	0	1452	Unreliable
	"Texas"	"48"	"Cottle County, TX"	"48101"	"2014"	"2014"	0	1415	Unreliable
	"Texas"	"48"	"Crane County, TX"	"48103"	"2006"	"2006"	0	3855	Unreliable
	"Texas"	"48"	"Crane County, TX"	"48103"	"2007"	"2007"	Suppressed	3976	Suppressed
	"Texas"	"48"	"Crane County, TX"	"48103"	"2008"	"2008"	Suppressed	4157	Suppressed
	"Texas"	"48"	"Crane County, TX"	"48103"	"2009"	"2009"	0	4333	Unreliable
	"Texas"	"48"	"Crane County, TX"	"48103"	"2010"	"2010"	Suppressed	4375	Suppressed
	"Texas"	"48"	"Crane County, TX"	"48103"	"2011"	"2011"	0	4383	Unreliable
	"Texas"	"48"	"Crane County, TX"	"48103"	"2012"	"2012"	0	4562	Unreliable
	"Texas"	"48"	"Crane County, TX"	"48103"	"2013"	"2013"	0	4773	Unreliable
	"Texas"	"48"	"Crane County, TX"	"48103"	"2014"	"2014"	0	4950	Unreliable
	"Texas"	"48"	"Crockett County, TX"	"48105"	"2006"	"2006"	0	3739	Unreliable
	"Texas"	"48"	"Crockett County, TX"	"48105"	"2007"	"2007"	0	3759	Unreliable
	"Texas"	"48"	"Crockett County, TX"	"48105"	"2008"	"2008"	0	3783	Unreliable
	"Texas"	"48"	"Crockett County, TX"	"48105"	"2009"	"2009"	0	3740	Unreliable
	"Texas"	"48"	"Crockett County, TX"	"48105"	"2010"	"2010"	Suppressed	3719	Suppressed
	"Texas"	"48"	"Crockett County, TX"	"48105"	"2011"	"2011"	Suppressed	3722	Suppressed
	"Texas"	"48"	"Crockett County, TX"	"48105"	"2012"	"2012"	0	3743	Unreliable
	"Texas"	"48"	"Crockett County, TX"	"48105"	"2013"	"2013"	Suppressed	3807	Suppressed
	"Texas"	"48"	"Crockett County, TX"	"48105"	"2014"	"2014"	0	3812	Unreliable
	"Texas"	"48"	"Crosby County, TX"	"48107"	"2006"	"2006"	Suppressed	6466	Suppressed
	"Texas"	"48"	"Crosby County, TX"	"48107"	"2007"	"2007"	0	6262	Unreliable
	"Texas"	"48"	"Crosby County, TX"	"48107"	"2008"	"2008"	0	6192	Unreliable
	"Texas"	"48"	"Crosby County, TX"	"48107"	"2009"	"2009"	0	6057	Unreliable
	"Texas"	"48"	"Crosby County, TX"	"48107"	"2010"	"2010"	Suppressed	6059	Suppressed
	"Texas"	"48"	"Crosby County, TX"	"48107"	"2011"	"2011"	Suppressed	6092	Suppressed
	"Texas"	"48"	"Crosby County, TX"	"48107"	"2012"	"2012"	0	6126	Unreliable
	"Texas"	"48"	"Crosby County, TX"	"48107"	"2013"	"2013"	Suppressed	5991	Suppressed
	"Texas"	"48"	"Crosby County, TX"	"48107"	"2014"	"2014"	0	5899	Unreliable
	"Texas"	"48"	"Culberson County, TX"	"48109"	"2006"	"2006"	0	2587	Unreliable
	"Texas"	"48"	"Culberson County, TX"	"48109"	"2007"	"2007"	0	2536	Unreliable
	"Texas"	"48"	"Culberson County, TX"	"48109"	"2008"	"2008"	0	2490	Unreliable
	"Texas"	"48"	"Culberson County, TX"	"48109"	"2009"	"2009"	0	2384	Unreliable
	"Texas"	"48"	"Culberson County, TX"	"48109"	"2010"	"2010"	0	2398	Unreliable
	"Texas"	"48"	"Culberson County, TX"	"48109"	"2011"	"2011"	0	2383	Unreliable
	"Texas"	"48"	"Culberson County, TX"	"48109"	"2012"	"2012"	0	2290	Unreliable
	"Texas"	"48"	"Culberson County, TX"	"48109"	"2013"	"2013"	0	2277	Unreliable
	"Texas"	"48"	"Culberson County, TX"	"48109"	"2014"	"2014"	0	2266	Unreliable
	"Texas"	"48"	"Dallam County, TX"	"48111"	"2006"	"2006"	0	6205	Unreliable
	"Texas"	"48"	"Dallam County, TX"	"48111"	"2007"	"2007"	Suppressed	6336	Suppressed
	"Texas"	"48"	"Dallam County, TX"	"48111"	"2008"	"2008"	0	6506	Unreliable
	"Texas"	"48"	"Dallam County, TX"	"48111"	"2009"	"2009"	0	6571	Unreliable
	"Texas"	"48"	"Dallam County, TX"	"48111"	"2010"	"2010"	0	6703	Unreliable
	"Texas"	"48"	"Dallam County, TX"	"48111"	"2011"	"2011"	Suppressed	6866	Suppressed
	"Texas"	"48"	"Dallam County, TX"	"48111"	"2012"	"2012"	0	6996	Unreliable
	"Texas"	"48"	"Dallam County, TX"	"48111"	"2013"	"2013"	Suppressed	7057	Suppressed
	"Texas"	"48"	"Dallam County, TX"	"48111"	"2014"	"2014"	Suppressed	7135	Suppressed
	"Texas"	"48"	"Dallas County, TX"	"48113"	"2006"	"2006"	223	2275434	9.8
	"Texas"	"48"	"Dallas County, TX"	"48113"	"2007"	"2007"	226	2291891	9.9
	"Texas"	"48"	"Dallas County, TX"	"48113"	"2008"	"2008"	184	2314018	8.0
	"Texas"	"48"	"Dallas County, TX"	"48113"	"2009"	"2009"	224	2346378	9.5
	"Texas"	"48"	"Dallas County, TX"	"48113"	"2010"	"2010"	213	2368139	9.0
	"Texas"	"48"	"Dallas County, TX"	"48113"	"2011"	"2011"	240	2416014	9.9
	"Texas"	"48"	"Dallas County, TX"	"48113"	"2012"	"2012"	266	2453843	10.8
	"Texas"	"48"	"Dallas County, TX"	"48113"	"2013"	"2013"	247	2480331	10.0
	"Texas"	"48"	"Dallas County, TX"	"48113"	"2014"	"2014"	339	2518638	13.5
	"Texas"	"48"	"Dawson County, TX"	"48115"	"2006"	"2006"	Suppressed	13987	Suppressed
	"Texas"	"48"	"Dawson County, TX"	"48115"	"2007"	"2007"	Suppressed	13865	Suppressed
	"Texas"	"48"	"Dawson County, TX"	"48115"	"2008"	"2008"	Suppressed	13804	Suppressed
	"Texas"	"48"	"Dawson County, TX"	"48115"	"2009"	"2009"	Suppressed	13741	Suppressed
	"Texas"	"48"	"Dawson County, TX"	"48115"	"2010"	"2010"	0	13833	Unreliable
	"Texas"	"48"	"Dawson County, TX"	"48115"	"2011"	"2011"	Suppressed	13751	Suppressed
	"Texas"	"48"	"Dawson County, TX"	"48115"	"2012"	"2012"	Suppressed	13640	Suppressed
	"Texas"	"48"	"Dawson County, TX"	"48115"	"2013"	"2013"	Suppressed	13810	Suppressed
	"Texas"	"48"	"Dawson County, TX"	"48115"	"2014"	"2014"	0	13372	Unreliable
	"Texas"	"48"	"Deaf Smith County, TX"	"48117"	"2006"	"2006"	Suppressed	18770	Suppressed
	"Texas"	"48"	"Deaf Smith County, TX"	"48117"	"2007"	"2007"	Suppressed	18916	Suppressed
	"Texas"	"48"	"Deaf Smith County, TX"	"48117"	"2008"	"2008"	Suppressed	19054	Suppressed
	"Texas"	"48"	"Deaf Smith County, TX"	"48117"	"2009"	"2009"	Suppressed	19084	Suppressed
	"Texas"	"48"	"Deaf Smith County, TX"	"48117"	"2010"	"2010"	Suppressed	19372	Suppressed
	"Texas"	"48"	"Deaf Smith County, TX"	"48117"	"2011"	"2011"	Suppressed	19595	Suppressed
	"Texas"	"48"	"Deaf Smith County, TX"	"48117"	"2012"	"2012"	Suppressed	19360	Suppressed
	"Texas"	"48"	"Deaf Smith County, TX"	"48117"	"2013"	"2013"	Suppressed	19177	Suppressed
	"Texas"	"48"	"Deaf Smith County, TX"	"48117"	"2014"	"2014"	Suppressed	19195	Suppressed
	"Texas"	"48"	"Delta County, TX"	"48119"	"2006"	"2006"	0	5355	Unreliable
	"Texas"	"48"	"Delta County, TX"	"48119"	"2007"	"2007"	0	5199	Unreliable
	"Texas"	"48"	"Delta County, TX"	"48119"	"2008"	"2008"	Suppressed	5252	Suppressed
	"Texas"	"48"	"Delta County, TX"	"48119"	"2009"	"2009"	Suppressed	5180	Suppressed
	"Texas"	"48"	"Delta County, TX"	"48119"	"2010"	"2010"	Suppressed	5231	Suppressed
	"Texas"	"48"	"Delta County, TX"	"48119"	"2011"	"2011"	Suppressed	5212	Suppressed
	"Texas"	"48"	"Delta County, TX"	"48119"	"2012"	"2012"	0	5329	Unreliable
	"Texas"	"48"	"Delta County, TX"	"48119"	"2013"	"2013"	Suppressed	5238	Suppressed
	"Texas"	"48"	"Delta County, TX"	"48119"	"2014"	"2014"	0	5238	Unreliable
	"Texas"	"48"	"Denton County, TX"	"48121"	"2006"	"2006"	32	584561	5.5
	"Texas"	"48"	"Denton County, TX"	"48121"	"2007"	"2007"	33	609001	5.4
	"Texas"	"48"	"Denton County, TX"	"48121"	"2008"	"2008"	52	630104	8.3
	"Texas"	"48"	"Denton County, TX"	"48121"	"2009"	"2009"	43	649702	6.6
	"Texas"	"48"	"Denton County, TX"	"48121"	"2010"	"2010"	53	662614	8.0
	"Texas"	"48"	"Denton County, TX"	"48121"	"2011"	"2011"	72	686406	10.5
	"Texas"	"48"	"Denton County, TX"	"48121"	"2012"	"2012"	56	707304	7.9
	"Texas"	"48"	"Denton County, TX"	"48121"	"2013"	"2013"	49	728799	6.7
	"Texas"	"48"	"Denton County, TX"	"48121"	"2014"	"2014"	50	753363	6.6
	"Texas"	"48"	"DeWitt County, TX"	"48123"	"2006"	"2006"	0	20108	Unreliable
	"Texas"	"48"	"DeWitt County, TX"	"48123"	"2007"	"2007"	Suppressed	19961	Suppressed
	"Texas"	"48"	"DeWitt County, TX"	"48123"	"2008"	"2008"	Suppressed	19902	Suppressed
	"Texas"	"48"	"DeWitt County, TX"	"48123"	"2009"	"2009"	Suppressed	20048	Suppressed
	"Texas"	"48"	"DeWitt County, TX"	"48123"	"2010"	"2010"	0	20097	Unreliable
	"Texas"	"48"	"DeWitt County, TX"	"48123"	"2011"	"2011"	Suppressed	20255	Suppressed
	"Texas"	"48"	"DeWitt County, TX"	"48123"	"2012"	"2012"	Suppressed	20465	Suppressed
	"Texas"	"48"	"DeWitt County, TX"	"48123"	"2013"	"2013"	Suppressed	20503	Suppressed
	"Texas"	"48"	"DeWitt County, TX"	"48123"	"2014"	"2014"	Suppressed	20684	Suppressed
	"Texas"	"48"	"Dickens County, TX"	"48125"	"2006"	"2006"	0	2466	Unreliable
	"Texas"	"48"	"Dickens County, TX"	"48125"	"2007"	"2007"	0	2461	Unreliable
	"Texas"	"48"	"Dickens County, TX"	"48125"	"2008"	"2008"	0	2400	Unreliable
	"Texas"	"48"	"Dickens County, TX"	"48125"	"2009"	"2009"	0	2423	Unreliable
	"Texas"	"48"	"Dickens County, TX"	"48125"	"2010"	"2010"	0	2444	Unreliable
	"Texas"	"48"	"Dickens County, TX"	"48125"	"2011"	"2011"	0	2402	Unreliable
	"Texas"	"48"	"Dickens County, TX"	"48125"	"2012"	"2012"	0	2323	Unreliable
	"Texas"	"48"	"Dickens County, TX"	"48125"	"2013"	"2013"	0	2291	Unreliable
	"Texas"	"48"	"Dickens County, TX"	"48125"	"2014"	"2014"	0	2218	Unreliable
	"Texas"	"48"	"Dimmit County, TX"	"48127"	"2006"	"2006"	0	9972	Unreliable
	"Texas"	"48"	"Dimmit County, TX"	"48127"	"2007"	"2007"	0	9845	Unreliable
	"Texas"	"48"	"Dimmit County, TX"	"48127"	"2008"	"2008"	0	9833	Unreliable
	"Texas"	"48"	"Dimmit County, TX"	"48127"	"2009"	"2009"	Suppressed	9848	Suppressed
	"Texas"	"48"	"Dimmit County, TX"	"48127"	"2010"	"2010"	Suppressed	9996	Suppressed
	"Texas"	"48"	"Dimmit County, TX"	"48127"	"2011"	"2011"	0	10118	Unreliable
	"Texas"	"48"	"Dimmit County, TX"	"48127"	"2012"	"2012"	Suppressed	10461	Suppressed
	"Texas"	"48"	"Dimmit County, TX"	"48127"	"2013"	"2013"	0	10897	Unreliable
	"Texas"	"48"	"Dimmit County, TX"	"48127"	"2014"	"2014"	Suppressed	11089	Suppressed
	"Texas"	"48"	"Donley County, TX"	"48129"	"2006"	"2006"	0	3779	Unreliable
	"Texas"	"48"	"Donley County, TX"	"48129"	"2007"	"2007"	0	3806	Unreliable
	"Texas"	"48"	"Donley County, TX"	"48129"	"2008"	"2008"	0	3688	Unreliable
	"Texas"	"48"	"Donley County, TX"	"48129"	"2009"	"2009"	Suppressed	3670	Suppressed
	"Texas"	"48"	"Donley County, TX"	"48129"	"2010"	"2010"	0	3677	Unreliable
	"Texas"	"48"	"Donley County, TX"	"48129"	"2011"	"2011"	0	3651	Unreliable
	"Texas"	"48"	"Donley County, TX"	"48129"	"2012"	"2012"	Suppressed	3598	Suppressed
	"Texas"	"48"	"Donley County, TX"	"48129"	"2013"	"2013"	0	3522	Unreliable
	"Texas"	"48"	"Donley County, TX"	"48129"	"2014"	"2014"	Suppressed	3543	Suppressed
	"Texas"	"48"	"Duval County, TX"	"48131"	"2006"	"2006"	0	12298	Unreliable
	"Texas"	"48"	"Duval County, TX"	"48131"	"2007"	"2007"	Suppressed	12097	Suppressed
	"Texas"	"48"	"Duval County, TX"	"48131"	"2008"	"2008"	Suppressed	11945	Suppressed
	"Texas"	"48"	"Duval County, TX"	"48131"	"2009"	"2009"	Suppressed	11917	Suppressed
	"Texas"	"48"	"Duval County, TX"	"48131"	"2010"	"2010"	Suppressed	11782	Suppressed
	"Texas"	"48"	"Duval County, TX"	"48131"	"2011"	"2011"	Suppressed	11669	Suppressed
	"Texas"	"48"	"Duval County, TX"	"48131"	"2012"	"2012"	Suppressed	11717	Suppressed
	"Texas"	"48"	"Duval County, TX"	"48131"	"2013"	"2013"	Suppressed	11640	Suppressed
	"Texas"	"48"	"Duval County, TX"	"48131"	"2014"	"2014"	Suppressed	11533	Suppressed
	"Texas"	"48"	"Eastland County, TX"	"48133"	"2006"	"2006"	0	18545	Unreliable
	"Texas"	"48"	"Eastland County, TX"	"48133"	"2007"	"2007"	0	18636	Unreliable
	"Texas"	"48"	"Eastland County, TX"	"48133"	"2008"	"2008"	Suppressed	18520	Suppressed
	"Texas"	"48"	"Eastland County, TX"	"48133"	"2009"	"2009"	Suppressed	18497	Suppressed
	"Texas"	"48"	"Eastland County, TX"	"48133"	"2010"	"2010"	Suppressed	18583	Suppressed
	"Texas"	"48"	"Eastland County, TX"	"48133"	"2011"	"2011"	Suppressed	18633	Suppressed
	"Texas"	"48"	"Eastland County, TX"	"48133"	"2012"	"2012"	Suppressed	18421	Suppressed
	"Texas"	"48"	"Eastland County, TX"	"48133"	"2013"	"2013"	Suppressed	18245	Suppressed
	"Texas"	"48"	"Eastland County, TX"	"48133"	"2014"	"2014"	Suppressed	18176	Suppressed
	"Texas"	"48"	"Ector County, TX"	"48135"	"2006"	"2006"	24	127476	18.8
	"Texas"	"48"	"Ector County, TX"	"48135"	"2007"	"2007"	22	130459	16.9
	"Texas"	"48"	"Ector County, TX"	"48135"	"2008"	"2008"	13	133064	Unreliable
	"Texas"	"48"	"Ector County, TX"	"48135"	"2009"	"2009"	14	136930	Unreliable
	"Texas"	"48"	"Ector County, TX"	"48135"	"2010"	"2010"	15	137130	Unreliable
	"Texas"	"48"	"Ector County, TX"	"48135"	"2011"	"2011"	17	140111	Unreliable
	"Texas"	"48"	"Ector County, TX"	"48135"	"2012"	"2012"	17	144325	Unreliable
	"Texas"	"48"	"Ector County, TX"	"48135"	"2013"	"2013"	19	149378	Unreliable
	"Texas"	"48"	"Ector County, TX"	"48135"	"2014"	"2014"	33	153904	21.4
	"Texas"	"48"	"Edwards County, TX"	"48137"	"2006"	"2006"	0	1995	Unreliable
	"Texas"	"48"	"Edwards County, TX"	"48137"	"2007"	"2007"	0	2062	Unreliable
	"Texas"	"48"	"Edwards County, TX"	"48137"	"2008"	"2008"	0	2084	Unreliable
	"Texas"	"48"	"Edwards County, TX"	"48137"	"2009"	"2009"	0	2012	Unreliable
	"Texas"	"48"	"Edwards County, TX"	"48137"	"2010"	"2010"	0	2002	Unreliable
	"Texas"	"48"	"Edwards County, TX"	"48137"	"2011"	"2011"	0	1966	Unreliable
	"Texas"	"48"	"Edwards County, TX"	"48137"	"2012"	"2012"	0	1968	Unreliable
	"Texas"	"48"	"Edwards County, TX"	"48137"	"2013"	"2013"	0	1884	Unreliable
	"Texas"	"48"	"Edwards County, TX"	"48137"	"2014"	"2014"	0	1879	Unreliable
	"Texas"	"48"	"Ellis County, TX"	"48139"	"2006"	"2006"	Suppressed	135276	Suppressed
	"Texas"	"48"	"Ellis County, TX"	"48139"	"2007"	"2007"	Suppressed	139988	Suppressed
	"Texas"	"48"	"Ellis County, TX"	"48139"	"2008"	"2008"	10	144394	Unreliable
	"Texas"	"48"	"Ellis County, TX"	"48139"	"2009"	"2009"	Suppressed	147392	Suppressed
	"Texas"	"48"	"Ellis County, TX"	"48139"	"2010"	"2010"	12	149610	Unreliable
	"Texas"	"48"	"Ellis County, TX"	"48139"	"2011"	"2011"	Suppressed	152753	Suppressed
	"Texas"	"48"	"Ellis County, TX"	"48139"	"2012"	"2012"	10	153969	Unreliable
	"Texas"	"48"	"Ellis County, TX"	"48139"	"2013"	"2013"	12	155976	Unreliable
	"Texas"	"48"	"Ellis County, TX"	"48139"	"2014"	"2014"	Suppressed	159317	Suppressed
	"Texas"	"48"	"El Paso County, TX"	"48141"	"2006"	"2006"	71	744795	9.5
	"Texas"	"48"	"El Paso County, TX"	"48141"	"2007"	"2007"	54	755578	7.1
	"Texas"	"48"	"El Paso County, TX"	"48141"	"2008"	"2008"	62	769930	8.1
	"Texas"	"48"	"El Paso County, TX"	"48141"	"2009"	"2009"	65	786759	8.3
	"Texas"	"48"	"El Paso County, TX"	"48141"	"2010"	"2010"	55	800647	6.9
	"Texas"	"48"	"El Paso County, TX"	"48141"	"2011"	"2011"	63	820790	7.7
	"Texas"	"48"	"El Paso County, TX"	"48141"	"2012"	"2012"	61	827398	7.4
	"Texas"	"48"	"El Paso County, TX"	"48141"	"2013"	"2013"	73	827718	8.8
	"Texas"	"48"	"El Paso County, TX"	"48141"	"2014"	"2014"	76	833487	9.1
	"Texas"	"48"	"Erath County, TX"	"48143"	"2006"	"2006"	Suppressed	36355	Suppressed
	"Texas"	"48"	"Erath County, TX"	"48143"	"2007"	"2007"	Suppressed	36678	Suppressed
	"Texas"	"48"	"Erath County, TX"	"48143"	"2008"	"2008"	Suppressed	37137	Suppressed
	"Texas"	"48"	"Erath County, TX"	"48143"	"2009"	"2009"	Suppressed	37594	Suppressed
	"Texas"	"48"	"Erath County, TX"	"48143"	"2010"	"2010"	Suppressed	37890	Suppressed
	"Texas"	"48"	"Erath County, TX"	"48143"	"2011"	"2011"	Suppressed	38266	Suppressed
	"Texas"	"48"	"Erath County, TX"	"48143"	"2012"	"2012"	Suppressed	39321	Suppressed
	"Texas"	"48"	"Erath County, TX"	"48143"	"2013"	"2013"	Suppressed	39658	Suppressed
	"Texas"	"48"	"Erath County, TX"	"48143"	"2014"	"2014"	Suppressed	40147	Suppressed
	"Texas"	"48"	"Falls County, TX"	"48145"	"2006"	"2006"	Suppressed	17945	Suppressed
	"Texas"	"48"	"Falls County, TX"	"48145"	"2007"	"2007"	0	17712	Unreliable
	"Texas"	"48"	"Falls County, TX"	"48145"	"2008"	"2008"	0	17698	Unreliable
	"Texas"	"48"	"Falls County, TX"	"48145"	"2009"	"2009"	Suppressed	17762	Suppressed
	"Texas"	"48"	"Falls County, TX"	"48145"	"2010"	"2010"	0	17866	Unreliable
	"Texas"	"48"	"Falls County, TX"	"48145"	"2011"	"2011"	Suppressed	17944	Suppressed
	"Texas"	"48"	"Falls County, TX"	"48145"	"2012"	"2012"	Suppressed	17610	Suppressed
	"Texas"	"48"	"Falls County, TX"	"48145"	"2013"	"2013"	Suppressed	17493	Suppressed
	"Texas"	"48"	"Falls County, TX"	"48145"	"2014"	"2014"	0	16989	Unreliable
	"Texas"	"48"	"Fannin County, TX"	"48147"	"2006"	"2006"	Suppressed	33540	Suppressed
	"Texas"	"48"	"Fannin County, TX"	"48147"	"2007"	"2007"	0	33644	Unreliable
	"Texas"	"48"	"Fannin County, TX"	"48147"	"2008"	"2008"	Suppressed	33870	Suppressed
	"Texas"	"48"	"Fannin County, TX"	"48147"	"2009"	"2009"	Suppressed	33865	Suppressed
	"Texas"	"48"	"Fannin County, TX"	"48147"	"2010"	"2010"	Suppressed	33915	Suppressed
	"Texas"	"48"	"Fannin County, TX"	"48147"	"2011"	"2011"	Suppressed	33958	Suppressed
	"Texas"	"48"	"Fannin County, TX"	"48147"	"2012"	"2012"	Suppressed	33831	Suppressed
	"Texas"	"48"	"Fannin County, TX"	"48147"	"2013"	"2013"	Suppressed	33659	Suppressed
	"Texas"	"48"	"Fannin County, TX"	"48147"	"2014"	"2014"	Suppressed	33752	Suppressed
	"Texas"	"48"	"Fayette County, TX"	"48149"	"2006"	"2006"	Suppressed	23631	Suppressed
	"Texas"	"48"	"Fayette County, TX"	"48149"	"2007"	"2007"	Suppressed	23898	Suppressed
	"Texas"	"48"	"Fayette County, TX"	"48149"	"2008"	"2008"	Suppressed	24347	Suppressed
	"Texas"	"48"	"Fayette County, TX"	"48149"	"2009"	"2009"	0	24470	Unreliable
	"Texas"	"48"	"Fayette County, TX"	"48149"	"2010"	"2010"	0	24554	Unreliable
	"Texas"	"48"	"Fayette County, TX"	"48149"	"2011"	"2011"	0	24732	Unreliable
	"Texas"	"48"	"Fayette County, TX"	"48149"	"2012"	"2012"	Suppressed	24695	Suppressed
	"Texas"	"48"	"Fayette County, TX"	"48149"	"2013"	"2013"	Suppressed	24821	Suppressed
	"Texas"	"48"	"Fayette County, TX"	"48149"	"2014"	"2014"	Suppressed	24833	Suppressed
	"Texas"	"48"	"Fisher County, TX"	"48151"	"2006"	"2006"	0	4098	Unreliable
	"Texas"	"48"	"Fisher County, TX"	"48151"	"2007"	"2007"	0	4080	Unreliable
	"Texas"	"48"	"Fisher County, TX"	"48151"	"2008"	"2008"	0	4065	Unreliable
	"Texas"	"48"	"Fisher County, TX"	"48151"	"2009"	"2009"	0	4014	Unreliable
	"Texas"	"48"	"Fisher County, TX"	"48151"	"2010"	"2010"	0	3974	Unreliable
	"Texas"	"48"	"Fisher County, TX"	"48151"	"2011"	"2011"	0	3914	Unreliable
	"Texas"	"48"	"Fisher County, TX"	"48151"	"2012"	"2012"	0	3844	Unreliable
	"Texas"	"48"	"Fisher County, TX"	"48151"	"2013"	"2013"	Suppressed	3856	Suppressed
	"Texas"	"48"	"Fisher County, TX"	"48151"	"2014"	"2014"	0	3831	Unreliable
	"Texas"	"48"	"Floyd County, TX"	"48153"	"2006"	"2006"	0	6855	Unreliable
	"Texas"	"48"	"Floyd County, TX"	"48153"	"2007"	"2007"	0	6683	Unreliable
	"Texas"	"48"	"Floyd County, TX"	"48153"	"2008"	"2008"	Suppressed	6528	Suppressed
	"Texas"	"48"	"Floyd County, TX"	"48153"	"2009"	"2009"	0	6508	Unreliable
	"Texas"	"48"	"Floyd County, TX"	"48153"	"2010"	"2010"	0	6446	Unreliable
	"Texas"	"48"	"Floyd County, TX"	"48153"	"2011"	"2011"	0	6394	Unreliable
	"Texas"	"48"	"Floyd County, TX"	"48153"	"2012"	"2012"	0	6367	Unreliable
	"Texas"	"48"	"Floyd County, TX"	"48153"	"2013"	"2013"	0	6230	Unreliable
	"Texas"	"48"	"Floyd County, TX"	"48153"	"2014"	"2014"	Suppressed	5949	Suppressed
	"Texas"	"48"	"Foard County, TX"	"48155"	"2006"	"2006"	0	1432	Unreliable
	"Texas"	"48"	"Foard County, TX"	"48155"	"2007"	"2007"	0	1383	Unreliable
	"Texas"	"48"	"Foard County, TX"	"48155"	"2008"	"2008"	0	1334	Unreliable
	"Texas"	"48"	"Foard County, TX"	"48155"	"2009"	"2009"	0	1321	Unreliable
	"Texas"	"48"	"Foard County, TX"	"48155"	"2010"	"2010"	0	1336	Unreliable
	"Texas"	"48"	"Foard County, TX"	"48155"	"2011"	"2011"	0	1341	Unreliable
	"Texas"	"48"	"Foard County, TX"	"48155"	"2012"	"2012"	0	1307	Unreliable
	"Texas"	"48"	"Foard County, TX"	"48155"	"2013"	"2013"	Suppressed	1277	Suppressed
	"Texas"	"48"	"Foard County, TX"	"48155"	"2014"	"2014"	0	1275	Unreliable
	"Texas"	"48"	"Fort Bend County, TX"	"48157"	"2006"	"2006"	26	490916	5.3
	"Texas"	"48"	"Fort Bend County, TX"	"48157"	"2007"	"2007"	22	516564	4.3
	"Texas"	"48"	"Fort Bend County, TX"	"48157"	"2008"	"2008"	16	542957	Unreliable
	"Texas"	"48"	"Fort Bend County, TX"	"48157"	"2009"	"2009"	28	569130	4.9
	"Texas"	"48"	"Fort Bend County, TX"	"48157"	"2010"	"2010"	34	585375	5.8
	"Texas"	"48"	"Fort Bend County, TX"	"48157"	"2011"	"2011"	40	606953	6.6
	"Texas"	"48"	"Fort Bend County, TX"	"48157"	"2012"	"2012"	19	627293	Unreliable
	"Texas"	"48"	"Fort Bend County, TX"	"48157"	"2013"	"2013"	18	652365	Unreliable
	"Texas"	"48"	"Fort Bend County, TX"	"48157"	"2014"	"2014"	36	685345	5.3
	"Texas"	"48"	"Franklin County, TX"	"48159"	"2006"	"2006"	0	10755	Unreliable
	"Texas"	"48"	"Franklin County, TX"	"48159"	"2007"	"2007"	0	10799	Unreliable
	"Texas"	"48"	"Franklin County, TX"	"48159"	"2008"	"2008"	0	10604	Unreliable
	"Texas"	"48"	"Franklin County, TX"	"48159"	"2009"	"2009"	Suppressed	10601	Suppressed
	"Texas"	"48"	"Franklin County, TX"	"48159"	"2010"	"2010"	0	10605	Unreliable
	"Texas"	"48"	"Franklin County, TX"	"48159"	"2011"	"2011"	0	10551	Unreliable
	"Texas"	"48"	"Franklin County, TX"	"48159"	"2012"	"2012"	0	10640	Unreliable
	"Texas"	"48"	"Franklin County, TX"	"48159"	"2013"	"2013"	Suppressed	10660	Suppressed
	"Texas"	"48"	"Franklin County, TX"	"48159"	"2014"	"2014"	Suppressed	10600	Suppressed
	"Texas"	"48"	"Freestone County, TX"	"48161"	"2006"	"2006"	0	19123	Unreliable
	"Texas"	"48"	"Freestone County, TX"	"48161"	"2007"	"2007"	Suppressed	19162	Suppressed
	"Texas"	"48"	"Freestone County, TX"	"48161"	"2008"	"2008"	Suppressed	19446	Suppressed
	"Texas"	"48"	"Freestone County, TX"	"48161"	"2009"	"2009"	Suppressed	19743	Suppressed
	"Texas"	"48"	"Freestone County, TX"	"48161"	"2010"	"2010"	Suppressed	19816	Suppressed
	"Texas"	"48"	"Freestone County, TX"	"48161"	"2011"	"2011"	Suppressed	19684	Suppressed
	"Texas"	"48"	"Freestone County, TX"	"48161"	"2012"	"2012"	0	19515	Unreliable
	"Texas"	"48"	"Freestone County, TX"	"48161"	"2013"	"2013"	Suppressed	19646	Suppressed
	"Texas"	"48"	"Freestone County, TX"	"48161"	"2014"	"2014"	0	19762	Unreliable
	"Texas"	"48"	"Frio County, TX"	"48163"	"2006"	"2006"	0	16720	Unreliable
	"Texas"	"48"	"Frio County, TX"	"48163"	"2007"	"2007"	Suppressed	16776	Suppressed
	"Texas"	"48"	"Frio County, TX"	"48163"	"2008"	"2008"	0	16939	Unreliable
	"Texas"	"48"	"Frio County, TX"	"48163"	"2009"	"2009"	0	17120	Unreliable
	"Texas"	"48"	"Frio County, TX"	"48163"	"2010"	"2010"	0	17217	Unreliable
	"Texas"	"48"	"Frio County, TX"	"48163"	"2011"	"2011"	Suppressed	17400	Suppressed
	"Texas"	"48"	"Frio County, TX"	"48163"	"2012"	"2012"	0	17702	Unreliable
	"Texas"	"48"	"Frio County, TX"	"48163"	"2013"	"2013"	0	18065	Unreliable
	"Texas"	"48"	"Frio County, TX"	"48163"	"2014"	"2014"	0	18531	Unreliable
	"Texas"	"48"	"Gaines County, TX"	"48165"	"2006"	"2006"	Suppressed	15707	Suppressed
	"Texas"	"48"	"Gaines County, TX"	"48165"	"2007"	"2007"	Suppressed	16187	Suppressed
	"Texas"	"48"	"Gaines County, TX"	"48165"	"2008"	"2008"	Suppressed	16641	Suppressed
	"Texas"	"48"	"Gaines County, TX"	"48165"	"2009"	"2009"	Suppressed	17163	Suppressed
	"Texas"	"48"	"Gaines County, TX"	"48165"	"2010"	"2010"	Suppressed	17526	Suppressed
	"Texas"	"48"	"Gaines County, TX"	"48165"	"2011"	"2011"	Suppressed	18003	Suppressed
	"Texas"	"48"	"Gaines County, TX"	"48165"	"2012"	"2012"	Suppressed	18413	Suppressed
	"Texas"	"48"	"Gaines County, TX"	"48165"	"2013"	"2013"	Suppressed	18921	Suppressed
	"Texas"	"48"	"Gaines County, TX"	"48165"	"2014"	"2014"	0	19425	Unreliable
	"Texas"	"48"	"Galveston County, TX"	"48167"	"2006"	"2006"	57	279182	20.4
	"Texas"	"48"	"Galveston County, TX"	"48167"	"2007"	"2007"	58	283770	20.4
	"Texas"	"48"	"Galveston County, TX"	"48167"	"2008"	"2008"	43	288643	14.9
	"Texas"	"48"	"Galveston County, TX"	"48167"	"2009"	"2009"	41	287428	14.3
	"Texas"	"48"	"Galveston County, TX"	"48167"	"2010"	"2010"	55	291309	18.9
	"Texas"	"48"	"Galveston County, TX"	"48167"	"2011"	"2011"	46	295747	15.6
	"Texas"	"48"	"Galveston County, TX"	"48167"	"2012"	"2012"	40	300484	13.3
	"Texas"	"48"	"Galveston County, TX"	"48167"	"2013"	"2013"	38	306782	12.4
	"Texas"	"48"	"Galveston County, TX"	"48167"	"2014"	"2014"	47	314198	15.0
	"Texas"	"48"	"Garza County, TX"	"48169"	"2006"	"2006"	Suppressed	5996	Suppressed
	"Texas"	"48"	"Garza County, TX"	"48169"	"2007"	"2007"	0	6049	Unreliable
	"Texas"	"48"	"Garza County, TX"	"48169"	"2008"	"2008"	0	6158	Unreliable
	"Texas"	"48"	"Garza County, TX"	"48169"	"2009"	"2009"	0	6368	Unreliable
	"Texas"	"48"	"Garza County, TX"	"48169"	"2010"	"2010"	0	6461	Unreliable
	"Texas"	"48"	"Garza County, TX"	"48169"	"2011"	"2011"	0	6562	Unreliable
	"Texas"	"48"	"Garza County, TX"	"48169"	"2012"	"2012"	Suppressed	6412	Suppressed
	"Texas"	"48"	"Garza County, TX"	"48169"	"2013"	"2013"	0	6317	Unreliable
	"Texas"	"48"	"Garza County, TX"	"48169"	"2014"	"2014"	Suppressed	6435	Suppressed
	"Texas"	"48"	"Gillespie County, TX"	"48171"	"2006"	"2006"	0	23487	Unreliable
	"Texas"	"48"	"Gillespie County, TX"	"48171"	"2007"	"2007"	0	23787	Unreliable
	"Texas"	"48"	"Gillespie County, TX"	"48171"	"2008"	"2008"	0	24206	Unreliable
	"Texas"	"48"	"Gillespie County, TX"	"48171"	"2009"	"2009"	Suppressed	24608	Suppressed
	"Texas"	"48"	"Gillespie County, TX"	"48171"	"2010"	"2010"	Suppressed	24837	Suppressed
	"Texas"	"48"	"Gillespie County, TX"	"48171"	"2011"	"2011"	Suppressed	25114	Suppressed
	"Texas"	"48"	"Gillespie County, TX"	"48171"	"2012"	"2012"	Suppressed	25153	Suppressed
	"Texas"	"48"	"Gillespie County, TX"	"48171"	"2013"	"2013"	Suppressed	25357	Suppressed
	"Texas"	"48"	"Gillespie County, TX"	"48171"	"2014"	"2014"	Suppressed	25520	Suppressed
	"Texas"	"48"	"Glasscock County, TX"	"48173"	"2006"	"2006"	0	1202	Unreliable
	"Texas"	"48"	"Glasscock County, TX"	"48173"	"2007"	"2007"	0	1164	Unreliable
	"Texas"	"48"	"Glasscock County, TX"	"48173"	"2008"	"2008"	0	1218	Unreliable
	"Texas"	"48"	"Glasscock County, TX"	"48173"	"2009"	"2009"	0	1224	Unreliable
	"Texas"	"48"	"Glasscock County, TX"	"48173"	"2010"	"2010"	0	1226	Unreliable
	"Texas"	"48"	"Glasscock County, TX"	"48173"	"2011"	"2011"	0	1251	Unreliable
	"Texas"	"48"	"Glasscock County, TX"	"48173"	"2012"	"2012"	0	1259	Unreliable
	"Texas"	"48"	"Glasscock County, TX"	"48173"	"2013"	"2013"	0	1251	Unreliable
	"Texas"	"48"	"Glasscock County, TX"	"48173"	"2014"	"2014"	0	1291	Unreliable
	"Texas"	"48"	"Goliad County, TX"	"48175"	"2006"	"2006"	0	7121	Unreliable
	"Texas"	"48"	"Goliad County, TX"	"48175"	"2007"	"2007"	Suppressed	7142	Suppressed
	"Texas"	"48"	"Goliad County, TX"	"48175"	"2008"	"2008"	0	7164	Unreliable
	"Texas"	"48"	"Goliad County, TX"	"48175"	"2009"	"2009"	0	7157	Unreliable
	"Texas"	"48"	"Goliad County, TX"	"48175"	"2010"	"2010"	Suppressed	7210	Suppressed
	"Texas"	"48"	"Goliad County, TX"	"48175"	"2011"	"2011"	Suppressed	7243	Suppressed
	"Texas"	"48"	"Goliad County, TX"	"48175"	"2012"	"2012"	Suppressed	7351	Suppressed
	"Texas"	"48"	"Goliad County, TX"	"48175"	"2013"	"2013"	0	7465	Unreliable
	"Texas"	"48"	"Goliad County, TX"	"48175"	"2014"	"2014"	0	7549	Unreliable
	"Texas"	"48"	"Gonzales County, TX"	"48177"	"2006"	"2006"	Suppressed	19633	Suppressed
	"Texas"	"48"	"Gonzales County, TX"	"48177"	"2007"	"2007"	Suppressed	19512	Suppressed
	"Texas"	"48"	"Gonzales County, TX"	"48177"	"2008"	"2008"	Suppressed	19538	Suppressed
	"Texas"	"48"	"Gonzales County, TX"	"48177"	"2009"	"2009"	0	19628	Unreliable
	"Texas"	"48"	"Gonzales County, TX"	"48177"	"2010"	"2010"	Suppressed	19807	Suppressed
	"Texas"	"48"	"Gonzales County, TX"	"48177"	"2011"	"2011"	Suppressed	19904	Suppressed
	"Texas"	"48"	"Gonzales County, TX"	"48177"	"2012"	"2012"	Suppressed	20045	Suppressed
	"Texas"	"48"	"Gonzales County, TX"	"48177"	"2013"	"2013"	Suppressed	20312	Suppressed
	"Texas"	"48"	"Gonzales County, TX"	"48177"	"2014"	"2014"	Suppressed	20462	Suppressed
	"Texas"	"48"	"Gray County, TX"	"48179"	"2006"	"2006"	Suppressed	22100	Suppressed
	"Texas"	"48"	"Gray County, TX"	"48179"	"2007"	"2007"	Suppressed	22438	Suppressed
	"Texas"	"48"	"Gray County, TX"	"48179"	"2008"	"2008"	Suppressed	22772	Suppressed
	"Texas"	"48"	"Gray County, TX"	"48179"	"2009"	"2009"	Suppressed	22719	Suppressed
	"Texas"	"48"	"Gray County, TX"	"48179"	"2010"	"2010"	Suppressed	22535	Suppressed
	"Texas"	"48"	"Gray County, TX"	"48179"	"2011"	"2011"	Suppressed	22755	Suppressed
	"Texas"	"48"	"Gray County, TX"	"48179"	"2012"	"2012"	Suppressed	22978	Suppressed
	"Texas"	"48"	"Gray County, TX"	"48179"	"2013"	"2013"	Suppressed	23043	Suppressed
	"Texas"	"48"	"Gray County, TX"	"48179"	"2014"	"2014"	Suppressed	23044	Suppressed
	"Texas"	"48"	"Grayson County, TX"	"48181"	"2006"	"2006"	16	117174	Unreliable
	"Texas"	"48"	"Grayson County, TX"	"48181"	"2007"	"2007"	12	118331	Unreliable
	"Texas"	"48"	"Grayson County, TX"	"48181"	"2008"	"2008"	15	118834	Unreliable
	"Texas"	"48"	"Grayson County, TX"	"48181"	"2009"	"2009"	19	120069	Unreliable
	"Texas"	"48"	"Grayson County, TX"	"48181"	"2010"	"2010"	18	120877	Unreliable
	"Texas"	"48"	"Grayson County, TX"	"48181"	"2011"	"2011"	24	121419	19.8
	"Texas"	"48"	"Grayson County, TX"	"48181"	"2012"	"2012"	21	121935	17.2
	"Texas"	"48"	"Grayson County, TX"	"48181"	"2013"	"2013"	21	122353	17.2
	"Texas"	"48"	"Grayson County, TX"	"48181"	"2014"	"2014"	16	123534	Unreliable
	"Texas"	"48"	"Gregg County, TX"	"48183"	"2006"	"2006"	Suppressed	117118	Suppressed
	"Texas"	"48"	"Gregg County, TX"	"48183"	"2007"	"2007"	14	118260	Unreliable
	"Texas"	"48"	"Gregg County, TX"	"48183"	"2008"	"2008"	Suppressed	119157	Suppressed
	"Texas"	"48"	"Gregg County, TX"	"48183"	"2009"	"2009"	13	121238	Unreliable
	"Texas"	"48"	"Gregg County, TX"	"48183"	"2010"	"2010"	Suppressed	121730	Suppressed
	"Texas"	"48"	"Gregg County, TX"	"48183"	"2011"	"2011"	13	123081	Unreliable
	"Texas"	"48"	"Gregg County, TX"	"48183"	"2012"	"2012"	Suppressed	122658	Suppressed
	"Texas"	"48"	"Gregg County, TX"	"48183"	"2013"	"2013"	Suppressed	123024	Suppressed
	"Texas"	"48"	"Gregg County, TX"	"48183"	"2014"	"2014"	Suppressed	123204	Suppressed
	"Texas"	"48"	"Grimes County, TX"	"48185"	"2006"	"2006"	Suppressed	25639	Suppressed
	"Texas"	"48"	"Grimes County, TX"	"48185"	"2007"	"2007"	Suppressed	26046	Suppressed
	"Texas"	"48"	"Grimes County, TX"	"48185"	"2008"	"2008"	Suppressed	26273	Suppressed
	"Texas"	"48"	"Grimes County, TX"	"48185"	"2009"	"2009"	Suppressed	26422	Suppressed
	"Texas"	"48"	"Grimes County, TX"	"48185"	"2010"	"2010"	Suppressed	26604	Suppressed
	"Texas"	"48"	"Grimes County, TX"	"48185"	"2011"	"2011"	Suppressed	26887	Suppressed
	"Texas"	"48"	"Grimes County, TX"	"48185"	"2012"	"2012"	0	26783	Unreliable
	"Texas"	"48"	"Grimes County, TX"	"48185"	"2013"	"2013"	Suppressed	26859	Suppressed
	"Texas"	"48"	"Grimes County, TX"	"48185"	"2014"	"2014"	Suppressed	27172	Suppressed
	"Texas"	"48"	"Guadalupe County, TX"	"48187"	"2006"	"2006"	12	111878	Unreliable
	"Texas"	"48"	"Guadalupe County, TX"	"48187"	"2007"	"2007"	Suppressed	117667	Suppressed
	"Texas"	"48"	"Guadalupe County, TX"	"48187"	"2008"	"2008"	11	123398	Unreliable
	"Texas"	"48"	"Guadalupe County, TX"	"48187"	"2009"	"2009"	11	128265	Unreliable
	"Texas"	"48"	"Guadalupe County, TX"	"48187"	"2010"	"2010"	12	131533	Unreliable
	"Texas"	"48"	"Guadalupe County, TX"	"48187"	"2011"	"2011"	12	135757	Unreliable
	"Texas"	"48"	"Guadalupe County, TX"	"48187"	"2012"	"2012"	12	139841	Unreliable
	"Texas"	"48"	"Guadalupe County, TX"	"48187"	"2013"	"2013"	Suppressed	143183	Suppressed
	"Texas"	"48"	"Guadalupe County, TX"	"48187"	"2014"	"2014"	13	147250	Unreliable
	"Texas"	"48"	"Hale County, TX"	"48189"	"2006"	"2006"	Suppressed	36162	Suppressed
	"Texas"	"48"	"Hale County, TX"	"48189"	"2007"	"2007"	Suppressed	36080	Suppressed
	"Texas"	"48"	"Hale County, TX"	"48189"	"2008"	"2008"	Suppressed	35662	Suppressed
	"Texas"	"48"	"Hale County, TX"	"48189"	"2009"	"2009"	0	35926	Unreliable
	"Texas"	"48"	"Hale County, TX"	"48189"	"2010"	"2010"	Suppressed	36273	Suppressed
	"Texas"	"48"	"Hale County, TX"	"48189"	"2011"	"2011"	Suppressed	36498	Suppressed
	"Texas"	"48"	"Hale County, TX"	"48189"	"2012"	"2012"	Suppressed	36385	Suppressed
	"Texas"	"48"	"Hale County, TX"	"48189"	"2013"	"2013"	Suppressed	35764	Suppressed
	"Texas"	"48"	"Hale County, TX"	"48189"	"2014"	"2014"	Suppressed	34720	Suppressed
	"Texas"	"48"	"Hall County, TX"	"48191"	"2006"	"2006"	0	3582	Unreliable
	"Texas"	"48"	"Hall County, TX"	"48191"	"2007"	"2007"	0	3440	Unreliable
	"Texas"	"48"	"Hall County, TX"	"48191"	"2008"	"2008"	0	3398	Unreliable
	"Texas"	"48"	"Hall County, TX"	"48191"	"2009"	"2009"	Suppressed	3343	Suppressed
	"Texas"	"48"	"Hall County, TX"	"48191"	"2010"	"2010"	0	3353	Unreliable
	"Texas"	"48"	"Hall County, TX"	"48191"	"2011"	"2011"	Suppressed	3377	Suppressed
	"Texas"	"48"	"Hall County, TX"	"48191"	"2012"	"2012"	Suppressed	3293	Suppressed
	"Texas"	"48"	"Hall County, TX"	"48191"	"2013"	"2013"	0	3239	Unreliable
	"Texas"	"48"	"Hall County, TX"	"48191"	"2014"	"2014"	0	3147	Unreliable
	"Texas"	"48"	"Hamilton County, TX"	"48193"	"2006"	"2006"	Suppressed	8389	Suppressed
	"Texas"	"48"	"Hamilton County, TX"	"48193"	"2007"	"2007"	Suppressed	8452	Suppressed
	"Texas"	"48"	"Hamilton County, TX"	"48193"	"2008"	"2008"	0	8497	Unreliable
	"Texas"	"48"	"Hamilton County, TX"	"48193"	"2009"	"2009"	0	8527	Unreliable
	"Texas"	"48"	"Hamilton County, TX"	"48193"	"2010"	"2010"	Suppressed	8517	Suppressed
	"Texas"	"48"	"Hamilton County, TX"	"48193"	"2011"	"2011"	0	8472	Unreliable
	"Texas"	"48"	"Hamilton County, TX"	"48193"	"2012"	"2012"	Suppressed	8307	Suppressed
	"Texas"	"48"	"Hamilton County, TX"	"48193"	"2013"	"2013"	0	8310	Unreliable
	"Texas"	"48"	"Hamilton County, TX"	"48193"	"2014"	"2014"	Suppressed	8199	Suppressed
	"Texas"	"48"	"Hansford County, TX"	"48195"	"2006"	"2006"	0	5293	Unreliable
	"Texas"	"48"	"Hansford County, TX"	"48195"	"2007"	"2007"	0	5365	Unreliable
	"Texas"	"48"	"Hansford County, TX"	"48195"	"2008"	"2008"	Suppressed	5512	Suppressed
	"Texas"	"48"	"Hansford County, TX"	"48195"	"2009"	"2009"	Suppressed	5556	Suppressed
	"Texas"	"48"	"Hansford County, TX"	"48195"	"2010"	"2010"	Suppressed	5613	Suppressed
	"Texas"	"48"	"Hansford County, TX"	"48195"	"2011"	"2011"	0	5577	Unreliable
	"Texas"	"48"	"Hansford County, TX"	"48195"	"2012"	"2012"	0	5521	Unreliable
	"Texas"	"48"	"Hansford County, TX"	"48195"	"2013"	"2013"	Suppressed	5555	Suppressed
	"Texas"	"48"	"Hansford County, TX"	"48195"	"2014"	"2014"	Suppressed	5509	Suppressed
	"Texas"	"48"	"Hardeman County, TX"	"48197"	"2006"	"2006"	0	4409	Unreliable
	"Texas"	"48"	"Hardeman County, TX"	"48197"	"2007"	"2007"	0	4296	Unreliable
	"Texas"	"48"	"Hardeman County, TX"	"48197"	"2008"	"2008"	0	4187	Unreliable
	"Texas"	"48"	"Hardeman County, TX"	"48197"	"2009"	"2009"	Suppressed	4086	Suppressed
	"Texas"	"48"	"Hardeman County, TX"	"48197"	"2010"	"2010"	0	4139	Unreliable
	"Texas"	"48"	"Hardeman County, TX"	"48197"	"2011"	"2011"	0	4176	Unreliable
	"Texas"	"48"	"Hardeman County, TX"	"48197"	"2012"	"2012"	0	4082	Unreliable
	"Texas"	"48"	"Hardeman County, TX"	"48197"	"2013"	"2013"	0	4016	Unreliable
	"Texas"	"48"	"Hardeman County, TX"	"48197"	"2014"	"2014"	Suppressed	3928	Suppressed
	"Texas"	"48"	"Hardin County, TX"	"48199"	"2006"	"2006"	Suppressed	51470	Suppressed
	"Texas"	"48"	"Hardin County, TX"	"48199"	"2007"	"2007"	11	52446	Unreliable
	"Texas"	"48"	"Hardin County, TX"	"48199"	"2008"	"2008"	Suppressed	53206	Suppressed
	"Texas"	"48"	"Hardin County, TX"	"48199"	"2009"	"2009"	13	54228	Unreliable
	"Texas"	"48"	"Hardin County, TX"	"48199"	"2010"	"2010"	12	54635	Unreliable
	"Texas"	"48"	"Hardin County, TX"	"48199"	"2011"	"2011"	11	55246	Unreliable
	"Texas"	"48"	"Hardin County, TX"	"48199"	"2012"	"2012"	13	55190	Unreliable
	"Texas"	"48"	"Hardin County, TX"	"48199"	"2013"	"2013"	Suppressed	55417	Suppressed
	"Texas"	"48"	"Hardin County, TX"	"48199"	"2014"	"2014"	10	55621	Unreliable
	"Texas"	"48"	"Harris County, TX"	"48201"	"2006"	"2006"	399	3807435	10.5
	"Texas"	"48"	"Harris County, TX"	"48201"	"2007"	"2007"	501	3863344	13.0
	"Texas"	"48"	"Harris County, TX"	"48201"	"2008"	"2008"	286	3938580	7.3
	"Texas"	"48"	"Harris County, TX"	"48201"	"2009"	"2009"	414	4034866	10.3
	"Texas"	"48"	"Harris County, TX"	"48201"	"2010"	"2010"	445	4092459	10.9
	"Texas"	"48"	"Harris County, TX"	"48201"	"2011"	"2011"	385	4180894	9.2
	"Texas"	"48"	"Harris County, TX"	"48201"	"2012"	"2012"	368	4253700	8.7
	"Texas"	"48"	"Harris County, TX"	"48201"	"2013"	"2013"	429	4336853	9.9
	"Texas"	"48"	"Harris County, TX"	"48201"	"2014"	"2014"	403	4441370	9.1
	"Texas"	"48"	"Harrison County, TX"	"48203"	"2006"	"2006"	Suppressed	63699	Suppressed
	"Texas"	"48"	"Harrison County, TX"	"48203"	"2007"	"2007"	Suppressed	63661	Suppressed
	"Texas"	"48"	"Harrison County, TX"	"48203"	"2008"	"2008"	Suppressed	64107	Suppressed
	"Texas"	"48"	"Harrison County, TX"	"48203"	"2009"	"2009"	Suppressed	65185	Suppressed
	"Texas"	"48"	"Harrison County, TX"	"48203"	"2010"	"2010"	Suppressed	65631	Suppressed
	"Texas"	"48"	"Harrison County, TX"	"48203"	"2011"	"2011"	Suppressed	66296	Suppressed
	"Texas"	"48"	"Harrison County, TX"	"48203"	"2012"	"2012"	Suppressed	67450	Suppressed
	"Texas"	"48"	"Harrison County, TX"	"48203"	"2013"	"2013"	Suppressed	66886	Suppressed
	"Texas"	"48"	"Harrison County, TX"	"48203"	"2014"	"2014"	Suppressed	67336	Suppressed
	"Texas"	"48"	"Hartley County, TX"	"48205"	"2006"	"2006"	0	5911	Unreliable
	"Texas"	"48"	"Hartley County, TX"	"48205"	"2007"	"2007"	Suppressed	6047	Suppressed
	"Texas"	"48"	"Hartley County, TX"	"48205"	"2008"	"2008"	0	5820	Unreliable
	"Texas"	"48"	"Hartley County, TX"	"48205"	"2009"	"2009"	0	5970	Unreliable
	"Texas"	"48"	"Hartley County, TX"	"48205"	"2010"	"2010"	0	6062	Unreliable
	"Texas"	"48"	"Hartley County, TX"	"48205"	"2011"	"2011"	0	5971	Unreliable
	"Texas"	"48"	"Hartley County, TX"	"48205"	"2012"	"2012"	0	6144	Unreliable
	"Texas"	"48"	"Hartley County, TX"	"48205"	"2013"	"2013"	0	6100	Unreliable
	"Texas"	"48"	"Hartley County, TX"	"48205"	"2014"	"2014"	0	6089	Unreliable
	"Texas"	"48"	"Haskell County, TX"	"48207"	"2006"	"2006"	0	5817	Unreliable
	"Texas"	"48"	"Haskell County, TX"	"48207"	"2007"	"2007"	0	5802	Unreliable
	"Texas"	"48"	"Haskell County, TX"	"48207"	"2008"	"2008"	Suppressed	5839	Suppressed
	"Texas"	"48"	"Haskell County, TX"	"48207"	"2009"	"2009"	0	5862	Unreliable
	"Texas"	"48"	"Haskell County, TX"	"48207"	"2010"	"2010"	Suppressed	5899	Suppressed
	"Texas"	"48"	"Haskell County, TX"	"48207"	"2011"	"2011"	Suppressed	5989	Suppressed
	"Texas"	"48"	"Haskell County, TX"	"48207"	"2012"	"2012"	0	5901	Unreliable
	"Texas"	"48"	"Haskell County, TX"	"48207"	"2013"	"2013"	0	5875	Unreliable
	"Texas"	"48"	"Haskell County, TX"	"48207"	"2014"	"2014"	0	5769	Unreliable
	"Texas"	"48"	"Hays County, TX"	"48209"	"2006"	"2006"	13	132111	Unreliable
	"Texas"	"48"	"Hays County, TX"	"48209"	"2007"	"2007"	10	140480	Unreliable
	"Texas"	"48"	"Hays County, TX"	"48209"	"2008"	"2008"	14	147674	Unreliable
	"Texas"	"48"	"Hays County, TX"	"48209"	"2009"	"2009"	12	153619	Unreliable
	"Texas"	"48"	"Hays County, TX"	"48209"	"2010"	"2010"	16	157107	Unreliable
	"Texas"	"48"	"Hays County, TX"	"48209"	"2011"	"2011"	12	164050	Unreliable
	"Texas"	"48"	"Hays County, TX"	"48209"	"2012"	"2012"	Suppressed	168990	Suppressed
	"Texas"	"48"	"Hays County, TX"	"48209"	"2013"	"2013"	11	176026	Unreliable
	"Texas"	"48"	"Hays County, TX"	"48209"	"2014"	"2014"	10	185025	Unreliable
	"Texas"	"48"	"Hemphill County, TX"	"48211"	"2006"	"2006"	0	3523	Unreliable
	"Texas"	"48"	"Hemphill County, TX"	"48211"	"2007"	"2007"	0	3538	Unreliable
	"Texas"	"48"	"Hemphill County, TX"	"48211"	"2008"	"2008"	0	3680	Unreliable
	"Texas"	"48"	"Hemphill County, TX"	"48211"	"2009"	"2009"	0	3802	Unreliable
	"Texas"	"48"	"Hemphill County, TX"	"48211"	"2010"	"2010"	Suppressed	3807	Suppressed
	"Texas"	"48"	"Hemphill County, TX"	"48211"	"2011"	"2011"	Suppressed	3970	Suppressed
	"Texas"	"48"	"Hemphill County, TX"	"48211"	"2012"	"2012"	0	4080	Unreliable
	"Texas"	"48"	"Hemphill County, TX"	"48211"	"2013"	"2013"	0	4158	Unreliable
	"Texas"	"48"	"Hemphill County, TX"	"48211"	"2014"	"2014"	0	4180	Unreliable
	"Texas"	"48"	"Henderson County, TX"	"48213"	"2006"	"2006"	Suppressed	78404	Suppressed
	"Texas"	"48"	"Henderson County, TX"	"48213"	"2007"	"2007"	Suppressed	78178	Suppressed
	"Texas"	"48"	"Henderson County, TX"	"48213"	"2008"	"2008"	11	78033	Unreliable
	"Texas"	"48"	"Henderson County, TX"	"48213"	"2009"	"2009"	Suppressed	78231	Suppressed
	"Texas"	"48"	"Henderson County, TX"	"48213"	"2010"	"2010"	12	78532	Unreliable
	"Texas"	"48"	"Henderson County, TX"	"48213"	"2011"	"2011"	Suppressed	78826	Suppressed
	"Texas"	"48"	"Henderson County, TX"	"48213"	"2012"	"2012"	11	79094	Unreliable
	"Texas"	"48"	"Henderson County, TX"	"48213"	"2013"	"2013"	10	78675	Unreliable
	"Texas"	"48"	"Henderson County, TX"	"48213"	"2014"	"2014"	16	79290	Unreliable
	"Texas"	"48"	"Hidalgo County, TX"	"48215"	"2006"	"2006"	11	695352	Unreliable
	"Texas"	"48"	"Hidalgo County, TX"	"48215"	"2007"	"2007"	19	715264	Unreliable
	"Texas"	"48"	"Hidalgo County, TX"	"48215"	"2008"	"2008"	28	736694	3.8
	"Texas"	"48"	"Hidalgo County, TX"	"48215"	"2009"	"2009"	20	757468	2.6
	"Texas"	"48"	"Hidalgo County, TX"	"48215"	"2010"	"2010"	17	774769	Unreliable
	"Texas"	"48"	"Hidalgo County, TX"	"48215"	"2011"	"2011"	20	797810	2.5
	"Texas"	"48"	"Hidalgo County, TX"	"48215"	"2012"	"2012"	18	806552	Unreliable
	"Texas"	"48"	"Hidalgo County, TX"	"48215"	"2013"	"2013"	34	815996	4.2
	"Texas"	"48"	"Hidalgo County, TX"	"48215"	"2014"	"2014"	20	831073	2.4
	"Texas"	"48"	"Hill County, TX"	"48217"	"2006"	"2006"	0	34484	Unreliable
	"Texas"	"48"	"Hill County, TX"	"48217"	"2007"	"2007"	Suppressed	34650	Suppressed
	"Texas"	"48"	"Hill County, TX"	"48217"	"2008"	"2008"	Suppressed	34997	Suppressed
	"Texas"	"48"	"Hill County, TX"	"48217"	"2009"	"2009"	0	35005	Unreliable
	"Texas"	"48"	"Hill County, TX"	"48217"	"2010"	"2010"	Suppressed	35089	Suppressed
	"Texas"	"48"	"Hill County, TX"	"48217"	"2011"	"2011"	Suppressed	35392	Suppressed
	"Texas"	"48"	"Hill County, TX"	"48217"	"2012"	"2012"	Suppressed	35115	Suppressed
	"Texas"	"48"	"Hill County, TX"	"48217"	"2013"	"2013"	Suppressed	34823	Suppressed
	"Texas"	"48"	"Hill County, TX"	"48217"	"2014"	"2014"	Suppressed	34848	Suppressed
	"Texas"	"48"	"Hockley County, TX"	"48219"	"2006"	"2006"	0	22912	Unreliable
	"Texas"	"48"	"Hockley County, TX"	"48219"	"2007"	"2007"	Suppressed	22844	Suppressed
	"Texas"	"48"	"Hockley County, TX"	"48219"	"2008"	"2008"	Suppressed	22958	Suppressed
	"Texas"	"48"	"Hockley County, TX"	"48219"	"2009"	"2009"	0	23086	Unreliable
	"Texas"	"48"	"Hockley County, TX"	"48219"	"2010"	"2010"	Suppressed	22935	Suppressed
	"Texas"	"48"	"Hockley County, TX"	"48219"	"2011"	"2011"	Suppressed	22892	Suppressed
	"Texas"	"48"	"Hockley County, TX"	"48219"	"2012"	"2012"	0	23072	Unreliable
	"Texas"	"48"	"Hockley County, TX"	"48219"	"2013"	"2013"	Suppressed	23530	Suppressed
	"Texas"	"48"	"Hockley County, TX"	"48219"	"2014"	"2014"	Suppressed	23577	Suppressed
	"Texas"	"48"	"Hood County, TX"	"48221"	"2006"	"2006"	Suppressed	47952	Suppressed
	"Texas"	"48"	"Hood County, TX"	"48221"	"2007"	"2007"	Suppressed	48870	Suppressed
	"Texas"	"48"	"Hood County, TX"	"48221"	"2008"	"2008"	Suppressed	50112	Suppressed
	"Texas"	"48"	"Hood County, TX"	"48221"	"2009"	"2009"	Suppressed	50841	Suppressed
	"Texas"	"48"	"Hood County, TX"	"48221"	"2010"	"2010"	Suppressed	51182	Suppressed
	"Texas"	"48"	"Hood County, TX"	"48221"	"2011"	"2011"	Suppressed	51670	Suppressed
	"Texas"	"48"	"Hood County, TX"	"48221"	"2012"	"2012"	Suppressed	52044	Suppressed
	"Texas"	"48"	"Hood County, TX"	"48221"	"2013"	"2013"	13	52905	Unreliable
	"Texas"	"48"	"Hood County, TX"	"48221"	"2014"	"2014"	11	53921	Unreliable
	"Texas"	"48"	"Hopkins County, TX"	"48223"	"2006"	"2006"	Suppressed	33746	Suppressed
	"Texas"	"48"	"Hopkins County, TX"	"48223"	"2007"	"2007"	Suppressed	34331	Suppressed
	"Texas"	"48"	"Hopkins County, TX"	"48223"	"2008"	"2008"	Suppressed	34472	Suppressed
	"Texas"	"48"	"Hopkins County, TX"	"48223"	"2009"	"2009"	Suppressed	34919	Suppressed
	"Texas"	"48"	"Hopkins County, TX"	"48223"	"2010"	"2010"	10	35161	Unreliable
	"Texas"	"48"	"Hopkins County, TX"	"48223"	"2011"	"2011"	Suppressed	35371	Suppressed
	"Texas"	"48"	"Hopkins County, TX"	"48223"	"2012"	"2012"	Suppressed	35469	Suppressed
	"Texas"	"48"	"Hopkins County, TX"	"48223"	"2013"	"2013"	Suppressed	35565	Suppressed
	"Texas"	"48"	"Hopkins County, TX"	"48223"	"2014"	"2014"	Suppressed	35921	Suppressed
	"Texas"	"48"	"Houston County, TX"	"48225"	"2006"	"2006"	Suppressed	23551	Suppressed
	"Texas"	"48"	"Houston County, TX"	"48225"	"2007"	"2007"	Suppressed	23641	Suppressed
	"Texas"	"48"	"Houston County, TX"	"48225"	"2008"	"2008"	Suppressed	23635	Suppressed
	"Texas"	"48"	"Houston County, TX"	"48225"	"2009"	"2009"	Suppressed	23660	Suppressed
	"Texas"	"48"	"Houston County, TX"	"48225"	"2010"	"2010"	Suppressed	23732	Suppressed
	"Texas"	"48"	"Houston County, TX"	"48225"	"2011"	"2011"	0	23484	Unreliable
	"Texas"	"48"	"Houston County, TX"	"48225"	"2012"	"2012"	Suppressed	23161	Suppressed
	"Texas"	"48"	"Houston County, TX"	"48225"	"2013"	"2013"	0	22911	Unreliable
	"Texas"	"48"	"Houston County, TX"	"48225"	"2014"	"2014"	0	22741	Unreliable
	"Texas"	"48"	"Howard County, TX"	"48227"	"2006"	"2006"	Suppressed	33328	Suppressed
	"Texas"	"48"	"Howard County, TX"	"48227"	"2007"	"2007"	Suppressed	33817	Suppressed
	"Texas"	"48"	"Howard County, TX"	"48227"	"2008"	"2008"	Suppressed	34393	Suppressed
	"Texas"	"48"	"Howard County, TX"	"48227"	"2009"	"2009"	Suppressed	34882	Suppressed
	"Texas"	"48"	"Howard County, TX"	"48227"	"2010"	"2010"	Suppressed	35012	Suppressed
	"Texas"	"48"	"Howard County, TX"	"48227"	"2011"	"2011"	Suppressed	35122	Suppressed
	"Texas"	"48"	"Howard County, TX"	"48227"	"2012"	"2012"	Suppressed	35408	Suppressed
	"Texas"	"48"	"Howard County, TX"	"48227"	"2013"	"2013"	Suppressed	36147	Suppressed
	"Texas"	"48"	"Howard County, TX"	"48227"	"2014"	"2014"	Suppressed	36651	Suppressed
	"Texas"	"48"	"Hudspeth County, TX"	"48229"	"2006"	"2006"	0	3459	Unreliable
	"Texas"	"48"	"Hudspeth County, TX"	"48229"	"2007"	"2007"	0	3462	Unreliable
	"Texas"	"48"	"Hudspeth County, TX"	"48229"	"2008"	"2008"	0	3374	Unreliable
	"Texas"	"48"	"Hudspeth County, TX"	"48229"	"2009"	"2009"	0	3423	Unreliable
	"Texas"	"48"	"Hudspeth County, TX"	"48229"	"2010"	"2010"	0	3476	Unreliable
	"Texas"	"48"	"Hudspeth County, TX"	"48229"	"2011"	"2011"	0	3423	Unreliable
	"Texas"	"48"	"Hudspeth County, TX"	"48229"	"2012"	"2012"	0	3337	Unreliable
	"Texas"	"48"	"Hudspeth County, TX"	"48229"	"2013"	"2013"	0	3318	Unreliable
	"Texas"	"48"	"Hudspeth County, TX"	"48229"	"2014"	"2014"	0	3211	Unreliable
	"Texas"	"48"	"Hunt County, TX"	"48231"	"2006"	"2006"	10	83770	Unreliable
	"Texas"	"48"	"Hunt County, TX"	"48231"	"2007"	"2007"	10	84351	Unreliable
	"Texas"	"48"	"Hunt County, TX"	"48231"	"2008"	"2008"	13	84447	Unreliable
	"Texas"	"48"	"Hunt County, TX"	"48231"	"2009"	"2009"	12	85261	Unreliable
	"Texas"	"48"	"Hunt County, TX"	"48231"	"2010"	"2010"	11	86129	Unreliable
	"Texas"	"48"	"Hunt County, TX"	"48231"	"2011"	"2011"	11	86531	Unreliable
	"Texas"	"48"	"Hunt County, TX"	"48231"	"2012"	"2012"	Suppressed	87079	Suppressed
	"Texas"	"48"	"Hunt County, TX"	"48231"	"2013"	"2013"	14	87048	Unreliable
	"Texas"	"48"	"Hunt County, TX"	"48231"	"2014"	"2014"	Suppressed	88493	Suppressed
	"Texas"	"48"	"Hutchinson County, TX"	"48233"	"2006"	"2006"	Suppressed	22176	Suppressed
	"Texas"	"48"	"Hutchinson County, TX"	"48233"	"2007"	"2007"	Suppressed	22138	Suppressed
	"Texas"	"48"	"Hutchinson County, TX"	"48233"	"2008"	"2008"	Suppressed	21851	Suppressed
	"Texas"	"48"	"Hutchinson County, TX"	"48233"	"2009"	"2009"	Suppressed	22184	Suppressed
	"Texas"	"48"	"Hutchinson County, TX"	"48233"	"2010"	"2010"	0	22150	Unreliable
	"Texas"	"48"	"Hutchinson County, TX"	"48233"	"2011"	"2011"	Suppressed	22132	Suppressed
	"Texas"	"48"	"Hutchinson County, TX"	"48233"	"2012"	"2012"	Suppressed	21922	Suppressed
	"Texas"	"48"	"Hutchinson County, TX"	"48233"	"2013"	"2013"	Suppressed	21819	Suppressed
	"Texas"	"48"	"Hutchinson County, TX"	"48233"	"2014"	"2014"	Suppressed	21773	Suppressed
	"Texas"	"48"	"Irion County, TX"	"48235"	"2006"	"2006"	0	1649	Unreliable
	"Texas"	"48"	"Irion County, TX"	"48235"	"2007"	"2007"	0	1609	Unreliable
	"Texas"	"48"	"Irion County, TX"	"48235"	"2008"	"2008"	0	1571	Unreliable
	"Texas"	"48"	"Irion County, TX"	"48235"	"2009"	"2009"	0	1587	Unreliable
	"Texas"	"48"	"Irion County, TX"	"48235"	"2010"	"2010"	0	1599	Unreliable
	"Texas"	"48"	"Irion County, TX"	"48235"	"2011"	"2011"	0	1620	Unreliable
	"Texas"	"48"	"Irion County, TX"	"48235"	"2012"	"2012"	Suppressed	1573	Suppressed
	"Texas"	"48"	"Irion County, TX"	"48235"	"2013"	"2013"	0	1612	Unreliable
	"Texas"	"48"	"Irion County, TX"	"48235"	"2014"	"2014"	Suppressed	1574	Suppressed
	"Texas"	"48"	"Jack County, TX"	"48237"	"2006"	"2006"	0	9177	Unreliable
	"Texas"	"48"	"Jack County, TX"	"48237"	"2007"	"2007"	0	9068	Unreliable
	"Texas"	"48"	"Jack County, TX"	"48237"	"2008"	"2008"	Suppressed	9030	Suppressed
	"Texas"	"48"	"Jack County, TX"	"48237"	"2009"	"2009"	0	9057	Unreliable
	"Texas"	"48"	"Jack County, TX"	"48237"	"2010"	"2010"	Suppressed	9044	Suppressed
	"Texas"	"48"	"Jack County, TX"	"48237"	"2011"	"2011"	0	9035	Unreliable
	"Texas"	"48"	"Jack County, TX"	"48237"	"2012"	"2012"	0	8983	Unreliable
	"Texas"	"48"	"Jack County, TX"	"48237"	"2013"	"2013"	Suppressed	8957	Suppressed
	"Texas"	"48"	"Jack County, TX"	"48237"	"2014"	"2014"	Suppressed	8855	Suppressed
	"Texas"	"48"	"Jackson County, TX"	"48239"	"2006"	"2006"	0	13954	Unreliable
	"Texas"	"48"	"Jackson County, TX"	"48239"	"2007"	"2007"	Suppressed	13857	Suppressed
	"Texas"	"48"	"Jackson County, TX"	"48239"	"2008"	"2008"	0	13957	Unreliable
	"Texas"	"48"	"Jackson County, TX"	"48239"	"2009"	"2009"	0	14089	Unreliable
	"Texas"	"48"	"Jackson County, TX"	"48239"	"2010"	"2010"	Suppressed	14075	Suppressed
	"Texas"	"48"	"Jackson County, TX"	"48239"	"2011"	"2011"	Suppressed	14032	Suppressed
	"Texas"	"48"	"Jackson County, TX"	"48239"	"2012"	"2012"	Suppressed	14255	Suppressed
	"Texas"	"48"	"Jackson County, TX"	"48239"	"2013"	"2013"	Suppressed	14591	Suppressed
	"Texas"	"48"	"Jackson County, TX"	"48239"	"2014"	"2014"	Suppressed	14739	Suppressed
	"Texas"	"48"	"Jasper County, TX"	"48241"	"2006"	"2006"	Suppressed	34861	Suppressed
	"Texas"	"48"	"Jasper County, TX"	"48241"	"2007"	"2007"	Suppressed	35069	Suppressed
	"Texas"	"48"	"Jasper County, TX"	"48241"	"2008"	"2008"	Suppressed	35170	Suppressed
	"Texas"	"48"	"Jasper County, TX"	"48241"	"2009"	"2009"	Suppressed	35331	Suppressed
	"Texas"	"48"	"Jasper County, TX"	"48241"	"2010"	"2010"	Suppressed	35710	Suppressed
	"Texas"	"48"	"Jasper County, TX"	"48241"	"2011"	"2011"	Suppressed	36296	Suppressed
	"Texas"	"48"	"Jasper County, TX"	"48241"	"2012"	"2012"	Suppressed	35923	Suppressed
	"Texas"	"48"	"Jasper County, TX"	"48241"	"2013"	"2013"	Suppressed	35649	Suppressed
	"Texas"	"48"	"Jasper County, TX"	"48241"	"2014"	"2014"	Suppressed	35552	Suppressed
	"Texas"	"48"	"Jeff Davis County, TX"	"48243"	"2006"	"2006"	Suppressed	2264	Suppressed
	"Texas"	"48"	"Jeff Davis County, TX"	"48243"	"2007"	"2007"	0	2277	Unreliable
	"Texas"	"48"	"Jeff Davis County, TX"	"48243"	"2008"	"2008"	0	2316	Unreliable
	"Texas"	"48"	"Jeff Davis County, TX"	"48243"	"2009"	"2009"	0	2326	Unreliable
	"Texas"	"48"	"Jeff Davis County, TX"	"48243"	"2010"	"2010"	0	2342	Unreliable
	"Texas"	"48"	"Jeff Davis County, TX"	"48243"	"2011"	"2011"	Suppressed	2288	Suppressed
	"Texas"	"48"	"Jeff Davis County, TX"	"48243"	"2012"	"2012"	0	2307	Unreliable
	"Texas"	"48"	"Jeff Davis County, TX"	"48243"	"2013"	"2013"	0	2253	Unreliable
	"Texas"	"48"	"Jeff Davis County, TX"	"48243"	"2014"	"2014"	0	2204	Unreliable
	"Texas"	"48"	"Jefferson County, TX"	"48245"	"2006"	"2006"	57	245962	23.2
	"Texas"	"48"	"Jefferson County, TX"	"48245"	"2007"	"2007"	30	247629	12.1
	"Texas"	"48"	"Jefferson County, TX"	"48245"	"2008"	"2008"	40	249430	16.0
	"Texas"	"48"	"Jefferson County, TX"	"48245"	"2009"	"2009"	33	251332	13.1
	"Texas"	"48"	"Jefferson County, TX"	"48245"	"2010"	"2010"	38	252273	15.1
	"Texas"	"48"	"Jefferson County, TX"	"48245"	"2011"	"2011"	35	252802	13.8
	"Texas"	"48"	"Jefferson County, TX"	"48245"	"2012"	"2012"	34	251813	13.5
	"Texas"	"48"	"Jefferson County, TX"	"48245"	"2013"	"2013"	25	252358	9.9
	"Texas"	"48"	"Jefferson County, TX"	"48245"	"2014"	"2014"	35	252235	13.9
	"Texas"	"48"	"Jim Hogg County, TX"	"48247"	"2006"	"2006"	0	5160	Unreliable
	"Texas"	"48"	"Jim Hogg County, TX"	"48247"	"2007"	"2007"	0	5131	Unreliable
	"Texas"	"48"	"Jim Hogg County, TX"	"48247"	"2008"	"2008"	0	5198	Unreliable
	"Texas"	"48"	"Jim Hogg County, TX"	"48247"	"2009"	"2009"	0	5260	Unreliable
	"Texas"	"48"	"Jim Hogg County, TX"	"48247"	"2010"	"2010"	Suppressed	5300	Suppressed
	"Texas"	"48"	"Jim Hogg County, TX"	"48247"	"2011"	"2011"	0	5265	Unreliable
	"Texas"	"48"	"Jim Hogg County, TX"	"48247"	"2012"	"2012"	0	5249	Unreliable
	"Texas"	"48"	"Jim Hogg County, TX"	"48247"	"2013"	"2013"	0	5245	Unreliable
	"Texas"	"48"	"Jim Hogg County, TX"	"48247"	"2014"	"2014"	Suppressed	5255	Suppressed
	"Texas"	"48"	"Jim Wells County, TX"	"48249"	"2006"	"2006"	Suppressed	40393	Suppressed
	"Texas"	"48"	"Jim Wells County, TX"	"48249"	"2007"	"2007"	Suppressed	40654	Suppressed
	"Texas"	"48"	"Jim Wells County, TX"	"48249"	"2008"	"2008"	Suppressed	40554	Suppressed
	"Texas"	"48"	"Jim Wells County, TX"	"48249"	"2009"	"2009"	Suppressed	40633	Suppressed
	"Texas"	"48"	"Jim Wells County, TX"	"48249"	"2010"	"2010"	Suppressed	40838	Suppressed
	"Texas"	"48"	"Jim Wells County, TX"	"48249"	"2011"	"2011"	Suppressed	41339	Suppressed
	"Texas"	"48"	"Jim Wells County, TX"	"48249"	"2012"	"2012"	Suppressed	41754	Suppressed
	"Texas"	"48"	"Jim Wells County, TX"	"48249"	"2013"	"2013"	Suppressed	41680	Suppressed
	"Texas"	"48"	"Jim Wells County, TX"	"48249"	"2014"	"2014"	Suppressed	41353	Suppressed
	"Texas"	"48"	"Johnson County, TX"	"48251"	"2006"	"2006"	11	142501	Unreliable
	"Texas"	"48"	"Johnson County, TX"	"48251"	"2007"	"2007"	10	145123	Unreliable
	"Texas"	"48"	"Johnson County, TX"	"48251"	"2008"	"2008"	18	148635	Unreliable
	"Texas"	"48"	"Johnson County, TX"	"48251"	"2009"	"2009"	Suppressed	150583	Suppressed
	"Texas"	"48"	"Johnson County, TX"	"48251"	"2010"	"2010"	13	150934	Unreliable
	"Texas"	"48"	"Johnson County, TX"	"48251"	"2011"	"2011"	12	152734	Unreliable
	"Texas"	"48"	"Johnson County, TX"	"48251"	"2012"	"2012"	16	153441	Unreliable
	"Texas"	"48"	"Johnson County, TX"	"48251"	"2013"	"2013"	11	154707	Unreliable
	"Texas"	"48"	"Johnson County, TX"	"48251"	"2014"	"2014"	17	157456	Unreliable
	"Texas"	"48"	"Jones County, TX"	"48253"	"2006"	"2006"	Suppressed	20242	Suppressed
	"Texas"	"48"	"Jones County, TX"	"48253"	"2007"	"2007"	0	20102	Unreliable
	"Texas"	"48"	"Jones County, TX"	"48253"	"2008"	"2008"	Suppressed	20131	Suppressed
	"Texas"	"48"	"Jones County, TX"	"48253"	"2009"	"2009"	Suppressed	20093	Suppressed
	"Texas"	"48"	"Jones County, TX"	"48253"	"2010"	"2010"	Suppressed	20202	Suppressed
	"Texas"	"48"	"Jones County, TX"	"48253"	"2011"	"2011"	0	20146	Unreliable
	"Texas"	"48"	"Jones County, TX"	"48253"	"2012"	"2012"	Suppressed	19973	Suppressed
	"Texas"	"48"	"Jones County, TX"	"48253"	"2013"	"2013"	Suppressed	19859	Suppressed
	"Texas"	"48"	"Jones County, TX"	"48253"	"2014"	"2014"	Suppressed	19936	Suppressed
	"Texas"	"48"	"Karnes County, TX"	"48255"	"2006"	"2006"	0	14985	Unreliable
	"Texas"	"48"	"Karnes County, TX"	"48255"	"2007"	"2007"	0	14900	Unreliable
	"Texas"	"48"	"Karnes County, TX"	"48255"	"2008"	"2008"	Suppressed	14867	Suppressed
	"Texas"	"48"	"Karnes County, TX"	"48255"	"2009"	"2009"	Suppressed	14805	Suppressed
	"Texas"	"48"	"Karnes County, TX"	"48255"	"2010"	"2010"	Suppressed	14824	Suppressed
	"Texas"	"48"	"Karnes County, TX"	"48255"	"2011"	"2011"	Suppressed	14946	Suppressed
	"Texas"	"48"	"Karnes County, TX"	"48255"	"2012"	"2012"	0	15233	Unreliable
	"Texas"	"48"	"Karnes County, TX"	"48255"	"2013"	"2013"	0	15081	Unreliable
	"Texas"	"48"	"Karnes County, TX"	"48255"	"2014"	"2014"	Suppressed	14906	Suppressed
	"Texas"	"48"	"Kaufman County, TX"	"48257"	"2006"	"2006"	Suppressed	91395	Suppressed
	"Texas"	"48"	"Kaufman County, TX"	"48257"	"2007"	"2007"	Suppressed	95694	Suppressed
	"Texas"	"48"	"Kaufman County, TX"	"48257"	"2008"	"2008"	10	99285	Unreliable
	"Texas"	"48"	"Kaufman County, TX"	"48257"	"2009"	"2009"	Suppressed	101709	Suppressed
	"Texas"	"48"	"Kaufman County, TX"	"48257"	"2010"	"2010"	Suppressed	103350	Suppressed
	"Texas"	"48"	"Kaufman County, TX"	"48257"	"2011"	"2011"	10	105358	Unreliable
	"Texas"	"48"	"Kaufman County, TX"	"48257"	"2012"	"2012"	12	106753	Unreliable
	"Texas"	"48"	"Kaufman County, TX"	"48257"	"2013"	"2013"	15	108568	Unreliable
	"Texas"	"48"	"Kaufman County, TX"	"48257"	"2014"	"2014"	17	111236	Unreliable
	"Texas"	"48"	"Kendall County, TX"	"48259"	"2006"	"2006"	Suppressed	29134	Suppressed
	"Texas"	"48"	"Kendall County, TX"	"48259"	"2007"	"2007"	Suppressed	30330	Suppressed
	"Texas"	"48"	"Kendall County, TX"	"48259"	"2008"	"2008"	Suppressed	31754	Suppressed
	"Texas"	"48"	"Kendall County, TX"	"48259"	"2009"	"2009"	Suppressed	32655	Suppressed
	"Texas"	"48"	"Kendall County, TX"	"48259"	"2010"	"2010"	Suppressed	33410	Suppressed
	"Texas"	"48"	"Kendall County, TX"	"48259"	"2011"	"2011"	Suppressed	34781	Suppressed
	"Texas"	"48"	"Kendall County, TX"	"48259"	"2012"	"2012"	Suppressed	35956	Suppressed
	"Texas"	"48"	"Kendall County, TX"	"48259"	"2013"	"2013"	Suppressed	37766	Suppressed
	"Texas"	"48"	"Kendall County, TX"	"48259"	"2014"	"2014"	Suppressed	38880	Suppressed
	"Texas"	"48"	"Kenedy County, TX"	"48261"	"2006"	"2006"	0	426	Unreliable
	"Texas"	"48"	"Kenedy County, TX"	"48261"	"2007"	"2007"	0	415	Unreliable
	"Texas"	"48"	"Kenedy County, TX"	"48261"	"2008"	"2008"	0	410	Unreliable
	"Texas"	"48"	"Kenedy County, TX"	"48261"	"2009"	"2009"	0	403	Unreliable
	"Texas"	"48"	"Kenedy County, TX"	"48261"	"2010"	"2010"	0	416	Unreliable
	"Texas"	"48"	"Kenedy County, TX"	"48261"	"2011"	"2011"	0	437	Unreliable
	"Texas"	"48"	"Kenedy County, TX"	"48261"	"2012"	"2012"	0	431	Unreliable
	"Texas"	"48"	"Kenedy County, TX"	"48261"	"2013"	"2013"	0	412	Unreliable
	"Texas"	"48"	"Kenedy County, TX"	"48261"	"2014"	"2014"	0	400	Unreliable
	"Texas"	"48"	"Kent County, TX"	"48263"	"2006"	"2006"	0	770	Unreliable
	"Texas"	"48"	"Kent County, TX"	"48263"	"2007"	"2007"	0	788	Unreliable
	"Texas"	"48"	"Kent County, TX"	"48263"	"2008"	"2008"	0	787	Unreliable
	"Texas"	"48"	"Kent County, TX"	"48263"	"2009"	"2009"	0	793	Unreliable
	"Texas"	"48"	"Kent County, TX"	"48263"	"2010"	"2010"	0	808	Unreliable
	"Texas"	"48"	"Kent County, TX"	"48263"	"2011"	"2011"	0	825	Unreliable
	"Texas"	"48"	"Kent County, TX"	"48263"	"2012"	"2012"	0	839	Unreliable
	"Texas"	"48"	"Kent County, TX"	"48263"	"2013"	"2013"	0	807	Unreliable
	"Texas"	"48"	"Kent County, TX"	"48263"	"2014"	"2014"	0	785	Unreliable
	"Texas"	"48"	"Kerr County, TX"	"48265"	"2006"	"2006"	Suppressed	47840	Suppressed
	"Texas"	"48"	"Kerr County, TX"	"48265"	"2007"	"2007"	Suppressed	48352	Suppressed
	"Texas"	"48"	"Kerr County, TX"	"48265"	"2008"	"2008"	Suppressed	48852	Suppressed
	"Texas"	"48"	"Kerr County, TX"	"48265"	"2009"	"2009"	Suppressed	49427	Suppressed
	"Texas"	"48"	"Kerr County, TX"	"48265"	"2010"	"2010"	Suppressed	49625	Suppressed
	"Texas"	"48"	"Kerr County, TX"	"48265"	"2011"	"2011"	11	49783	Unreliable
	"Texas"	"48"	"Kerr County, TX"	"48265"	"2012"	"2012"	Suppressed	49786	Suppressed
	"Texas"	"48"	"Kerr County, TX"	"48265"	"2013"	"2013"	Suppressed	49953	Suppressed
	"Texas"	"48"	"Kerr County, TX"	"48265"	"2014"	"2014"	Suppressed	50562	Suppressed
	"Texas"	"48"	"Kimble County, TX"	"48267"	"2006"	"2006"	Suppressed	4578	Suppressed
	"Texas"	"48"	"Kimble County, TX"	"48267"	"2007"	"2007"	0	4518	Unreliable
	"Texas"	"48"	"Kimble County, TX"	"48267"	"2008"	"2008"	0	4520	Unreliable
	"Texas"	"48"	"Kimble County, TX"	"48267"	"2009"	"2009"	0	4623	Unreliable
	"Texas"	"48"	"Kimble County, TX"	"48267"	"2010"	"2010"	Suppressed	4607	Suppressed
	"Texas"	"48"	"Kimble County, TX"	"48267"	"2011"	"2011"	Suppressed	4632	Suppressed
	"Texas"	"48"	"Kimble County, TX"	"48267"	"2012"	"2012"	0	4560	Unreliable
	"Texas"	"48"	"Kimble County, TX"	"48267"	"2013"	"2013"	Suppressed	4481	Suppressed
	"Texas"	"48"	"Kimble County, TX"	"48267"	"2014"	"2014"	0	4438	Unreliable
	"Texas"	"48"	"King County, TX"	"48269"	"2006"	"2006"	0	285	Unreliable
	"Texas"	"48"	"King County, TX"	"48269"	"2007"	"2007"	0	284	Unreliable
	"Texas"	"48"	"King County, TX"	"48269"	"2008"	"2008"	0	272	Unreliable
	"Texas"	"48"	"King County, TX"	"48269"	"2009"	"2009"	0	279	Unreliable
	"Texas"	"48"	"King County, TX"	"48269"	"2010"	"2010"	0	286	Unreliable
	"Texas"	"48"	"King County, TX"	"48269"	"2011"	"2011"	0	255	Unreliable
	"Texas"	"48"	"King County, TX"	"48269"	"2012"	"2012"	0	276	Unreliable
	"Texas"	"48"	"King County, TX"	"48269"	"2013"	"2013"	0	285	Unreliable
	"Texas"	"48"	"King County, TX"	"48269"	"2014"	"2014"	0	262	Unreliable
	"Texas"	"48"	"Kinney County, TX"	"48271"	"2006"	"2006"	0	3488	Unreliable
	"Texas"	"48"	"Kinney County, TX"	"48271"	"2007"	"2007"	0	3546	Unreliable
	"Texas"	"48"	"Kinney County, TX"	"48271"	"2008"	"2008"	0	3507	Unreliable
	"Texas"	"48"	"Kinney County, TX"	"48271"	"2009"	"2009"	0	3568	Unreliable
	"Texas"	"48"	"Kinney County, TX"	"48271"	"2010"	"2010"	0	3598	Unreliable
	"Texas"	"48"	"Kinney County, TX"	"48271"	"2011"	"2011"	0	3630	Unreliable
	"Texas"	"48"	"Kinney County, TX"	"48271"	"2012"	"2012"	0	3603	Unreliable
	"Texas"	"48"	"Kinney County, TX"	"48271"	"2013"	"2013"	0	3586	Unreliable
	"Texas"	"48"	"Kinney County, TX"	"48271"	"2014"	"2014"	0	3526	Unreliable
	"Texas"	"48"	"Kleberg County, TX"	"48273"	"2006"	"2006"	Suppressed	31149	Suppressed
	"Texas"	"48"	"Kleberg County, TX"	"48273"	"2007"	"2007"	Suppressed	31370	Suppressed
	"Texas"	"48"	"Kleberg County, TX"	"48273"	"2008"	"2008"	Suppressed	31555	Suppressed
	"Texas"	"48"	"Kleberg County, TX"	"48273"	"2009"	"2009"	Suppressed	31876	Suppressed
	"Texas"	"48"	"Kleberg County, TX"	"48273"	"2010"	"2010"	Suppressed	32061	Suppressed
	"Texas"	"48"	"Kleberg County, TX"	"48273"	"2011"	"2011"	Suppressed	32196	Suppressed
	"Texas"	"48"	"Kleberg County, TX"	"48273"	"2012"	"2012"	Suppressed	32025	Suppressed
	"Texas"	"48"	"Kleberg County, TX"	"48273"	"2013"	"2013"	Suppressed	32101	Suppressed
	"Texas"	"48"	"Kleberg County, TX"	"48273"	"2014"	"2014"	Suppressed	32190	Suppressed
	"Texas"	"48"	"Knox County, TX"	"48275"	"2006"	"2006"	0	3788	Unreliable
	"Texas"	"48"	"Knox County, TX"	"48275"	"2007"	"2007"	0	3721	Unreliable
	"Texas"	"48"	"Knox County, TX"	"48275"	"2008"	"2008"	0	3650	Unreliable
	"Texas"	"48"	"Knox County, TX"	"48275"	"2009"	"2009"	0	3647	Unreliable
	"Texas"	"48"	"Knox County, TX"	"48275"	"2010"	"2010"	0	3719	Unreliable
	"Texas"	"48"	"Knox County, TX"	"48275"	"2011"	"2011"	Suppressed	3758	Suppressed
	"Texas"	"48"	"Knox County, TX"	"48275"	"2012"	"2012"	0	3789	Unreliable
	"Texas"	"48"	"Knox County, TX"	"48275"	"2013"	"2013"	Suppressed	3767	Suppressed
	"Texas"	"48"	"Knox County, TX"	"48275"	"2014"	"2014"	0	3858	Unreliable
	"Texas"	"48"	"Lamar County, TX"	"48277"	"2006"	"2006"	Suppressed	49386	Suppressed
	"Texas"	"48"	"Lamar County, TX"	"48277"	"2007"	"2007"	Suppressed	49387	Suppressed
	"Texas"	"48"	"Lamar County, TX"	"48277"	"2008"	"2008"	Suppressed	49467	Suppressed
	"Texas"	"48"	"Lamar County, TX"	"48277"	"2009"	"2009"	Suppressed	49600	Suppressed
	"Texas"	"48"	"Lamar County, TX"	"48277"	"2010"	"2010"	Suppressed	49793	Suppressed
	"Texas"	"48"	"Lamar County, TX"	"48277"	"2011"	"2011"	Suppressed	50074	Suppressed
	"Texas"	"48"	"Lamar County, TX"	"48277"	"2012"	"2012"	Suppressed	49811	Suppressed
	"Texas"	"48"	"Lamar County, TX"	"48277"	"2013"	"2013"	Suppressed	49426	Suppressed
	"Texas"	"48"	"Lamar County, TX"	"48277"	"2014"	"2014"	10	49523	Unreliable
	"Texas"	"48"	"Lamb County, TX"	"48279"	"2006"	"2006"	0	14338	Unreliable
	"Texas"	"48"	"Lamb County, TX"	"48279"	"2007"	"2007"	0	14270	Unreliable
	"Texas"	"48"	"Lamb County, TX"	"48279"	"2008"	"2008"	Suppressed	14036	Suppressed
	"Texas"	"48"	"Lamb County, TX"	"48279"	"2009"	"2009"	Suppressed	13791	Suppressed
	"Texas"	"48"	"Lamb County, TX"	"48279"	"2010"	"2010"	0	13977	Unreliable
	"Texas"	"48"	"Lamb County, TX"	"48279"	"2011"	"2011"	Suppressed	14167	Suppressed
	"Texas"	"48"	"Lamb County, TX"	"48279"	"2012"	"2012"	Suppressed	14008	Suppressed
	"Texas"	"48"	"Lamb County, TX"	"48279"	"2013"	"2013"	Suppressed	13775	Suppressed
	"Texas"	"48"	"Lamb County, TX"	"48279"	"2014"	"2014"	Suppressed	13574	Suppressed
	"Texas"	"48"	"Lampasas County, TX"	"48281"	"2006"	"2006"	0	19472	Unreliable
	"Texas"	"48"	"Lampasas County, TX"	"48281"	"2007"	"2007"	Suppressed	19728	Suppressed
	"Texas"	"48"	"Lampasas County, TX"	"48281"	"2008"	"2008"	Suppressed	19812	Suppressed
	"Texas"	"48"	"Lampasas County, TX"	"48281"	"2009"	"2009"	Suppressed	19652	Suppressed
	"Texas"	"48"	"Lampasas County, TX"	"48281"	"2010"	"2010"	0	19677	Unreliable
	"Texas"	"48"	"Lampasas County, TX"	"48281"	"2011"	"2011"	Suppressed	19891	Suppressed
	"Texas"	"48"	"Lampasas County, TX"	"48281"	"2012"	"2012"	0	20107	Unreliable
	"Texas"	"48"	"Lampasas County, TX"	"48281"	"2013"	"2013"	Suppressed	20222	Suppressed
	"Texas"	"48"	"Lampasas County, TX"	"48281"	"2014"	"2014"	Suppressed	20156	Suppressed
	"Texas"	"48"	"La Salle County, TX"	"48283"	"2006"	"2006"	0	6549	Unreliable
	"Texas"	"48"	"La Salle County, TX"	"48283"	"2007"	"2007"	Suppressed	6675	Suppressed
	"Texas"	"48"	"La Salle County, TX"	"48283"	"2008"	"2008"	0	6653	Unreliable
	"Texas"	"48"	"La Salle County, TX"	"48283"	"2009"	"2009"	0	6771	Unreliable
	"Texas"	"48"	"La Salle County, TX"	"48283"	"2010"	"2010"	0	6886	Unreliable
	"Texas"	"48"	"La Salle County, TX"	"48283"	"2011"	"2011"	0	7001	Unreliable
	"Texas"	"48"	"La Salle County, TX"	"48283"	"2012"	"2012"	0	7109	Unreliable
	"Texas"	"48"	"La Salle County, TX"	"48283"	"2013"	"2013"	Suppressed	7369	Suppressed
	"Texas"	"48"	"La Salle County, TX"	"48283"	"2014"	"2014"	0	7474	Unreliable
	"Texas"	"48"	"Lavaca County, TX"	"48285"	"2006"	"2006"	0	19181	Unreliable
	"Texas"	"48"	"Lavaca County, TX"	"48285"	"2007"	"2007"	0	19238	Unreliable
	"Texas"	"48"	"Lavaca County, TX"	"48285"	"2008"	"2008"	Suppressed	19185	Suppressed
	"Texas"	"48"	"Lavaca County, TX"	"48285"	"2009"	"2009"	0	19226	Unreliable
	"Texas"	"48"	"Lavaca County, TX"	"48285"	"2010"	"2010"	0	19263	Unreliable
	"Texas"	"48"	"Lavaca County, TX"	"48285"	"2011"	"2011"	Suppressed	19347	Suppressed
	"Texas"	"48"	"Lavaca County, TX"	"48285"	"2012"	"2012"	0	19468	Unreliable
	"Texas"	"48"	"Lavaca County, TX"	"48285"	"2013"	"2013"	Suppressed	19581	Suppressed
	"Texas"	"48"	"Lavaca County, TX"	"48285"	"2014"	"2014"	Suppressed	19721	Suppressed
	"Texas"	"48"	"Lee County, TX"	"48287"	"2006"	"2006"	Suppressed	16348	Suppressed
	"Texas"	"48"	"Lee County, TX"	"48287"	"2007"	"2007"	0	16421	Unreliable
	"Texas"	"48"	"Lee County, TX"	"48287"	"2008"	"2008"	0	16550	Unreliable
	"Texas"	"48"	"Lee County, TX"	"48287"	"2009"	"2009"	0	16565	Unreliable
	"Texas"	"48"	"Lee County, TX"	"48287"	"2010"	"2010"	0	16612	Unreliable
	"Texas"	"48"	"Lee County, TX"	"48287"	"2011"	"2011"	Suppressed	16666	Suppressed
	"Texas"	"48"	"Lee County, TX"	"48287"	"2012"	"2012"	0	16601	Unreliable
	"Texas"	"48"	"Lee County, TX"	"48287"	"2013"	"2013"	0	16628	Unreliable
	"Texas"	"48"	"Lee County, TX"	"48287"	"2014"	"2014"	Suppressed	16742	Suppressed
	"Texas"	"48"	"Leon County, TX"	"48289"	"2006"	"2006"	Suppressed	16334	Suppressed
	"Texas"	"48"	"Leon County, TX"	"48289"	"2007"	"2007"	Suppressed	16390	Suppressed
	"Texas"	"48"	"Leon County, TX"	"48289"	"2008"	"2008"	Suppressed	16832	Suppressed
	"Texas"	"48"	"Leon County, TX"	"48289"	"2009"	"2009"	0	16862	Unreliable
	"Texas"	"48"	"Leon County, TX"	"48289"	"2010"	"2010"	Suppressed	16801	Suppressed
	"Texas"	"48"	"Leon County, TX"	"48289"	"2011"	"2011"	Suppressed	16916	Suppressed
	"Texas"	"48"	"Leon County, TX"	"48289"	"2012"	"2012"	Suppressed	16803	Suppressed
	"Texas"	"48"	"Leon County, TX"	"48289"	"2013"	"2013"	Suppressed	16742	Suppressed
	"Texas"	"48"	"Leon County, TX"	"48289"	"2014"	"2014"	Suppressed	16861	Suppressed
	"Texas"	"48"	"Liberty County, TX"	"48291"	"2006"	"2006"	12	74269	Unreliable
	"Texas"	"48"	"Liberty County, TX"	"48291"	"2007"	"2007"	23	74515	30.9
	"Texas"	"48"	"Liberty County, TX"	"48291"	"2008"	"2008"	17	74915	Unreliable
	"Texas"	"48"	"Liberty County, TX"	"48291"	"2009"	"2009"	19	75041	Unreliable
	"Texas"	"48"	"Liberty County, TX"	"48291"	"2010"	"2010"	15	75643	Unreliable
	"Texas"	"48"	"Liberty County, TX"	"48291"	"2011"	"2011"	12	76206	Unreliable
	"Texas"	"48"	"Liberty County, TX"	"48291"	"2012"	"2012"	11	76571	Unreliable
	"Texas"	"48"	"Liberty County, TX"	"48291"	"2013"	"2013"	Suppressed	76907	Suppressed
	"Texas"	"48"	"Liberty County, TX"	"48291"	"2014"	"2014"	10	78117	Unreliable
	"Texas"	"48"	"Limestone County, TX"	"48293"	"2006"	"2006"	Suppressed	23093	Suppressed
	"Texas"	"48"	"Limestone County, TX"	"48293"	"2007"	"2007"	Suppressed	23090	Suppressed
	"Texas"	"48"	"Limestone County, TX"	"48293"	"2008"	"2008"	0	23065	Unreliable
	"Texas"	"48"	"Limestone County, TX"	"48293"	"2009"	"2009"	Suppressed	23173	Suppressed
	"Texas"	"48"	"Limestone County, TX"	"48293"	"2010"	"2010"	Suppressed	23384	Suppressed
	"Texas"	"48"	"Limestone County, TX"	"48293"	"2011"	"2011"	Suppressed	23634	Suppressed
	"Texas"	"48"	"Limestone County, TX"	"48293"	"2012"	"2012"	Suppressed	23585	Suppressed
	"Texas"	"48"	"Limestone County, TX"	"48293"	"2013"	"2013"	Suppressed	23326	Suppressed
	"Texas"	"48"	"Limestone County, TX"	"48293"	"2014"	"2014"	Suppressed	23524	Suppressed
	"Texas"	"48"	"Lipscomb County, TX"	"48295"	"2006"	"2006"	0	3115	Unreliable
	"Texas"	"48"	"Lipscomb County, TX"	"48295"	"2007"	"2007"	0	3178	Unreliable
	"Texas"	"48"	"Lipscomb County, TX"	"48295"	"2008"	"2008"	0	3183	Unreliable
	"Texas"	"48"	"Lipscomb County, TX"	"48295"	"2009"	"2009"	Suppressed	3326	Suppressed
	"Texas"	"48"	"Lipscomb County, TX"	"48295"	"2010"	"2010"	Suppressed	3302	Suppressed
	"Texas"	"48"	"Lipscomb County, TX"	"48295"	"2011"	"2011"	Suppressed	3327	Suppressed
	"Texas"	"48"	"Lipscomb County, TX"	"48295"	"2012"	"2012"	0	3480	Unreliable
	"Texas"	"48"	"Lipscomb County, TX"	"48295"	"2013"	"2013"	0	3485	Unreliable
	"Texas"	"48"	"Lipscomb County, TX"	"48295"	"2014"	"2014"	0	3553	Unreliable
	"Texas"	"48"	"Live Oak County, TX"	"48297"	"2006"	"2006"	0	11559	Unreliable
	"Texas"	"48"	"Live Oak County, TX"	"48297"	"2007"	"2007"	0	11528	Unreliable
	"Texas"	"48"	"Live Oak County, TX"	"48297"	"2008"	"2008"	Suppressed	11479	Suppressed
	"Texas"	"48"	"Live Oak County, TX"	"48297"	"2009"	"2009"	0	11410	Unreliable
	"Texas"	"48"	"Live Oak County, TX"	"48297"	"2010"	"2010"	Suppressed	11531	Suppressed
	"Texas"	"48"	"Live Oak County, TX"	"48297"	"2011"	"2011"	Suppressed	11447	Suppressed
	"Texas"	"48"	"Live Oak County, TX"	"48297"	"2012"	"2012"	0	11664	Unreliable
	"Texas"	"48"	"Live Oak County, TX"	"48297"	"2013"	"2013"	0	11867	Unreliable
	"Texas"	"48"	"Live Oak County, TX"	"48297"	"2014"	"2014"	Suppressed	12091	Suppressed
	"Texas"	"48"	"Llano County, TX"	"48299"	"2006"	"2006"	Suppressed	18502	Suppressed
	"Texas"	"48"	"Llano County, TX"	"48299"	"2007"	"2007"	Suppressed	18935	Suppressed
	"Texas"	"48"	"Llano County, TX"	"48299"	"2008"	"2008"	Suppressed	19034	Suppressed
	"Texas"	"48"	"Llano County, TX"	"48299"	"2009"	"2009"	Suppressed	19175	Suppressed
	"Texas"	"48"	"Llano County, TX"	"48299"	"2010"	"2010"	Suppressed	19301	Suppressed
	"Texas"	"48"	"Llano County, TX"	"48299"	"2011"	"2011"	Suppressed	19181	Suppressed
	"Texas"	"48"	"Llano County, TX"	"48299"	"2012"	"2012"	Suppressed	19085	Suppressed
	"Texas"	"48"	"Llano County, TX"	"48299"	"2013"	"2013"	Suppressed	19444	Suppressed
	"Texas"	"48"	"Llano County, TX"	"48299"	"2014"	"2014"	Suppressed	19510	Suppressed
	"Texas"	"48"	"Loving County, TX"	"48301"	"2006"	"2006"	0	75	Unreliable
	"Texas"	"48"	"Loving County, TX"	"48301"	"2007"	"2007"	0	79	Unreliable
	"Texas"	"48"	"Loving County, TX"	"48301"	"2008"	"2008"	0	61	Unreliable
	"Texas"	"48"	"Loving County, TX"	"48301"	"2009"	"2009"	0	77	Unreliable
	"Texas"	"48"	"Loving County, TX"	"48301"	"2010"	"2010"	0	82	Unreliable
	"Texas"	"48"	"Loving County, TX"	"48301"	"2011"	"2011"	0	94	Unreliable
	"Texas"	"48"	"Loving County, TX"	"48301"	"2012"	"2012"	0	71	Unreliable
	"Texas"	"48"	"Loving County, TX"	"48301"	"2013"	"2013"	0	95	Unreliable
	"Texas"	"48"	"Loving County, TX"	"48301"	"2014"	"2014"	0	86	Unreliable
	"Texas"	"48"	"Lubbock County, TX"	"48303"	"2006"	"2006"	21	261761	8.0
	"Texas"	"48"	"Lubbock County, TX"	"48303"	"2007"	"2007"	15	265215	Unreliable
	"Texas"	"48"	"Lubbock County, TX"	"48303"	"2008"	"2008"	21	268197	7.8
	"Texas"	"48"	"Lubbock County, TX"	"48303"	"2009"	"2009"	20	274252	7.3
	"Texas"	"48"	"Lubbock County, TX"	"48303"	"2010"	"2010"	24	278831	8.6
	"Texas"	"48"	"Lubbock County, TX"	"48303"	"2011"	"2011"	23	283910	8.1
	"Texas"	"48"	"Lubbock County, TX"	"48303"	"2012"	"2012"	23	285760	8.0
	"Texas"	"48"	"Lubbock County, TX"	"48303"	"2013"	"2013"	33	289324	11.4
	"Texas"	"48"	"Lubbock County, TX"	"48303"	"2014"	"2014"	32	293974	10.9
	"Texas"	"48"	"Lynn County, TX"	"48305"	"2006"	"2006"	0	6192	Unreliable
	"Texas"	"48"	"Lynn County, TX"	"48305"	"2007"	"2007"	0	5989	Unreliable
	"Texas"	"48"	"Lynn County, TX"	"48305"	"2008"	"2008"	0	5932	Unreliable
	"Texas"	"48"	"Lynn County, TX"	"48305"	"2009"	"2009"	0	5927	Unreliable
	"Texas"	"48"	"Lynn County, TX"	"48305"	"2010"	"2010"	Suppressed	5915	Suppressed
	"Texas"	"48"	"Lynn County, TX"	"48305"	"2011"	"2011"	0	5888	Unreliable
	"Texas"	"48"	"Lynn County, TX"	"48305"	"2012"	"2012"	Suppressed	5783	Suppressed
	"Texas"	"48"	"Lynn County, TX"	"48305"	"2013"	"2013"	0	5723	Unreliable
	"Texas"	"48"	"Lynn County, TX"	"48305"	"2014"	"2014"	0	5771	Unreliable
	"Texas"	"48"	"McCulloch County, TX"	"48307"	"2006"	"2006"	0	8183	Unreliable
	"Texas"	"48"	"McCulloch County, TX"	"48307"	"2007"	"2007"	Suppressed	8105	Suppressed
	"Texas"	"48"	"McCulloch County, TX"	"48307"	"2008"	"2008"	Suppressed	8203	Suppressed
	"Texas"	"48"	"McCulloch County, TX"	"48307"	"2009"	"2009"	0	8365	Unreliable
	"Texas"	"48"	"McCulloch County, TX"	"48307"	"2010"	"2010"	Suppressed	8283	Suppressed
	"Texas"	"48"	"McCulloch County, TX"	"48307"	"2011"	"2011"	Suppressed	8290	Suppressed
	"Texas"	"48"	"McCulloch County, TX"	"48307"	"2012"	"2012"	0	8313	Unreliable
	"Texas"	"48"	"McCulloch County, TX"	"48307"	"2013"	"2013"	0	8330	Unreliable
	"Texas"	"48"	"McCulloch County, TX"	"48307"	"2014"	"2014"	0	8199	Unreliable
	"Texas"	"48"	"McLennan County, TX"	"48309"	"2006"	"2006"	15	224452	Unreliable
	"Texas"	"48"	"McLennan County, TX"	"48309"	"2007"	"2007"	15	226741	Unreliable
	"Texas"	"48"	"McLennan County, TX"	"48309"	"2008"	"2008"	11	229037	Unreliable
	"Texas"	"48"	"McLennan County, TX"	"48309"	"2009"	"2009"	15	231679	Unreliable
	"Texas"	"48"	"McLennan County, TX"	"48309"	"2010"	"2010"	21	234906	8.9
	"Texas"	"48"	"McLennan County, TX"	"48309"	"2011"	"2011"	12	238564	Unreliable
	"Texas"	"48"	"McLennan County, TX"	"48309"	"2012"	"2012"	26	238707	10.9
	"Texas"	"48"	"McLennan County, TX"	"48309"	"2013"	"2013"	15	241481	Unreliable
	"Texas"	"48"	"McLennan County, TX"	"48309"	"2014"	"2014"	16	243441	Unreliable
	"Texas"	"48"	"McMullen County, TX"	"48311"	"2006"	"2006"	0	765	Unreliable
	"Texas"	"48"	"McMullen County, TX"	"48311"	"2007"	"2007"	0	773	Unreliable
	"Texas"	"48"	"McMullen County, TX"	"48311"	"2008"	"2008"	0	736	Unreliable
	"Texas"	"48"	"McMullen County, TX"	"48311"	"2009"	"2009"	0	699	Unreliable
	"Texas"	"48"	"McMullen County, TX"	"48311"	"2010"	"2010"	0	707	Unreliable
	"Texas"	"48"	"McMullen County, TX"	"48311"	"2011"	"2011"	0	690	Unreliable
	"Texas"	"48"	"McMullen County, TX"	"48311"	"2012"	"2012"	0	726	Unreliable
	"Texas"	"48"	"McMullen County, TX"	"48311"	"2013"	"2013"	0	764	Unreliable
	"Texas"	"48"	"McMullen County, TX"	"48311"	"2014"	"2014"	0	805	Unreliable
	"Texas"	"48"	"Madison County, TX"	"48313"	"2006"	"2006"	Suppressed	13264	Suppressed
	"Texas"	"48"	"Madison County, TX"	"48313"	"2007"	"2007"	Suppressed	13353	Suppressed
	"Texas"	"48"	"Madison County, TX"	"48313"	"2008"	"2008"	Suppressed	13340	Suppressed
	"Texas"	"48"	"Madison County, TX"	"48313"	"2009"	"2009"	Suppressed	13483	Suppressed
	"Texas"	"48"	"Madison County, TX"	"48313"	"2010"	"2010"	Suppressed	13664	Suppressed
	"Texas"	"48"	"Madison County, TX"	"48313"	"2011"	"2011"	Suppressed	13747	Suppressed
	"Texas"	"48"	"Madison County, TX"	"48313"	"2012"	"2012"	0	13677	Unreliable
	"Texas"	"48"	"Madison County, TX"	"48313"	"2013"	"2013"	Suppressed	13781	Suppressed
	"Texas"	"48"	"Madison County, TX"	"48313"	"2014"	"2014"	Suppressed	13861	Suppressed
	"Texas"	"48"	"Marion County, TX"	"48315"	"2006"	"2006"	Suppressed	10992	Suppressed
	"Texas"	"48"	"Marion County, TX"	"48315"	"2007"	"2007"	Suppressed	10951	Suppressed
	"Texas"	"48"	"Marion County, TX"	"48315"	"2008"	"2008"	Suppressed	10748	Suppressed
	"Texas"	"48"	"Marion County, TX"	"48315"	"2009"	"2009"	Suppressed	10669	Suppressed
	"Texas"	"48"	"Marion County, TX"	"48315"	"2010"	"2010"	Suppressed	10546	Suppressed
	"Texas"	"48"	"Marion County, TX"	"48315"	"2011"	"2011"	0	10507	Unreliable
	"Texas"	"48"	"Marion County, TX"	"48315"	"2012"	"2012"	Suppressed	10324	Suppressed
	"Texas"	"48"	"Marion County, TX"	"48315"	"2013"	"2013"	0	10235	Unreliable
	"Texas"	"48"	"Marion County, TX"	"48315"	"2014"	"2014"	Suppressed	10149	Suppressed
	"Texas"	"48"	"Martin County, TX"	"48317"	"2006"	"2006"	0	4443	Unreliable
	"Texas"	"48"	"Martin County, TX"	"48317"	"2007"	"2007"	0	4494	Unreliable
	"Texas"	"48"	"Martin County, TX"	"48317"	"2008"	"2008"	0	4558	Unreliable
	"Texas"	"48"	"Martin County, TX"	"48317"	"2009"	"2009"	0	4710	Unreliable
	"Texas"	"48"	"Martin County, TX"	"48317"	"2010"	"2010"	Suppressed	4799	Suppressed
	"Texas"	"48"	"Martin County, TX"	"48317"	"2011"	"2011"	Suppressed	4934	Suppressed
	"Texas"	"48"	"Martin County, TX"	"48317"	"2012"	"2012"	0	5017	Unreliable
	"Texas"	"48"	"Martin County, TX"	"48317"	"2013"	"2013"	0	5312	Unreliable
	"Texas"	"48"	"Martin County, TX"	"48317"	"2014"	"2014"	0	5460	Unreliable
	"Texas"	"48"	"Mason County, TX"	"48319"	"2006"	"2006"	0	3862	Unreliable
	"Texas"	"48"	"Mason County, TX"	"48319"	"2007"	"2007"	0	3897	Unreliable
	"Texas"	"48"	"Mason County, TX"	"48319"	"2008"	"2008"	0	3876	Unreliable
	"Texas"	"48"	"Mason County, TX"	"48319"	"2009"	"2009"	Suppressed	3982	Suppressed
	"Texas"	"48"	"Mason County, TX"	"48319"	"2010"	"2010"	0	4012	Unreliable
	"Texas"	"48"	"Mason County, TX"	"48319"	"2011"	"2011"	0	3984	Unreliable
	"Texas"	"48"	"Mason County, TX"	"48319"	"2012"	"2012"	0	4003	Unreliable
	"Texas"	"48"	"Mason County, TX"	"48319"	"2013"	"2013"	0	4128	Unreliable
	"Texas"	"48"	"Mason County, TX"	"48319"	"2014"	"2014"	0	4071	Unreliable
	"Texas"	"48"	"Matagorda County, TX"	"48321"	"2006"	"2006"	Suppressed	36743	Suppressed
	"Texas"	"48"	"Matagorda County, TX"	"48321"	"2007"	"2007"	Suppressed	36452	Suppressed
	"Texas"	"48"	"Matagorda County, TX"	"48321"	"2008"	"2008"	Suppressed	36708	Suppressed
	"Texas"	"48"	"Matagorda County, TX"	"48321"	"2009"	"2009"	Suppressed	36579	Suppressed
	"Texas"	"48"	"Matagorda County, TX"	"48321"	"2010"	"2010"	Suppressed	36702	Suppressed
	"Texas"	"48"	"Matagorda County, TX"	"48321"	"2011"	"2011"	Suppressed	36809	Suppressed
	"Texas"	"48"	"Matagorda County, TX"	"48321"	"2012"	"2012"	Suppressed	36547	Suppressed
	"Texas"	"48"	"Matagorda County, TX"	"48321"	"2013"	"2013"	Suppressed	36592	Suppressed
	"Texas"	"48"	"Matagorda County, TX"	"48321"	"2014"	"2014"	Suppressed	36519	Suppressed
	"Texas"	"48"	"Maverick County, TX"	"48323"	"2006"	"2006"	0	50951	Unreliable
	"Texas"	"48"	"Maverick County, TX"	"48323"	"2007"	"2007"	0	51367	Unreliable
	"Texas"	"48"	"Maverick County, TX"	"48323"	"2008"	"2008"	Suppressed	52190	Suppressed
	"Texas"	"48"	"Maverick County, TX"	"48323"	"2009"	"2009"	Suppressed	53434	Suppressed
	"Texas"	"48"	"Maverick County, TX"	"48323"	"2010"	"2010"	Suppressed	54258	Suppressed
	"Texas"	"48"	"Maverick County, TX"	"48323"	"2011"	"2011"	Suppressed	55405	Suppressed
	"Texas"	"48"	"Maverick County, TX"	"48323"	"2012"	"2012"	Suppressed	55365	Suppressed
	"Texas"	"48"	"Maverick County, TX"	"48323"	"2013"	"2013"	Suppressed	55932	Suppressed
	"Texas"	"48"	"Maverick County, TX"	"48323"	"2014"	"2014"	Suppressed	57023	Suppressed
	"Texas"	"48"	"Medina County, TX"	"48325"	"2006"	"2006"	Suppressed	43936	Suppressed
	"Texas"	"48"	"Medina County, TX"	"48325"	"2007"	"2007"	Suppressed	44577	Suppressed
	"Texas"	"48"	"Medina County, TX"	"48325"	"2008"	"2008"	Suppressed	45131	Suppressed
	"Texas"	"48"	"Medina County, TX"	"48325"	"2009"	"2009"	0	45605	Unreliable
	"Texas"	"48"	"Medina County, TX"	"48325"	"2010"	"2010"	Suppressed	46006	Suppressed
	"Texas"	"48"	"Medina County, TX"	"48325"	"2011"	"2011"	Suppressed	46367	Suppressed
	"Texas"	"48"	"Medina County, TX"	"48325"	"2012"	"2012"	Suppressed	46765	Suppressed
	"Texas"	"48"	"Medina County, TX"	"48325"	"2013"	"2013"	Suppressed	47399	Suppressed
	"Texas"	"48"	"Medina County, TX"	"48325"	"2014"	"2014"	Suppressed	47894	Suppressed
	"Texas"	"48"	"Menard County, TX"	"48327"	"2006"	"2006"	0	2199	Unreliable
	"Texas"	"48"	"Menard County, TX"	"48327"	"2007"	"2007"	0	2176	Unreliable
	"Texas"	"48"	"Menard County, TX"	"48327"	"2008"	"2008"	0	2217	Unreliable
	"Texas"	"48"	"Menard County, TX"	"48327"	"2009"	"2009"	0	2227	Unreliable
	"Texas"	"48"	"Menard County, TX"	"48327"	"2010"	"2010"	0	2242	Unreliable
	"Texas"	"48"	"Menard County, TX"	"48327"	"2011"	"2011"	0	2264	Unreliable
	"Texas"	"48"	"Menard County, TX"	"48327"	"2012"	"2012"	0	2240	Unreliable
	"Texas"	"48"	"Menard County, TX"	"48327"	"2013"	"2013"	0	2148	Unreliable
	"Texas"	"48"	"Menard County, TX"	"48327"	"2014"	"2014"	0	2147	Unreliable
	"Texas"	"48"	"Midland County, TX"	"48329"	"2006"	"2006"	12	125844	Unreliable
	"Texas"	"48"	"Midland County, TX"	"48329"	"2007"	"2007"	12	128954	Unreliable
	"Texas"	"48"	"Midland County, TX"	"48329"	"2008"	"2008"	17	132502	Unreliable
	"Texas"	"48"	"Midland County, TX"	"48329"	"2009"	"2009"	Suppressed	136238	Suppressed
	"Texas"	"48"	"Midland County, TX"	"48329"	"2010"	"2010"	13	136872	Unreliable
	"Texas"	"48"	"Midland County, TX"	"48329"	"2011"	"2011"	15	140308	Unreliable
	"Texas"	"48"	"Midland County, TX"	"48329"	"2012"	"2012"	11	146645	Unreliable
	"Texas"	"48"	"Midland County, TX"	"48329"	"2013"	"2013"	19	151468	Unreliable
	"Texas"	"48"	"Midland County, TX"	"48329"	"2014"	"2014"	19	155830	Unreliable
	"Texas"	"48"	"Milam County, TX"	"48331"	"2006"	"2006"	Suppressed	25082	Suppressed
	"Texas"	"48"	"Milam County, TX"	"48331"	"2007"	"2007"	Suppressed	24946	Suppressed
	"Texas"	"48"	"Milam County, TX"	"48331"	"2008"	"2008"	Suppressed	25065	Suppressed
	"Texas"	"48"	"Milam County, TX"	"48331"	"2009"	"2009"	Suppressed	24864	Suppressed
	"Texas"	"48"	"Milam County, TX"	"48331"	"2010"	"2010"	Suppressed	24757	Suppressed
	"Texas"	"48"	"Milam County, TX"	"48331"	"2011"	"2011"	Suppressed	24699	Suppressed
	"Texas"	"48"	"Milam County, TX"	"48331"	"2012"	"2012"	Suppressed	24157	Suppressed
	"Texas"	"48"	"Milam County, TX"	"48331"	"2013"	"2013"	Suppressed	24167	Suppressed
	"Texas"	"48"	"Milam County, TX"	"48331"	"2014"	"2014"	Suppressed	24256	Suppressed
	"Texas"	"48"	"Mills County, TX"	"48333"	"2006"	"2006"	Suppressed	4854	Suppressed
	"Texas"	"48"	"Mills County, TX"	"48333"	"2007"	"2007"	0	4871	Unreliable
	"Texas"	"48"	"Mills County, TX"	"48333"	"2008"	"2008"	0	4876	Unreliable
	"Texas"	"48"	"Mills County, TX"	"48333"	"2009"	"2009"	Suppressed	4877	Suppressed
	"Texas"	"48"	"Mills County, TX"	"48333"	"2010"	"2010"	0	4936	Unreliable
	"Texas"	"48"	"Mills County, TX"	"48333"	"2011"	"2011"	0	4848	Unreliable
	"Texas"	"48"	"Mills County, TX"	"48333"	"2012"	"2012"	0	4828	Unreliable
	"Texas"	"48"	"Mills County, TX"	"48333"	"2013"	"2013"	0	4907	Unreliable
	"Texas"	"48"	"Mills County, TX"	"48333"	"2014"	"2014"	0	4870	Unreliable
	"Texas"	"48"	"Mitchell County, TX"	"48335"	"2006"	"2006"	0	9279	Unreliable
	"Texas"	"48"	"Mitchell County, TX"	"48335"	"2007"	"2007"	0	9339	Unreliable
	"Texas"	"48"	"Mitchell County, TX"	"48335"	"2008"	"2008"	Suppressed	9285	Suppressed
	"Texas"	"48"	"Mitchell County, TX"	"48335"	"2009"	"2009"	0	9399	Unreliable
	"Texas"	"48"	"Mitchell County, TX"	"48335"	"2010"	"2010"	Suppressed	9403	Suppressed
	"Texas"	"48"	"Mitchell County, TX"	"48335"	"2011"	"2011"	Suppressed	9426	Suppressed
	"Texas"	"48"	"Mitchell County, TX"	"48335"	"2012"	"2012"	Suppressed	9336	Suppressed
	"Texas"	"48"	"Mitchell County, TX"	"48335"	"2013"	"2013"	0	9402	Unreliable
	"Texas"	"48"	"Mitchell County, TX"	"48335"	"2014"	"2014"	0	9076	Unreliable
	"Texas"	"48"	"Montague County, TX"	"48337"	"2006"	"2006"	Suppressed	19781	Suppressed
	"Texas"	"48"	"Montague County, TX"	"48337"	"2007"	"2007"	Suppressed	19822	Suppressed
	"Texas"	"48"	"Montague County, TX"	"48337"	"2008"	"2008"	Suppressed	19882	Suppressed
	"Texas"	"48"	"Montague County, TX"	"48337"	"2009"	"2009"	Suppressed	19768	Suppressed
	"Texas"	"48"	"Montague County, TX"	"48337"	"2010"	"2010"	Suppressed	19719	Suppressed
	"Texas"	"48"	"Montague County, TX"	"48337"	"2011"	"2011"	Suppressed	19710	Suppressed
	"Texas"	"48"	"Montague County, TX"	"48337"	"2012"	"2012"	Suppressed	19565	Suppressed
	"Texas"	"48"	"Montague County, TX"	"48337"	"2013"	"2013"	Suppressed	19503	Suppressed
	"Texas"	"48"	"Montague County, TX"	"48337"	"2014"	"2014"	Suppressed	19416	Suppressed
	"Texas"	"48"	"Montgomery County, TX"	"48339"	"2006"	"2006"	80	392497	20.4
	"Texas"	"48"	"Montgomery County, TX"	"48339"	"2007"	"2007"	67	411416	16.3
	"Texas"	"48"	"Montgomery County, TX"	"48339"	"2008"	"2008"	57	429818	13.3
	"Texas"	"48"	"Montgomery County, TX"	"48339"	"2009"	"2009"	61	445836	13.7
	"Texas"	"48"	"Montgomery County, TX"	"48339"	"2010"	"2010"	39	455746	8.6
	"Texas"	"48"	"Montgomery County, TX"	"48339"	"2011"	"2011"	44	471734	9.3
	"Texas"	"48"	"Montgomery County, TX"	"48339"	"2012"	"2012"	45	485047	9.3
	"Texas"	"48"	"Montgomery County, TX"	"48339"	"2013"	"2013"	49	499137	9.8
	"Texas"	"48"	"Montgomery County, TX"	"48339"	"2014"	"2014"	43	518947	8.3
	"Texas"	"48"	"Moore County, TX"	"48341"	"2006"	"2006"	Suppressed	20558	Suppressed
	"Texas"	"48"	"Moore County, TX"	"48341"	"2007"	"2007"	Suppressed	20469	Suppressed
	"Texas"	"48"	"Moore County, TX"	"48341"	"2008"	"2008"	0	20917	Unreliable
	"Texas"	"48"	"Moore County, TX"	"48341"	"2009"	"2009"	Suppressed	21575	Suppressed
	"Texas"	"48"	"Moore County, TX"	"48341"	"2010"	"2010"	Suppressed	21904	Suppressed
	"Texas"	"48"	"Moore County, TX"	"48341"	"2011"	"2011"	Suppressed	21954	Suppressed
	"Texas"	"48"	"Moore County, TX"	"48341"	"2012"	"2012"	0	22313	Unreliable
	"Texas"	"48"	"Moore County, TX"	"48341"	"2013"	"2013"	0	22141	Unreliable
	"Texas"	"48"	"Moore County, TX"	"48341"	"2014"	"2014"	Suppressed	22148	Suppressed
	"Texas"	"48"	"Morris County, TX"	"48343"	"2006"	"2006"	Suppressed	13168	Suppressed
	"Texas"	"48"	"Morris County, TX"	"48343"	"2007"	"2007"	Suppressed	13251	Suppressed
	"Texas"	"48"	"Morris County, TX"	"48343"	"2008"	"2008"	Suppressed	13092	Suppressed
	"Texas"	"48"	"Morris County, TX"	"48343"	"2009"	"2009"	Suppressed	12954	Suppressed
	"Texas"	"48"	"Morris County, TX"	"48343"	"2010"	"2010"	Suppressed	12934	Suppressed
	"Texas"	"48"	"Morris County, TX"	"48343"	"2011"	"2011"	Suppressed	12848	Suppressed
	"Texas"	"48"	"Morris County, TX"	"48343"	"2012"	"2012"	Suppressed	12787	Suppressed
	"Texas"	"48"	"Morris County, TX"	"48343"	"2013"	"2013"	0	12834	Unreliable
	"Texas"	"48"	"Morris County, TX"	"48343"	"2014"	"2014"	Suppressed	12743	Suppressed
	"Texas"	"48"	"Motley County, TX"	"48345"	"2006"	"2006"	0	1236	Unreliable
	"Texas"	"48"	"Motley County, TX"	"48345"	"2007"	"2007"	Suppressed	1228	Suppressed
	"Texas"	"48"	"Motley County, TX"	"48345"	"2008"	"2008"	0	1197	Unreliable
	"Texas"	"48"	"Motley County, TX"	"48345"	"2009"	"2009"	0	1200	Unreliable
	"Texas"	"48"	"Motley County, TX"	"48345"	"2010"	"2010"	0	1210	Unreliable
	"Texas"	"48"	"Motley County, TX"	"48345"	"2011"	"2011"	0	1230	Unreliable
	"Texas"	"48"	"Motley County, TX"	"48345"	"2012"	"2012"	0	1202	Unreliable
	"Texas"	"48"	"Motley County, TX"	"48345"	"2013"	"2013"	Suppressed	1196	Suppressed
	"Texas"	"48"	"Motley County, TX"	"48345"	"2014"	"2014"	0	1153	Unreliable
	"Texas"	"48"	"Nacogdoches County, TX"	"48347"	"2006"	"2006"	Suppressed	61750	Suppressed
	"Texas"	"48"	"Nacogdoches County, TX"	"48347"	"2007"	"2007"	Suppressed	62274	Suppressed
	"Texas"	"48"	"Nacogdoches County, TX"	"48347"	"2008"	"2008"	Suppressed	62957	Suppressed
	"Texas"	"48"	"Nacogdoches County, TX"	"48347"	"2009"	"2009"	Suppressed	64012	Suppressed
	"Texas"	"48"	"Nacogdoches County, TX"	"48347"	"2010"	"2010"	Suppressed	64524	Suppressed
	"Texas"	"48"	"Nacogdoches County, TX"	"48347"	"2011"	"2011"	Suppressed	65466	Suppressed
	"Texas"	"48"	"Nacogdoches County, TX"	"48347"	"2012"	"2012"	Suppressed	66034	Suppressed
	"Texas"	"48"	"Nacogdoches County, TX"	"48347"	"2013"	"2013"	Suppressed	65330	Suppressed
	"Texas"	"48"	"Nacogdoches County, TX"	"48347"	"2014"	"2014"	Suppressed	65301	Suppressed
	"Texas"	"48"	"Navarro County, TX"	"48349"	"2006"	"2006"	Suppressed	47338	Suppressed
	"Texas"	"48"	"Navarro County, TX"	"48349"	"2007"	"2007"	Suppressed	47272	Suppressed
	"Texas"	"48"	"Navarro County, TX"	"48349"	"2008"	"2008"	Suppressed	47408	Suppressed
	"Texas"	"48"	"Navarro County, TX"	"48349"	"2009"	"2009"	Suppressed	47584	Suppressed
	"Texas"	"48"	"Navarro County, TX"	"48349"	"2010"	"2010"	Suppressed	47735	Suppressed
	"Texas"	"48"	"Navarro County, TX"	"48349"	"2011"	"2011"	Suppressed	48054	Suppressed
	"Texas"	"48"	"Navarro County, TX"	"48349"	"2012"	"2012"	Suppressed	47979	Suppressed
	"Texas"	"48"	"Navarro County, TX"	"48349"	"2013"	"2013"	Suppressed	48038	Suppressed
	"Texas"	"48"	"Navarro County, TX"	"48349"	"2014"	"2014"	Suppressed	48195	Suppressed
	"Texas"	"48"	"Newton County, TX"	"48351"	"2006"	"2006"	Suppressed	14349	Suppressed
	"Texas"	"48"	"Newton County, TX"	"48351"	"2007"	"2007"	Suppressed	14335	Suppressed
	"Texas"	"48"	"Newton County, TX"	"48351"	"2008"	"2008"	Suppressed	14393	Suppressed
	"Texas"	"48"	"Newton County, TX"	"48351"	"2009"	"2009"	Suppressed	14446	Suppressed
	"Texas"	"48"	"Newton County, TX"	"48351"	"2010"	"2010"	Suppressed	14445	Suppressed
	"Texas"	"48"	"Newton County, TX"	"48351"	"2011"	"2011"	Suppressed	14454	Suppressed
	"Texas"	"48"	"Newton County, TX"	"48351"	"2012"	"2012"	Suppressed	14200	Suppressed
	"Texas"	"48"	"Newton County, TX"	"48351"	"2013"	"2013"	Suppressed	14140	Suppressed
	"Texas"	"48"	"Newton County, TX"	"48351"	"2014"	"2014"	Suppressed	14138	Suppressed
	"Texas"	"48"	"Nolan County, TX"	"48353"	"2006"	"2006"	Suppressed	14740	Suppressed
	"Texas"	"48"	"Nolan County, TX"	"48353"	"2007"	"2007"	Suppressed	14750	Suppressed
	"Texas"	"48"	"Nolan County, TX"	"48353"	"2008"	"2008"	Suppressed	15093	Suppressed
	"Texas"	"48"	"Nolan County, TX"	"48353"	"2009"	"2009"	Suppressed	15128	Suppressed
	"Texas"	"48"	"Nolan County, TX"	"48353"	"2010"	"2010"	Suppressed	15216	Suppressed
	"Texas"	"48"	"Nolan County, TX"	"48353"	"2011"	"2011"	Suppressed	15269	Suppressed
	"Texas"	"48"	"Nolan County, TX"	"48353"	"2012"	"2012"	Suppressed	14924	Suppressed
	"Texas"	"48"	"Nolan County, TX"	"48353"	"2013"	"2013"	Suppressed	15037	Suppressed
	"Texas"	"48"	"Nolan County, TX"	"48353"	"2014"	"2014"	Suppressed	15093	Suppressed
	"Texas"	"48"	"Nueces County, TX"	"48355"	"2006"	"2006"	55	329113	16.7
	"Texas"	"48"	"Nueces County, TX"	"48355"	"2007"	"2007"	45	330512	13.6
	"Texas"	"48"	"Nueces County, TX"	"48355"	"2008"	"2008"	48	333526	14.4
	"Texas"	"48"	"Nueces County, TX"	"48355"	"2009"	"2009"	58	338220	17.1
	"Texas"	"48"	"Nueces County, TX"	"48355"	"2010"	"2010"	51	340223	15.0
	"Texas"	"48"	"Nueces County, TX"	"48355"	"2011"	"2011"	64	343281	18.6
	"Texas"	"48"	"Nueces County, TX"	"48355"	"2012"	"2012"	58	347691	16.7
	"Texas"	"48"	"Nueces County, TX"	"48355"	"2013"	"2013"	58	352107	16.5
	"Texas"	"48"	"Nueces County, TX"	"48355"	"2014"	"2014"	63	356221	17.7
	"Texas"	"48"	"Ochiltree County, TX"	"48357"	"2006"	"2006"	0	9557	Unreliable
	"Texas"	"48"	"Ochiltree County, TX"	"48357"	"2007"	"2007"	0	9812	Unreliable
	"Texas"	"48"	"Ochiltree County, TX"	"48357"	"2008"	"2008"	0	9962	Unreliable
	"Texas"	"48"	"Ochiltree County, TX"	"48357"	"2009"	"2009"	Suppressed	10225	Suppressed
	"Texas"	"48"	"Ochiltree County, TX"	"48357"	"2010"	"2010"	Suppressed	10223	Suppressed
	"Texas"	"48"	"Ochiltree County, TX"	"48357"	"2011"	"2011"	0	10530	Unreliable
	"Texas"	"48"	"Ochiltree County, TX"	"48357"	"2012"	"2012"	0	10728	Unreliable
	"Texas"	"48"	"Ochiltree County, TX"	"48357"	"2013"	"2013"	Suppressed	10806	Suppressed
	"Texas"	"48"	"Ochiltree County, TX"	"48357"	"2014"	"2014"	Suppressed	10758	Suppressed
	"Texas"	"48"	"Oldham County, TX"	"48359"	"2006"	"2006"	0	2010	Unreliable
	"Texas"	"48"	"Oldham County, TX"	"48359"	"2007"	"2007"	Suppressed	1992	Suppressed
	"Texas"	"48"	"Oldham County, TX"	"48359"	"2008"	"2008"	0	2004	Unreliable
	"Texas"	"48"	"Oldham County, TX"	"48359"	"2009"	"2009"	0	2040	Unreliable
	"Texas"	"48"	"Oldham County, TX"	"48359"	"2010"	"2010"	Suppressed	2052	Suppressed
	"Texas"	"48"	"Oldham County, TX"	"48359"	"2011"	"2011"	0	2074	Unreliable
	"Texas"	"48"	"Oldham County, TX"	"48359"	"2012"	"2012"	0	2060	Unreliable
	"Texas"	"48"	"Oldham County, TX"	"48359"	"2013"	"2013"	0	2102	Unreliable
	"Texas"	"48"	"Oldham County, TX"	"48359"	"2014"	"2014"	0	2070	Unreliable
	"Texas"	"48"	"Orange County, TX"	"48361"	"2006"	"2006"	40	81687	49.0
	"Texas"	"48"	"Orange County, TX"	"48361"	"2007"	"2007"	24	82255	29.2
	"Texas"	"48"	"Orange County, TX"	"48361"	"2008"	"2008"	22	82612	26.6
	"Texas"	"48"	"Orange County, TX"	"48361"	"2009"	"2009"	31	81586	38.0
	"Texas"	"48"	"Orange County, TX"	"48361"	"2010"	"2010"	26	81837	31.8
	"Texas"	"48"	"Orange County, TX"	"48361"	"2011"	"2011"	19	82487	Unreliable
	"Texas"	"48"	"Orange County, TX"	"48361"	"2012"	"2012"	17	82977	Unreliable
	"Texas"	"48"	"Orange County, TX"	"48361"	"2013"	"2013"	12	82957	Unreliable
	"Texas"	"48"	"Orange County, TX"	"48361"	"2014"	"2014"	13	83433	Unreliable
	"Texas"	"48"	"Palo Pinto County, TX"	"48363"	"2006"	"2006"	Suppressed	27859	Suppressed
	"Texas"	"48"	"Palo Pinto County, TX"	"48363"	"2007"	"2007"	Suppressed	27679	Suppressed
	"Texas"	"48"	"Palo Pinto County, TX"	"48363"	"2008"	"2008"	Suppressed	27916	Suppressed
	"Texas"	"48"	"Palo Pinto County, TX"	"48363"	"2009"	"2009"	Suppressed	28071	Suppressed
	"Texas"	"48"	"Palo Pinto County, TX"	"48363"	"2010"	"2010"	Suppressed	28111	Suppressed
	"Texas"	"48"	"Palo Pinto County, TX"	"48363"	"2011"	"2011"	Suppressed	28115	Suppressed
	"Texas"	"48"	"Palo Pinto County, TX"	"48363"	"2012"	"2012"	Suppressed	27856	Suppressed
	"Texas"	"48"	"Palo Pinto County, TX"	"48363"	"2013"	"2013"	Suppressed	27889	Suppressed
	"Texas"	"48"	"Palo Pinto County, TX"	"48363"	"2014"	"2014"	Suppressed	28096	Suppressed
	"Texas"	"48"	"Panola County, TX"	"48365"	"2006"	"2006"	Suppressed	23456	Suppressed
	"Texas"	"48"	"Panola County, TX"	"48365"	"2007"	"2007"	Suppressed	23351	Suppressed
	"Texas"	"48"	"Panola County, TX"	"48365"	"2008"	"2008"	Suppressed	23537	Suppressed
	"Texas"	"48"	"Panola County, TX"	"48365"	"2009"	"2009"	Suppressed	23678	Suppressed
	"Texas"	"48"	"Panola County, TX"	"48365"	"2010"	"2010"	Suppressed	23796	Suppressed
	"Texas"	"48"	"Panola County, TX"	"48365"	"2011"	"2011"	Suppressed	24058	Suppressed
	"Texas"	"48"	"Panola County, TX"	"48365"	"2012"	"2012"	Suppressed	24020	Suppressed
	"Texas"	"48"	"Panola County, TX"	"48365"	"2013"	"2013"	Suppressed	23870	Suppressed
	"Texas"	"48"	"Panola County, TX"	"48365"	"2014"	"2014"	Suppressed	23769	Suppressed
	"Texas"	"48"	"Parker County, TX"	"48367"	"2006"	"2006"	Suppressed	105387	Suppressed
	"Texas"	"48"	"Parker County, TX"	"48367"	"2007"	"2007"	Suppressed	109408	Suppressed
	"Texas"	"48"	"Parker County, TX"	"48367"	"2008"	"2008"	11	112911	Unreliable
	"Texas"	"48"	"Parker County, TX"	"48367"	"2009"	"2009"	21	115802	18.1
	"Texas"	"48"	"Parker County, TX"	"48367"	"2010"	"2010"	18	116927	Unreliable
	"Texas"	"48"	"Parker County, TX"	"48367"	"2011"	"2011"	12	118376	Unreliable
	"Texas"	"48"	"Parker County, TX"	"48367"	"2012"	"2012"	17	119712	Unreliable
	"Texas"	"48"	"Parker County, TX"	"48367"	"2013"	"2013"	Suppressed	121418	Suppressed
	"Texas"	"48"	"Parker County, TX"	"48367"	"2014"	"2014"	14	123164	Unreliable
	"Texas"	"48"	"Parmer County, TX"	"48369"	"2006"	"2006"	0	10035	Unreliable
	"Texas"	"48"	"Parmer County, TX"	"48369"	"2007"	"2007"	Suppressed	10075	Suppressed
	"Texas"	"48"	"Parmer County, TX"	"48369"	"2008"	"2008"	Suppressed	9994	Suppressed
	"Texas"	"48"	"Parmer County, TX"	"48369"	"2009"	"2009"	Suppressed	10082	Suppressed
	"Texas"	"48"	"Parmer County, TX"	"48369"	"2010"	"2010"	0	10269	Unreliable
	"Texas"	"48"	"Parmer County, TX"	"48369"	"2011"	"2011"	0	10332	Unreliable
	"Texas"	"48"	"Parmer County, TX"	"48369"	"2012"	"2012"	0	10183	Unreliable
	"Texas"	"48"	"Parmer County, TX"	"48369"	"2013"	"2013"	Suppressed	9965	Suppressed
	"Texas"	"48"	"Parmer County, TX"	"48369"	"2014"	"2014"	0	9908	Unreliable
	"Texas"	"48"	"Pecos County, TX"	"48371"	"2006"	"2006"	Suppressed	15403	Suppressed
	"Texas"	"48"	"Pecos County, TX"	"48371"	"2007"	"2007"	Suppressed	15321	Suppressed
	"Texas"	"48"	"Pecos County, TX"	"48371"	"2008"	"2008"	Suppressed	15251	Suppressed
	"Texas"	"48"	"Pecos County, TX"	"48371"	"2009"	"2009"	Suppressed	15490	Suppressed
	"Texas"	"48"	"Pecos County, TX"	"48371"	"2010"	"2010"	Suppressed	15507	Suppressed
	"Texas"	"48"	"Pecos County, TX"	"48371"	"2011"	"2011"	0	15716	Unreliable
	"Texas"	"48"	"Pecos County, TX"	"48371"	"2012"	"2012"	Suppressed	15619	Suppressed
	"Texas"	"48"	"Pecos County, TX"	"48371"	"2013"	"2013"	Suppressed	15697	Suppressed
	"Texas"	"48"	"Pecos County, TX"	"48371"	"2014"	"2014"	Suppressed	15893	Suppressed
	"Texas"	"48"	"Polk County, TX"	"48373"	"2006"	"2006"	14	45495	Unreliable
	"Texas"	"48"	"Polk County, TX"	"48373"	"2007"	"2007"	Suppressed	45727	Suppressed
	"Texas"	"48"	"Polk County, TX"	"48373"	"2008"	"2008"	Suppressed	45794	Suppressed
	"Texas"	"48"	"Polk County, TX"	"48373"	"2009"	"2009"	12	45537	Unreliable
	"Texas"	"48"	"Polk County, TX"	"48373"	"2010"	"2010"	11	45413	Unreliable
	"Texas"	"48"	"Polk County, TX"	"48373"	"2011"	"2011"	10	45725	Unreliable
	"Texas"	"48"	"Polk County, TX"	"48373"	"2012"	"2012"	Suppressed	45656	Suppressed
	"Texas"	"48"	"Polk County, TX"	"48373"	"2013"	"2013"	Suppressed	45790	Suppressed
	"Texas"	"48"	"Polk County, TX"	"48373"	"2014"	"2014"	10	46079	Unreliable
	"Texas"	"48"	"Potter County, TX"	"48375"	"2006"	"2006"	Suppressed	119780	Suppressed
	"Texas"	"48"	"Potter County, TX"	"48375"	"2007"	"2007"	Suppressed	119537	Suppressed
	"Texas"	"48"	"Potter County, TX"	"48375"	"2008"	"2008"	14	119740	Unreliable
	"Texas"	"48"	"Potter County, TX"	"48375"	"2009"	"2009"	12	120118	Unreliable
	"Texas"	"48"	"Potter County, TX"	"48375"	"2010"	"2010"	10	121073	Unreliable
	"Texas"	"48"	"Potter County, TX"	"48375"	"2011"	"2011"	16	122285	Unreliable
	"Texas"	"48"	"Potter County, TX"	"48375"	"2012"	"2012"	10	122335	Unreliable
	"Texas"	"48"	"Potter County, TX"	"48375"	"2013"	"2013"	20	121661	16.4
	"Texas"	"48"	"Potter County, TX"	"48375"	"2014"	"2014"	20	121627	16.4
	"Texas"	"48"	"Presidio County, TX"	"48377"	"2006"	"2006"	0	7638	Unreliable
	"Texas"	"48"	"Presidio County, TX"	"48377"	"2007"	"2007"	0	7712	Unreliable
	"Texas"	"48"	"Presidio County, TX"	"48377"	"2008"	"2008"	0	7683	Unreliable
	"Texas"	"48"	"Presidio County, TX"	"48377"	"2009"	"2009"	0	7593	Unreliable
	"Texas"	"48"	"Presidio County, TX"	"48377"	"2010"	"2010"	0	7818	Unreliable
	"Texas"	"48"	"Presidio County, TX"	"48377"	"2011"	"2011"	0	7761	Unreliable
	"Texas"	"48"	"Presidio County, TX"	"48377"	"2012"	"2012"	0	7525	Unreliable
	"Texas"	"48"	"Presidio County, TX"	"48377"	"2013"	"2013"	0	7201	Unreliable
	"Texas"	"48"	"Presidio County, TX"	"48377"	"2014"	"2014"	0	6976	Unreliable
	"Texas"	"48"	"Rains County, TX"	"48379"	"2006"	"2006"	Suppressed	10830	Suppressed
	"Texas"	"48"	"Rains County, TX"	"48379"	"2007"	"2007"	Suppressed	10994	Suppressed
	"Texas"	"48"	"Rains County, TX"	"48379"	"2008"	"2008"	Suppressed	11022	Suppressed
	"Texas"	"48"	"Rains County, TX"	"48379"	"2009"	"2009"	Suppressed	10956	Suppressed
	"Texas"	"48"	"Rains County, TX"	"48379"	"2010"	"2010"	0	10914	Unreliable
	"Texas"	"48"	"Rains County, TX"	"48379"	"2011"	"2011"	Suppressed	11059	Suppressed
	"Texas"	"48"	"Rains County, TX"	"48379"	"2012"	"2012"	Suppressed	10943	Suppressed
	"Texas"	"48"	"Rains County, TX"	"48379"	"2013"	"2013"	0	11065	Unreliable
	"Texas"	"48"	"Rains County, TX"	"48379"	"2014"	"2014"	Suppressed	11032	Suppressed
	"Texas"	"48"	"Randall County, TX"	"48381"	"2006"	"2006"	Suppressed	112464	Suppressed
	"Texas"	"48"	"Randall County, TX"	"48381"	"2007"	"2007"	11	114782	Unreliable
	"Texas"	"48"	"Randall County, TX"	"48381"	"2008"	"2008"	Suppressed	116518	Suppressed
	"Texas"	"48"	"Randall County, TX"	"48381"	"2009"	"2009"	12	119084	Unreliable
	"Texas"	"48"	"Randall County, TX"	"48381"	"2010"	"2010"	Suppressed	120725	Suppressed
	"Texas"	"48"	"Randall County, TX"	"48381"	"2011"	"2011"	Suppressed	123351	Suppressed
	"Texas"	"48"	"Randall County, TX"	"48381"	"2012"	"2012"	15	125082	Unreliable
	"Texas"	"48"	"Randall County, TX"	"48381"	"2013"	"2013"	11	126474	Unreliable
	"Texas"	"48"	"Randall County, TX"	"48381"	"2014"	"2014"	Suppressed	128220	Suppressed
	"Texas"	"48"	"Reagan County, TX"	"48383"	"2006"	"2006"	Suppressed	3160	Suppressed
	"Texas"	"48"	"Reagan County, TX"	"48383"	"2007"	"2007"	0	3260	Unreliable
	"Texas"	"48"	"Reagan County, TX"	"48383"	"2008"	"2008"	Suppressed	3339	Suppressed
	"Texas"	"48"	"Reagan County, TX"	"48383"	"2009"	"2009"	0	3377	Unreliable
	"Texas"	"48"	"Reagan County, TX"	"48383"	"2010"	"2010"	Suppressed	3367	Suppressed
	"Texas"	"48"	"Reagan County, TX"	"48383"	"2011"	"2011"	Suppressed	3390	Suppressed
	"Texas"	"48"	"Reagan County, TX"	"48383"	"2012"	"2012"	0	3475	Unreliable
	"Texas"	"48"	"Reagan County, TX"	"48383"	"2013"	"2013"	Suppressed	3601	Suppressed
	"Texas"	"48"	"Reagan County, TX"	"48383"	"2014"	"2014"	Suppressed	3755	Suppressed
	"Texas"	"48"	"Real County, TX"	"48385"	"2006"	"2006"	0	3264	Unreliable
	"Texas"	"48"	"Real County, TX"	"48385"	"2007"	"2007"	Suppressed	3308	Suppressed
	"Texas"	"48"	"Real County, TX"	"48385"	"2008"	"2008"	0	3241	Unreliable
	"Texas"	"48"	"Real County, TX"	"48385"	"2009"	"2009"	0	3274	Unreliable
	"Texas"	"48"	"Real County, TX"	"48385"	"2010"	"2010"	0	3309	Unreliable
	"Texas"	"48"	"Real County, TX"	"48385"	"2011"	"2011"	0	3426	Unreliable
	"Texas"	"48"	"Real County, TX"	"48385"	"2012"	"2012"	0	3369	Unreliable
	"Texas"	"48"	"Real County, TX"	"48385"	"2013"	"2013"	0	3350	Unreliable
	"Texas"	"48"	"Real County, TX"	"48385"	"2014"	"2014"	0	3371	Unreliable
	"Texas"	"48"	"Red River County, TX"	"48387"	"2006"	"2006"	Suppressed	13237	Suppressed
	"Texas"	"48"	"Red River County, TX"	"48387"	"2007"	"2007"	Suppressed	13072	Suppressed
	"Texas"	"48"	"Red River County, TX"	"48387"	"2008"	"2008"	Suppressed	12922	Suppressed
	"Texas"	"48"	"Red River County, TX"	"48387"	"2009"	"2009"	Suppressed	12835	Suppressed
	"Texas"	"48"	"Red River County, TX"	"48387"	"2010"	"2010"	Suppressed	12860	Suppressed
	"Texas"	"48"	"Red River County, TX"	"48387"	"2011"	"2011"	Suppressed	12703	Suppressed
	"Texas"	"48"	"Red River County, TX"	"48387"	"2012"	"2012"	Suppressed	12694	Suppressed
	"Texas"	"48"	"Red River County, TX"	"48387"	"2013"	"2013"	Suppressed	12470	Suppressed
	"Texas"	"48"	"Red River County, TX"	"48387"	"2014"	"2014"	Suppressed	12446	Suppressed
	"Texas"	"48"	"Reeves County, TX"	"48389"	"2006"	"2006"	Suppressed	12747	Suppressed
	"Texas"	"48"	"Reeves County, TX"	"48389"	"2007"	"2007"	Suppressed	13039	Suppressed
	"Texas"	"48"	"Reeves County, TX"	"48389"	"2008"	"2008"	0	13211	Unreliable
	"Texas"	"48"	"Reeves County, TX"	"48389"	"2009"	"2009"	Suppressed	13550	Suppressed
	"Texas"	"48"	"Reeves County, TX"	"48389"	"2010"	"2010"	Suppressed	13783	Suppressed
	"Texas"	"48"	"Reeves County, TX"	"48389"	"2011"	"2011"	0	13757	Unreliable
	"Texas"	"48"	"Reeves County, TX"	"48389"	"2012"	"2012"	Suppressed	13798	Suppressed
	"Texas"	"48"	"Reeves County, TX"	"48389"	"2013"	"2013"	Suppressed	13965	Suppressed
	"Texas"	"48"	"Reeves County, TX"	"48389"	"2014"	"2014"	Suppressed	14349	Suppressed
	"Texas"	"48"	"Refugio County, TX"	"48391"	"2006"	"2006"	0	7548	Unreliable
	"Texas"	"48"	"Refugio County, TX"	"48391"	"2007"	"2007"	Suppressed	7414	Suppressed
	"Texas"	"48"	"Refugio County, TX"	"48391"	"2008"	"2008"	0	7430	Unreliable
	"Texas"	"48"	"Refugio County, TX"	"48391"	"2009"	"2009"	Suppressed	7410	Suppressed
	"Texas"	"48"	"Refugio County, TX"	"48391"	"2010"	"2010"	0	7383	Unreliable
	"Texas"	"48"	"Refugio County, TX"	"48391"	"2011"	"2011"	Suppressed	7291	Suppressed
	"Texas"	"48"	"Refugio County, TX"	"48391"	"2012"	"2012"	0	7259	Unreliable
	"Texas"	"48"	"Refugio County, TX"	"48391"	"2013"	"2013"	Suppressed	7305	Suppressed
	"Texas"	"48"	"Refugio County, TX"	"48391"	"2014"	"2014"	Suppressed	7302	Suppressed
	"Texas"	"48"	"Roberts County, TX"	"48393"	"2006"	"2006"	0	849	Unreliable
	"Texas"	"48"	"Roberts County, TX"	"48393"	"2007"	"2007"	0	887	Unreliable
	"Texas"	"48"	"Roberts County, TX"	"48393"	"2008"	"2008"	0	904	Unreliable
	"Texas"	"48"	"Roberts County, TX"	"48393"	"2009"	"2009"	0	929	Unreliable
	"Texas"	"48"	"Roberts County, TX"	"48393"	"2010"	"2010"	0	929	Unreliable
	"Texas"	"48"	"Roberts County, TX"	"48393"	"2011"	"2011"	0	816	Unreliable
	"Texas"	"48"	"Roberts County, TX"	"48393"	"2012"	"2012"	0	854	Unreliable
	"Texas"	"48"	"Roberts County, TX"	"48393"	"2013"	"2013"	0	831	Unreliable
	"Texas"	"48"	"Roberts County, TX"	"48393"	"2014"	"2014"	0	928	Unreliable
	"Texas"	"48"	"Robertson County, TX"	"48395"	"2006"	"2006"	Suppressed	16581	Suppressed
	"Texas"	"48"	"Robertson County, TX"	"48395"	"2007"	"2007"	0	16546	Unreliable
	"Texas"	"48"	"Robertson County, TX"	"48395"	"2008"	"2008"	Suppressed	16535	Suppressed
	"Texas"	"48"	"Robertson County, TX"	"48395"	"2009"	"2009"	Suppressed	16604	Suppressed
	"Texas"	"48"	"Robertson County, TX"	"48395"	"2010"	"2010"	Suppressed	16622	Suppressed
	"Texas"	"48"	"Robertson County, TX"	"48395"	"2011"	"2011"	Suppressed	16740	Suppressed
	"Texas"	"48"	"Robertson County, TX"	"48395"	"2012"	"2012"	Suppressed	16545	Suppressed
	"Texas"	"48"	"Robertson County, TX"	"48395"	"2013"	"2013"	Suppressed	16486	Suppressed
	"Texas"	"48"	"Robertson County, TX"	"48395"	"2014"	"2014"	Suppressed	16500	Suppressed
	"Texas"	"48"	"Rockwall County, TX"	"48397"	"2006"	"2006"	Suppressed	66117	Suppressed
	"Texas"	"48"	"Rockwall County, TX"	"48397"	"2007"	"2007"	Suppressed	70851	Suppressed
	"Texas"	"48"	"Rockwall County, TX"	"48397"	"2008"	"2008"	Suppressed	73929	Suppressed
	"Texas"	"48"	"Rockwall County, TX"	"48397"	"2009"	"2009"	Suppressed	76654	Suppressed
	"Texas"	"48"	"Rockwall County, TX"	"48397"	"2010"	"2010"	Suppressed	78337	Suppressed
	"Texas"	"48"	"Rockwall County, TX"	"48397"	"2011"	"2011"	Suppressed	81290	Suppressed
	"Texas"	"48"	"Rockwall County, TX"	"48397"	"2012"	"2012"	Suppressed	83021	Suppressed
	"Texas"	"48"	"Rockwall County, TX"	"48397"	"2013"	"2013"	Suppressed	85245	Suppressed
	"Texas"	"48"	"Rockwall County, TX"	"48397"	"2014"	"2014"	Suppressed	87809	Suppressed
	"Texas"	"48"	"Runnels County, TX"	"48399"	"2006"	"2006"	0	10587	Unreliable
	"Texas"	"48"	"Runnels County, TX"	"48399"	"2007"	"2007"	0	10506	Unreliable
	"Texas"	"48"	"Runnels County, TX"	"48399"	"2008"	"2008"	Suppressed	10444	Suppressed
	"Texas"	"48"	"Runnels County, TX"	"48399"	"2009"	"2009"	0	10392	Unreliable
	"Texas"	"48"	"Runnels County, TX"	"48399"	"2010"	"2010"	Suppressed	10501	Suppressed
	"Texas"	"48"	"Runnels County, TX"	"48399"	"2011"	"2011"	Suppressed	10524	Suppressed
	"Texas"	"48"	"Runnels County, TX"	"48399"	"2012"	"2012"	Suppressed	10449	Suppressed
	"Texas"	"48"	"Runnels County, TX"	"48399"	"2013"	"2013"	Suppressed	10309	Suppressed
	"Texas"	"48"	"Runnels County, TX"	"48399"	"2014"	"2014"	Suppressed	10416	Suppressed
	"Texas"	"48"	"Rusk County, TX"	"48401"	"2006"	"2006"	Suppressed	50415	Suppressed
	"Texas"	"48"	"Rusk County, TX"	"48401"	"2007"	"2007"	Suppressed	51278	Suppressed
	"Texas"	"48"	"Rusk County, TX"	"48401"	"2008"	"2008"	Suppressed	52195	Suppressed
	"Texas"	"48"	"Rusk County, TX"	"48401"	"2009"	"2009"	Suppressed	52799	Suppressed
	"Texas"	"48"	"Rusk County, TX"	"48401"	"2010"	"2010"	Suppressed	53330	Suppressed
	"Texas"	"48"	"Rusk County, TX"	"48401"	"2011"	"2011"	Suppressed	53759	Suppressed
	"Texas"	"48"	"Rusk County, TX"	"48401"	"2012"	"2012"	Suppressed	54026	Suppressed
	"Texas"	"48"	"Rusk County, TX"	"48401"	"2013"	"2013"	Suppressed	53622	Suppressed
	"Texas"	"48"	"Rusk County, TX"	"48401"	"2014"	"2014"	Suppressed	53923	Suppressed
	"Texas"	"48"	"Sabine County, TX"	"48403"	"2006"	"2006"	0	10583	Unreliable
	"Texas"	"48"	"Sabine County, TX"	"48403"	"2007"	"2007"	0	10541	Unreliable
	"Texas"	"48"	"Sabine County, TX"	"48403"	"2008"	"2008"	Suppressed	10565	Suppressed
	"Texas"	"48"	"Sabine County, TX"	"48403"	"2009"	"2009"	Suppressed	10721	Suppressed
	"Texas"	"48"	"Sabine County, TX"	"48403"	"2010"	"2010"	Suppressed	10834	Suppressed
	"Texas"	"48"	"Sabine County, TX"	"48403"	"2011"	"2011"	Suppressed	10740	Suppressed
	"Texas"	"48"	"Sabine County, TX"	"48403"	"2012"	"2012"	Suppressed	10433	Suppressed
	"Texas"	"48"	"Sabine County, TX"	"48403"	"2013"	"2013"	Suppressed	10361	Suppressed
	"Texas"	"48"	"Sabine County, TX"	"48403"	"2014"	"2014"	0	10350	Unreliable
	"Texas"	"48"	"San Augustine County, TX"	"48405"	"2006"	"2006"	Suppressed	9128	Suppressed
	"Texas"	"48"	"San Augustine County, TX"	"48405"	"2007"	"2007"	Suppressed	9048	Suppressed
	"Texas"	"48"	"San Augustine County, TX"	"48405"	"2008"	"2008"	Suppressed	9039	Suppressed
	"Texas"	"48"	"San Augustine County, TX"	"48405"	"2009"	"2009"	0	8938	Unreliable
	"Texas"	"48"	"San Augustine County, TX"	"48405"	"2010"	"2010"	Suppressed	8865	Suppressed
	"Texas"	"48"	"San Augustine County, TX"	"48405"	"2011"	"2011"	Suppressed	8874	Suppressed
	"Texas"	"48"	"San Augustine County, TX"	"48405"	"2012"	"2012"	0	8818	Unreliable
	"Texas"	"48"	"San Augustine County, TX"	"48405"	"2013"	"2013"	0	8769	Unreliable
	"Texas"	"48"	"San Augustine County, TX"	"48405"	"2014"	"2014"	Suppressed	8610	Suppressed
	"Texas"	"48"	"San Jacinto County, TX"	"48407"	"2006"	"2006"	Suppressed	25151	Suppressed
	"Texas"	"48"	"San Jacinto County, TX"	"48407"	"2007"	"2007"	Suppressed	25719	Suppressed
	"Texas"	"48"	"San Jacinto County, TX"	"48407"	"2008"	"2008"	Suppressed	25889	Suppressed
	"Texas"	"48"	"San Jacinto County, TX"	"48407"	"2009"	"2009"	Suppressed	26086	Suppressed
	"Texas"	"48"	"San Jacinto County, TX"	"48407"	"2010"	"2010"	Suppressed	26384	Suppressed
	"Texas"	"48"	"San Jacinto County, TX"	"48407"	"2011"	"2011"	Suppressed	26801	Suppressed
	"Texas"	"48"	"San Jacinto County, TX"	"48407"	"2012"	"2012"	Suppressed	27126	Suppressed
	"Texas"	"48"	"San Jacinto County, TX"	"48407"	"2013"	"2013"	0	26856	Unreliable
	"Texas"	"48"	"San Jacinto County, TX"	"48407"	"2014"	"2014"	Suppressed	27099	Suppressed
	"Texas"	"48"	"San Patricio County, TX"	"48409"	"2006"	"2006"	Suppressed	67022	Suppressed
	"Texas"	"48"	"San Patricio County, TX"	"48409"	"2007"	"2007"	14	66723	Unreliable
	"Texas"	"48"	"San Patricio County, TX"	"48409"	"2008"	"2008"	Suppressed	66417	Suppressed
	"Texas"	"48"	"San Patricio County, TX"	"48409"	"2009"	"2009"	Suppressed	65751	Suppressed
	"Texas"	"48"	"San Patricio County, TX"	"48409"	"2010"	"2010"	13	64804	Unreliable
	"Texas"	"48"	"San Patricio County, TX"	"48409"	"2011"	"2011"	Suppressed	64726	Suppressed
	"Texas"	"48"	"San Patricio County, TX"	"48409"	"2012"	"2012"	Suppressed	65600	Suppressed
	"Texas"	"48"	"San Patricio County, TX"	"48409"	"2013"	"2013"	10	66137	Unreliable
	"Texas"	"48"	"San Patricio County, TX"	"48409"	"2014"	"2014"	11	66915	Unreliable
	"Texas"	"48"	"San Saba County, TX"	"48411"	"2006"	"2006"	Suppressed	5985	Suppressed
	"Texas"	"48"	"San Saba County, TX"	"48411"	"2007"	"2007"	Suppressed	5985	Suppressed
	"Texas"	"48"	"San Saba County, TX"	"48411"	"2008"	"2008"	0	5965	Unreliable
	"Texas"	"48"	"San Saba County, TX"	"48411"	"2009"	"2009"	0	6026	Unreliable
	"Texas"	"48"	"San Saba County, TX"	"48411"	"2010"	"2010"	0	6131	Unreliable
	"Texas"	"48"	"San Saba County, TX"	"48411"	"2011"	"2011"	0	6023	Unreliable
	"Texas"	"48"	"San Saba County, TX"	"48411"	"2012"	"2012"	Suppressed	6002	Suppressed
	"Texas"	"48"	"San Saba County, TX"	"48411"	"2013"	"2013"	0	6012	Unreliable
	"Texas"	"48"	"San Saba County, TX"	"48411"	"2014"	"2014"	0	5622	Unreliable
	"Texas"	"48"	"Schleicher County, TX"	"48413"	"2006"	"2006"	0	3085	Unreliable
	"Texas"	"48"	"Schleicher County, TX"	"48413"	"2007"	"2007"	0	3198	Unreliable
	"Texas"	"48"	"Schleicher County, TX"	"48413"	"2008"	"2008"	0	3255	Unreliable
	"Texas"	"48"	"Schleicher County, TX"	"48413"	"2009"	"2009"	0	3311	Unreliable
	"Texas"	"48"	"Schleicher County, TX"	"48413"	"2010"	"2010"	0	3461	Unreliable
	"Texas"	"48"	"Schleicher County, TX"	"48413"	"2011"	"2011"	0	3309	Unreliable
	"Texas"	"48"	"Schleicher County, TX"	"48413"	"2012"	"2012"	0	3264	Unreliable
	"Texas"	"48"	"Schleicher County, TX"	"48413"	"2013"	"2013"	0	3206	Unreliable
	"Texas"	"48"	"Schleicher County, TX"	"48413"	"2014"	"2014"	0	3162	Unreliable
	"Texas"	"48"	"Scurry County, TX"	"48415"	"2006"	"2006"	Suppressed	16232	Suppressed
	"Texas"	"48"	"Scurry County, TX"	"48415"	"2007"	"2007"	Suppressed	16431	Suppressed
	"Texas"	"48"	"Scurry County, TX"	"48415"	"2008"	"2008"	0	16478	Unreliable
	"Texas"	"48"	"Scurry County, TX"	"48415"	"2009"	"2009"	Suppressed	16806	Suppressed
	"Texas"	"48"	"Scurry County, TX"	"48415"	"2010"	"2010"	Suppressed	16921	Suppressed
	"Texas"	"48"	"Scurry County, TX"	"48415"	"2011"	"2011"	0	16919	Unreliable
	"Texas"	"48"	"Scurry County, TX"	"48415"	"2012"	"2012"	0	17126	Unreliable
	"Texas"	"48"	"Scurry County, TX"	"48415"	"2013"	"2013"	Suppressed	17302	Suppressed
	"Texas"	"48"	"Scurry County, TX"	"48415"	"2014"	"2014"	Suppressed	17328	Suppressed
	"Texas"	"48"	"Shackelford County, TX"	"48417"	"2006"	"2006"	0	3287	Unreliable
	"Texas"	"48"	"Shackelford County, TX"	"48417"	"2007"	"2007"	0	3357	Unreliable
	"Texas"	"48"	"Shackelford County, TX"	"48417"	"2008"	"2008"	0	3314	Unreliable
	"Texas"	"48"	"Shackelford County, TX"	"48417"	"2009"	"2009"	0	3362	Unreliable
	"Texas"	"48"	"Shackelford County, TX"	"48417"	"2010"	"2010"	0	3378	Unreliable
	"Texas"	"48"	"Shackelford County, TX"	"48417"	"2011"	"2011"	0	3318	Unreliable
	"Texas"	"48"	"Shackelford County, TX"	"48417"	"2012"	"2012"	0	3356	Unreliable
	"Texas"	"48"	"Shackelford County, TX"	"48417"	"2013"	"2013"	0	3375	Unreliable
	"Texas"	"48"	"Shackelford County, TX"	"48417"	"2014"	"2014"	0	3343	Unreliable
	"Texas"	"48"	"Shelby County, TX"	"48419"	"2006"	"2006"	Suppressed	25324	Suppressed
	"Texas"	"48"	"Shelby County, TX"	"48419"	"2007"	"2007"	Suppressed	25433	Suppressed
	"Texas"	"48"	"Shelby County, TX"	"48419"	"2008"	"2008"	Suppressed	25381	Suppressed
	"Texas"	"48"	"Shelby County, TX"	"48419"	"2009"	"2009"	Suppressed	25520	Suppressed
	"Texas"	"48"	"Shelby County, TX"	"48419"	"2010"	"2010"	Suppressed	25448	Suppressed
	"Texas"	"48"	"Shelby County, TX"	"48419"	"2011"	"2011"	0	25772	Unreliable
	"Texas"	"48"	"Shelby County, TX"	"48419"	"2012"	"2012"	Suppressed	26019	Suppressed
	"Texas"	"48"	"Shelby County, TX"	"48419"	"2013"	"2013"	Suppressed	25792	Suppressed
	"Texas"	"48"	"Shelby County, TX"	"48419"	"2014"	"2014"	Suppressed	25515	Suppressed
	"Texas"	"48"	"Sherman County, TX"	"48421"	"2006"	"2006"	Suppressed	2946	Suppressed
	"Texas"	"48"	"Sherman County, TX"	"48421"	"2007"	"2007"	0	2969	Unreliable
	"Texas"	"48"	"Sherman County, TX"	"48421"	"2008"	"2008"	Suppressed	3035	Suppressed
	"Texas"	"48"	"Sherman County, TX"	"48421"	"2009"	"2009"	0	3018	Unreliable
	"Texas"	"48"	"Sherman County, TX"	"48421"	"2010"	"2010"	0	3034	Unreliable
	"Texas"	"48"	"Sherman County, TX"	"48421"	"2011"	"2011"	0	3040	Unreliable
	"Texas"	"48"	"Sherman County, TX"	"48421"	"2012"	"2012"	Suppressed	3073	Suppressed
	"Texas"	"48"	"Sherman County, TX"	"48421"	"2013"	"2013"	0	3093	Unreliable
	"Texas"	"48"	"Sherman County, TX"	"48421"	"2014"	"2014"	Suppressed	3084	Suppressed
	"Texas"	"48"	"Smith County, TX"	"48423"	"2006"	"2006"	27	196124	13.8
	"Texas"	"48"	"Smith County, TX"	"48423"	"2007"	"2007"	20	199953	10.0
	"Texas"	"48"	"Smith County, TX"	"48423"	"2008"	"2008"	19	203263	Unreliable
	"Texas"	"48"	"Smith County, TX"	"48423"	"2009"	"2009"	29	207111	14.0
	"Texas"	"48"	"Smith County, TX"	"48423"	"2010"	"2010"	21	209714	10.0
	"Texas"	"48"	"Smith County, TX"	"48423"	"2011"	"2011"	25	213381	11.7
	"Texas"	"48"	"Smith County, TX"	"48423"	"2012"	"2012"	21	214821	9.8
	"Texas"	"48"	"Smith County, TX"	"48423"	"2013"	"2013"	24	216080	11.1
	"Texas"	"48"	"Smith County, TX"	"48423"	"2014"	"2014"	21	218842	9.6
	"Texas"	"48"	"Somervell County, TX"	"48425"	"2006"	"2006"	0	7853	Unreliable
	"Texas"	"48"	"Somervell County, TX"	"48425"	"2007"	"2007"	0	7996	Unreliable
	"Texas"	"48"	"Somervell County, TX"	"48425"	"2008"	"2008"	Suppressed	8233	Suppressed
	"Texas"	"48"	"Somervell County, TX"	"48425"	"2009"	"2009"	Suppressed	8415	Suppressed
	"Texas"	"48"	"Somervell County, TX"	"48425"	"2010"	"2010"	0	8490	Unreliable
	"Texas"	"48"	"Somervell County, TX"	"48425"	"2011"	"2011"	0	8451	Unreliable
	"Texas"	"48"	"Somervell County, TX"	"48425"	"2012"	"2012"	0	8598	Unreliable
	"Texas"	"48"	"Somervell County, TX"	"48425"	"2013"	"2013"	Suppressed	8658	Suppressed
	"Texas"	"48"	"Somervell County, TX"	"48425"	"2014"	"2014"	0	8694	Unreliable
	"Texas"	"48"	"Starr County, TX"	"48427"	"2006"	"2006"	Suppressed	59050	Suppressed
	"Texas"	"48"	"Starr County, TX"	"48427"	"2007"	"2007"	0	59529	Unreliable
	"Texas"	"48"	"Starr County, TX"	"48427"	"2008"	"2008"	0	59763	Unreliable
	"Texas"	"48"	"Starr County, TX"	"48427"	"2009"	"2009"	Suppressed	60384	Suppressed
	"Texas"	"48"	"Starr County, TX"	"48427"	"2010"	"2010"	0	60968	Unreliable
	"Texas"	"48"	"Starr County, TX"	"48427"	"2011"	"2011"	Suppressed	61715	Suppressed
	"Texas"	"48"	"Starr County, TX"	"48427"	"2012"	"2012"	Suppressed	61615	Suppressed
	"Texas"	"48"	"Starr County, TX"	"48427"	"2013"	"2013"	Suppressed	61963	Suppressed
	"Texas"	"48"	"Starr County, TX"	"48427"	"2014"	"2014"	Suppressed	62955	Suppressed
	"Texas"	"48"	"Stephens County, TX"	"48429"	"2006"	"2006"	Suppressed	9450	Suppressed
	"Texas"	"48"	"Stephens County, TX"	"48429"	"2007"	"2007"	Suppressed	9513	Suppressed
	"Texas"	"48"	"Stephens County, TX"	"48429"	"2008"	"2008"	Suppressed	9556	Suppressed
	"Texas"	"48"	"Stephens County, TX"	"48429"	"2009"	"2009"	Suppressed	9675	Suppressed
	"Texas"	"48"	"Stephens County, TX"	"48429"	"2010"	"2010"	0	9630	Unreliable
	"Texas"	"48"	"Stephens County, TX"	"48429"	"2011"	"2011"	Suppressed	9548	Suppressed
	"Texas"	"48"	"Stephens County, TX"	"48429"	"2012"	"2012"	0	9464	Unreliable
	"Texas"	"48"	"Stephens County, TX"	"48429"	"2013"	"2013"	0	9247	Unreliable
	"Texas"	"48"	"Stephens County, TX"	"48429"	"2014"	"2014"	0	9405	Unreliable
	"Texas"	"48"	"Sterling County, TX"	"48431"	"2006"	"2006"	0	1124	Unreliable
	"Texas"	"48"	"Sterling County, TX"	"48431"	"2007"	"2007"	0	1152	Unreliable
	"Texas"	"48"	"Sterling County, TX"	"48431"	"2008"	"2008"	0	1169	Unreliable
	"Texas"	"48"	"Sterling County, TX"	"48431"	"2009"	"2009"	0	1160	Unreliable
	"Texas"	"48"	"Sterling County, TX"	"48431"	"2010"	"2010"	0	1143	Unreliable
	"Texas"	"48"	"Sterling County, TX"	"48431"	"2011"	"2011"	0	1158	Unreliable
	"Texas"	"48"	"Sterling County, TX"	"48431"	"2012"	"2012"	0	1191	Unreliable
	"Texas"	"48"	"Sterling County, TX"	"48431"	"2013"	"2013"	0	1219	Unreliable
	"Texas"	"48"	"Sterling County, TX"	"48431"	"2014"	"2014"	0	1339	Unreliable
	"Texas"	"48"	"Stonewall County, TX"	"48433"	"2006"	"2006"	0	1425	Unreliable
	"Texas"	"48"	"Stonewall County, TX"	"48433"	"2007"	"2007"	0	1439	Unreliable
	"Texas"	"48"	"Stonewall County, TX"	"48433"	"2008"	"2008"	0	1443	Unreliable
	"Texas"	"48"	"Stonewall County, TX"	"48433"	"2009"	"2009"	0	1433	Unreliable
	"Texas"	"48"	"Stonewall County, TX"	"48433"	"2010"	"2010"	0	1490	Unreliable
	"Texas"	"48"	"Stonewall County, TX"	"48433"	"2011"	"2011"	0	1472	Unreliable
	"Texas"	"48"	"Stonewall County, TX"	"48433"	"2012"	"2012"	0	1475	Unreliable
	"Texas"	"48"	"Stonewall County, TX"	"48433"	"2013"	"2013"	0	1432	Unreliable
	"Texas"	"48"	"Stonewall County, TX"	"48433"	"2014"	"2014"	0	1403	Unreliable
	"Texas"	"48"	"Sutton County, TX"	"48435"	"2006"	"2006"	Suppressed	4299	Suppressed
	"Texas"	"48"	"Sutton County, TX"	"48435"	"2007"	"2007"	Suppressed	4314	Suppressed
	"Texas"	"48"	"Sutton County, TX"	"48435"	"2008"	"2008"	0	4321	Unreliable
	"Texas"	"48"	"Sutton County, TX"	"48435"	"2009"	"2009"	0	4272	Unreliable
	"Texas"	"48"	"Sutton County, TX"	"48435"	"2010"	"2010"	0	4128	Unreliable
	"Texas"	"48"	"Sutton County, TX"	"48435"	"2011"	"2011"	0	4007	Unreliable
	"Texas"	"48"	"Sutton County, TX"	"48435"	"2012"	"2012"	0	3950	Unreliable
	"Texas"	"48"	"Sutton County, TX"	"48435"	"2013"	"2013"	0	4006	Unreliable
	"Texas"	"48"	"Sutton County, TX"	"48435"	"2014"	"2014"	0	3972	Unreliable
	"Texas"	"48"	"Swisher County, TX"	"48437"	"2006"	"2006"	Suppressed	7901	Suppressed
	"Texas"	"48"	"Swisher County, TX"	"48437"	"2007"	"2007"	0	7855	Unreliable
	"Texas"	"48"	"Swisher County, TX"	"48437"	"2008"	"2008"	Suppressed	7802	Suppressed
	"Texas"	"48"	"Swisher County, TX"	"48437"	"2009"	"2009"	Suppressed	7680	Suppressed
	"Texas"	"48"	"Swisher County, TX"	"48437"	"2010"	"2010"	0	7854	Unreliable
	"Texas"	"48"	"Swisher County, TX"	"48437"	"2011"	"2011"	Suppressed	7801	Suppressed
	"Texas"	"48"	"Swisher County, TX"	"48437"	"2012"	"2012"	0	7891	Unreliable
	"Texas"	"48"	"Swisher County, TX"	"48437"	"2013"	"2013"	0	7763	Unreliable
	"Texas"	"48"	"Swisher County, TX"	"48437"	"2014"	"2014"	Suppressed	7581	Suppressed
	"Texas"	"48"	"Tarrant County, TX"	"48439"	"2006"	"2006"	110	1662005	6.6
	"Texas"	"48"	"Tarrant County, TX"	"48439"	"2007"	"2007"	148	1707157	8.7
	"Texas"	"48"	"Tarrant County, TX"	"48439"	"2008"	"2008"	132	1745602	7.6
	"Texas"	"48"	"Tarrant County, TX"	"48439"	"2009"	"2009"	152	1784078	8.5
	"Texas"	"48"	"Tarrant County, TX"	"48439"	"2010"	"2010"	140	1809034	7.7
	"Texas"	"48"	"Tarrant County, TX"	"48439"	"2011"	"2011"	177	1849815	9.6
	"Texas"	"48"	"Tarrant County, TX"	"48439"	"2012"	"2012"	188	1880153	10.0
	"Texas"	"48"	"Tarrant County, TX"	"48439"	"2013"	"2013"	144	1911541	7.5
	"Texas"	"48"	"Tarrant County, TX"	"48439"	"2014"	"2014"	195	1945360	10.0
	"Texas"	"48"	"Taylor County, TX"	"48441"	"2006"	"2006"	Suppressed	127838	Suppressed
	"Texas"	"48"	"Taylor County, TX"	"48441"	"2007"	"2007"	11	128503	Unreliable
	"Texas"	"48"	"Taylor County, TX"	"48441"	"2008"	"2008"	13	128903	Unreliable
	"Texas"	"48"	"Taylor County, TX"	"48441"	"2009"	"2009"	17	130247	Unreliable
	"Texas"	"48"	"Taylor County, TX"	"48441"	"2010"	"2010"	14	131506	Unreliable
	"Texas"	"48"	"Taylor County, TX"	"48441"	"2011"	"2011"	14	132755	Unreliable
	"Texas"	"48"	"Taylor County, TX"	"48441"	"2012"	"2012"	14	133473	Unreliable
	"Texas"	"48"	"Taylor County, TX"	"48441"	"2013"	"2013"	12	134117	Unreliable
	"Texas"	"48"	"Taylor County, TX"	"48441"	"2014"	"2014"	19	135143	Unreliable
	"Texas"	"48"	"Terrell County, TX"	"48443"	"2006"	"2006"	0	921	Unreliable
	"Texas"	"48"	"Terrell County, TX"	"48443"	"2007"	"2007"	0	886	Unreliable
	"Texas"	"48"	"Terrell County, TX"	"48443"	"2008"	"2008"	0	884	Unreliable
	"Texas"	"48"	"Terrell County, TX"	"48443"	"2009"	"2009"	0	930	Unreliable
	"Texas"	"48"	"Terrell County, TX"	"48443"	"2010"	"2010"	0	984	Unreliable
	"Texas"	"48"	"Terrell County, TX"	"48443"	"2011"	"2011"	0	960	Unreliable
	"Texas"	"48"	"Terrell County, TX"	"48443"	"2012"	"2012"	0	917	Unreliable
	"Texas"	"48"	"Terrell County, TX"	"48443"	"2013"	"2013"	0	903	Unreliable
	"Texas"	"48"	"Terrell County, TX"	"48443"	"2014"	"2014"	0	927	Unreliable
	"Texas"	"48"	"Terry County, TX"	"48445"	"2006"	"2006"	0	12448	Unreliable
	"Texas"	"48"	"Terry County, TX"	"48445"	"2007"	"2007"	0	12424	Unreliable
	"Texas"	"48"	"Terry County, TX"	"48445"	"2008"	"2008"	0	12394	Unreliable
	"Texas"	"48"	"Terry County, TX"	"48445"	"2009"	"2009"	0	12550	Unreliable
	"Texas"	"48"	"Terry County, TX"	"48445"	"2010"	"2010"	Suppressed	12651	Suppressed
	"Texas"	"48"	"Terry County, TX"	"48445"	"2011"	"2011"	Suppressed	12675	Suppressed
	"Texas"	"48"	"Terry County, TX"	"48445"	"2012"	"2012"	Suppressed	12613	Suppressed
	"Texas"	"48"	"Terry County, TX"	"48445"	"2013"	"2013"	Suppressed	12743	Suppressed
	"Texas"	"48"	"Terry County, TX"	"48445"	"2014"	"2014"	0	12739	Unreliable
	"Texas"	"48"	"Throckmorton County, TX"	"48447"	"2006"	"2006"	0	1710	Unreliable
	"Texas"	"48"	"Throckmorton County, TX"	"48447"	"2007"	"2007"	0	1653	Unreliable
	"Texas"	"48"	"Throckmorton County, TX"	"48447"	"2008"	"2008"	0	1635	Unreliable
	"Texas"	"48"	"Throckmorton County, TX"	"48447"	"2009"	"2009"	Suppressed	1654	Suppressed
	"Texas"	"48"	"Throckmorton County, TX"	"48447"	"2010"	"2010"	0	1641	Unreliable
	"Texas"	"48"	"Throckmorton County, TX"	"48447"	"2011"	"2011"	0	1609	Unreliable
	"Texas"	"48"	"Throckmorton County, TX"	"48447"	"2012"	"2012"	0	1601	Unreliable
	"Texas"	"48"	"Throckmorton County, TX"	"48447"	"2013"	"2013"	0	1600	Unreliable
	"Texas"	"48"	"Throckmorton County, TX"	"48447"	"2014"	"2014"	0	1608	Unreliable
	"Texas"	"48"	"Titus County, TX"	"48449"	"2006"	"2006"	Suppressed	29541	Suppressed
	"Texas"	"48"	"Titus County, TX"	"48449"	"2007"	"2007"	Suppressed	30231	Suppressed
	"Texas"	"48"	"Titus County, TX"	"48449"	"2008"	"2008"	Suppressed	30963	Suppressed
	"Texas"	"48"	"Titus County, TX"	"48449"	"2009"	"2009"	Suppressed	31749	Suppressed
	"Texas"	"48"	"Titus County, TX"	"48449"	"2010"	"2010"	Suppressed	32334	Suppressed
	"Texas"	"48"	"Titus County, TX"	"48449"	"2011"	"2011"	Suppressed	32596	Suppressed
	"Texas"	"48"	"Titus County, TX"	"48449"	"2012"	"2012"	Suppressed	32663	Suppressed
	"Texas"	"48"	"Titus County, TX"	"48449"	"2013"	"2013"	0	32581	Unreliable
	"Texas"	"48"	"Titus County, TX"	"48449"	"2014"	"2014"	Suppressed	32506	Suppressed
	"Texas"	"48"	"Tom Green County, TX"	"48451"	"2006"	"2006"	12	106125	Unreliable
	"Texas"	"48"	"Tom Green County, TX"	"48451"	"2007"	"2007"	10	106680	Unreliable
	"Texas"	"48"	"Tom Green County, TX"	"48451"	"2008"	"2008"	10	107639	Unreliable
	"Texas"	"48"	"Tom Green County, TX"	"48451"	"2009"	"2009"	12	108879	Unreliable
	"Texas"	"48"	"Tom Green County, TX"	"48451"	"2010"	"2010"	21	110224	19.1
	"Texas"	"48"	"Tom Green County, TX"	"48451"	"2011"	"2011"	10	111823	Unreliable
	"Texas"	"48"	"Tom Green County, TX"	"48451"	"2012"	"2012"	Suppressed	113281	Suppressed
	"Texas"	"48"	"Tom Green County, TX"	"48451"	"2013"	"2013"	10	114954	Unreliable
	"Texas"	"48"	"Tom Green County, TX"	"48451"	"2014"	"2014"	12	116608	Unreliable
	"Texas"	"48"	"Travis County, TX"	"48453"	"2006"	"2006"	101	925151	10.9
	"Texas"	"48"	"Travis County, TX"	"48453"	"2007"	"2007"	98	955399	10.3
	"Texas"	"48"	"Travis County, TX"	"48453"	"2008"	"2008"	80	980699	8.2
	"Texas"	"48"	"Travis County, TX"	"48453"	"2009"	"2009"	118	1006503	11.7
	"Texas"	"48"	"Travis County, TX"	"48453"	"2010"	"2010"	120	1024266	11.7
	"Texas"	"48"	"Travis County, TX"	"48453"	"2011"	"2011"	154	1063130	14.5
	"Texas"	"48"	"Travis County, TX"	"48453"	"2012"	"2012"	156	1095584	14.2
	"Texas"	"48"	"Travis County, TX"	"48453"	"2013"	"2013"	156	1120954	13.9
	"Texas"	"48"	"Travis County, TX"	"48453"	"2014"	"2014"	131	1151145	11.4
	"Texas"	"48"	"Trinity County, TX"	"48455"	"2006"	"2006"	Suppressed	14376	Suppressed
	"Texas"	"48"	"Trinity County, TX"	"48455"	"2007"	"2007"	Suppressed	14425	Suppressed
	"Texas"	"48"	"Trinity County, TX"	"48455"	"2008"	"2008"	Suppressed	14380	Suppressed
	"Texas"	"48"	"Trinity County, TX"	"48455"	"2009"	"2009"	Suppressed	14472	Suppressed
	"Texas"	"48"	"Trinity County, TX"	"48455"	"2010"	"2010"	Suppressed	14585	Suppressed
	"Texas"	"48"	"Trinity County, TX"	"48455"	"2011"	"2011"	Suppressed	14659	Suppressed
	"Texas"	"48"	"Trinity County, TX"	"48455"	"2012"	"2012"	Suppressed	14309	Suppressed
	"Texas"	"48"	"Trinity County, TX"	"48455"	"2013"	"2013"	Suppressed	14393	Suppressed
	"Texas"	"48"	"Trinity County, TX"	"48455"	"2014"	"2014"	Suppressed	14224	Suppressed
	"Texas"	"48"	"Tyler County, TX"	"48457"	"2006"	"2006"	Suppressed	21034	Suppressed
	"Texas"	"48"	"Tyler County, TX"	"48457"	"2007"	"2007"	Suppressed	21279	Suppressed
	"Texas"	"48"	"Tyler County, TX"	"48457"	"2008"	"2008"	Suppressed	21570	Suppressed
	"Texas"	"48"	"Tyler County, TX"	"48457"	"2009"	"2009"	Suppressed	21737	Suppressed
	"Texas"	"48"	"Tyler County, TX"	"48457"	"2010"	"2010"	Suppressed	21766	Suppressed
	"Texas"	"48"	"Tyler County, TX"	"48457"	"2011"	"2011"	0	21666	Unreliable
	"Texas"	"48"	"Tyler County, TX"	"48457"	"2012"	"2012"	Suppressed	21458	Suppressed
	"Texas"	"48"	"Tyler County, TX"	"48457"	"2013"	"2013"	Suppressed	21464	Suppressed
	"Texas"	"48"	"Tyler County, TX"	"48457"	"2014"	"2014"	Suppressed	21418	Suppressed
	"Texas"	"48"	"Upshur County, TX"	"48459"	"2006"	"2006"	Suppressed	38004	Suppressed
	"Texas"	"48"	"Upshur County, TX"	"48459"	"2007"	"2007"	Suppressed	38275	Suppressed
	"Texas"	"48"	"Upshur County, TX"	"48459"	"2008"	"2008"	Suppressed	38706	Suppressed
	"Texas"	"48"	"Upshur County, TX"	"48459"	"2009"	"2009"	Suppressed	39084	Suppressed
	"Texas"	"48"	"Upshur County, TX"	"48459"	"2010"	"2010"	Suppressed	39309	Suppressed
	"Texas"	"48"	"Upshur County, TX"	"48459"	"2011"	"2011"	Suppressed	39826	Suppressed
	"Texas"	"48"	"Upshur County, TX"	"48459"	"2012"	"2012"	Suppressed	39995	Suppressed
	"Texas"	"48"	"Upshur County, TX"	"48459"	"2013"	"2013"	Suppressed	39884	Suppressed
	"Texas"	"48"	"Upshur County, TX"	"48459"	"2014"	"2014"	0	40354	Unreliable
	"Texas"	"48"	"Upton County, TX"	"48461"	"2006"	"2006"	0	3174	Unreliable
	"Texas"	"48"	"Upton County, TX"	"48461"	"2007"	"2007"	0	3123	Unreliable
	"Texas"	"48"	"Upton County, TX"	"48461"	"2008"	"2008"	0	3231	Unreliable
	"Texas"	"48"	"Upton County, TX"	"48461"	"2009"	"2009"	0	3327	Unreliable
	"Texas"	"48"	"Upton County, TX"	"48461"	"2010"	"2010"	0	3355	Unreliable
	"Texas"	"48"	"Upton County, TX"	"48461"	"2011"	"2011"	0	3346	Unreliable
	"Texas"	"48"	"Upton County, TX"	"48461"	"2012"	"2012"	0	3283	Unreliable
	"Texas"	"48"	"Upton County, TX"	"48461"	"2013"	"2013"	Suppressed	3372	Suppressed
	"Texas"	"48"	"Upton County, TX"	"48461"	"2014"	"2014"	0	3454	Unreliable
	"Texas"	"48"	"Uvalde County, TX"	"48463"	"2006"	"2006"	Suppressed	26301	Suppressed
	"Texas"	"48"	"Uvalde County, TX"	"48463"	"2007"	"2007"	0	26217	Unreliable
	"Texas"	"48"	"Uvalde County, TX"	"48463"	"2008"	"2008"	Suppressed	26206	Suppressed
	"Texas"	"48"	"Uvalde County, TX"	"48463"	"2009"	"2009"	Suppressed	26223	Suppressed
	"Texas"	"48"	"Uvalde County, TX"	"48463"	"2010"	"2010"	Suppressed	26405	Suppressed
	"Texas"	"48"	"Uvalde County, TX"	"48463"	"2011"	"2011"	0	26535	Unreliable
	"Texas"	"48"	"Uvalde County, TX"	"48463"	"2012"	"2012"	Suppressed	26752	Suppressed
	"Texas"	"48"	"Uvalde County, TX"	"48463"	"2013"	"2013"	0	26926	Unreliable
	"Texas"	"48"	"Uvalde County, TX"	"48463"	"2014"	"2014"	0	27117	Unreliable
	"Texas"	"48"	"Val Verde County, TX"	"48465"	"2006"	"2006"	Suppressed	47401	Suppressed
	"Texas"	"48"	"Val Verde County, TX"	"48465"	"2007"	"2007"	Suppressed	47676	Suppressed
	"Texas"	"48"	"Val Verde County, TX"	"48465"	"2008"	"2008"	Suppressed	47882	Suppressed
	"Texas"	"48"	"Val Verde County, TX"	"48465"	"2009"	"2009"	Suppressed	48463	Suppressed
	"Texas"	"48"	"Val Verde County, TX"	"48465"	"2010"	"2010"	Suppressed	48879	Suppressed
	"Texas"	"48"	"Val Verde County, TX"	"48465"	"2011"	"2011"	Suppressed	49106	Suppressed
	"Texas"	"48"	"Val Verde County, TX"	"48465"	"2012"	"2012"	Suppressed	48705	Suppressed
	"Texas"	"48"	"Val Verde County, TX"	"48465"	"2013"	"2013"	Suppressed	48623	Suppressed
	"Texas"	"48"	"Val Verde County, TX"	"48465"	"2014"	"2014"	Suppressed	48974	Suppressed
	"Texas"	"48"	"Van Zandt County, TX"	"48467"	"2006"	"2006"	10	52194	Unreliable
	"Texas"	"48"	"Van Zandt County, TX"	"48467"	"2007"	"2007"	10	52151	Unreliable
	"Texas"	"48"	"Van Zandt County, TX"	"48467"	"2008"	"2008"	Suppressed	52470	Suppressed
	"Texas"	"48"	"Van Zandt County, TX"	"48467"	"2009"	"2009"	Suppressed	52359	Suppressed
	"Texas"	"48"	"Van Zandt County, TX"	"48467"	"2010"	"2010"	Suppressed	52579	Suppressed
	"Texas"	"48"	"Van Zandt County, TX"	"48467"	"2011"	"2011"	Suppressed	52776	Suppressed
	"Texas"	"48"	"Van Zandt County, TX"	"48467"	"2012"	"2012"	13	52427	Unreliable
	"Texas"	"48"	"Van Zandt County, TX"	"48467"	"2013"	"2013"	Suppressed	52481	Suppressed
	"Texas"	"48"	"Van Zandt County, TX"	"48467"	"2014"	"2014"	10	52910	Unreliable
	"Texas"	"48"	"Victoria County, TX"	"48469"	"2006"	"2006"	Suppressed	84528	Suppressed
	"Texas"	"48"	"Victoria County, TX"	"48469"	"2007"	"2007"	Suppressed	85261	Suppressed
	"Texas"	"48"	"Victoria County, TX"	"48469"	"2008"	"2008"	Suppressed	85762	Suppressed
	"Texas"	"48"	"Victoria County, TX"	"48469"	"2009"	"2009"	16	86635	Unreliable
	"Texas"	"48"	"Victoria County, TX"	"48469"	"2010"	"2010"	Suppressed	86793	Suppressed
	"Texas"	"48"	"Victoria County, TX"	"48469"	"2011"	"2011"	15	87545	Unreliable
	"Texas"	"48"	"Victoria County, TX"	"48469"	"2012"	"2012"	11	89269	Unreliable
	"Texas"	"48"	"Victoria County, TX"	"48469"	"2013"	"2013"	16	90028	Unreliable
	"Texas"	"48"	"Victoria County, TX"	"48469"	"2014"	"2014"	Suppressed	91081	Suppressed
	"Texas"	"48"	"Walker County, TX"	"48471"	"2006"	"2006"	Suppressed	65591	Suppressed
	"Texas"	"48"	"Walker County, TX"	"48471"	"2007"	"2007"	Suppressed	65517	Suppressed
	"Texas"	"48"	"Walker County, TX"	"48471"	"2008"	"2008"	Suppressed	65726	Suppressed
	"Texas"	"48"	"Walker County, TX"	"48471"	"2009"	"2009"	Suppressed	66748	Suppressed
	"Texas"	"48"	"Walker County, TX"	"48471"	"2010"	"2010"	Suppressed	67861	Suppressed
	"Texas"	"48"	"Walker County, TX"	"48471"	"2011"	"2011"	Suppressed	68087	Suppressed
	"Texas"	"48"	"Walker County, TX"	"48471"	"2012"	"2012"	Suppressed	68408	Suppressed
	"Texas"	"48"	"Walker County, TX"	"48471"	"2013"	"2013"	Suppressed	68817	Suppressed
	"Texas"	"48"	"Walker County, TX"	"48471"	"2014"	"2014"	Suppressed	69789	Suppressed
	"Texas"	"48"	"Waller County, TX"	"48473"	"2006"	"2006"	Suppressed	38260	Suppressed
	"Texas"	"48"	"Waller County, TX"	"48473"	"2007"	"2007"	Suppressed	39809	Suppressed
	"Texas"	"48"	"Waller County, TX"	"48473"	"2008"	"2008"	Suppressed	40578	Suppressed
	"Texas"	"48"	"Waller County, TX"	"48473"	"2009"	"2009"	Suppressed	42087	Suppressed
	"Texas"	"48"	"Waller County, TX"	"48473"	"2010"	"2010"	Suppressed	43205	Suppressed
	"Texas"	"48"	"Waller County, TX"	"48473"	"2011"	"2011"	Suppressed	44013	Suppressed
	"Texas"	"48"	"Waller County, TX"	"48473"	"2012"	"2012"	Suppressed	44357	Suppressed
	"Texas"	"48"	"Waller County, TX"	"48473"	"2013"	"2013"	Suppressed	45213	Suppressed
	"Texas"	"48"	"Waller County, TX"	"48473"	"2014"	"2014"	Suppressed	46820	Suppressed
	"Texas"	"48"	"Ward County, TX"	"48475"	"2006"	"2006"	0	10301	Unreliable
	"Texas"	"48"	"Ward County, TX"	"48475"	"2007"	"2007"	Suppressed	10275	Suppressed
	"Texas"	"48"	"Ward County, TX"	"48475"	"2008"	"2008"	Suppressed	10588	Suppressed
	"Texas"	"48"	"Ward County, TX"	"48475"	"2009"	"2009"	Suppressed	10734	Suppressed
	"Texas"	"48"	"Ward County, TX"	"48475"	"2010"	"2010"	0	10658	Unreliable
	"Texas"	"48"	"Ward County, TX"	"48475"	"2011"	"2011"	Suppressed	10716	Suppressed
	"Texas"	"48"	"Ward County, TX"	"48475"	"2012"	"2012"	0	10879	Unreliable
	"Texas"	"48"	"Ward County, TX"	"48475"	"2013"	"2013"	0	11244	Unreliable
	"Texas"	"48"	"Ward County, TX"	"48475"	"2014"	"2014"	Suppressed	11625	Suppressed
	"Texas"	"48"	"Washington County, TX"	"48477"	"2006"	"2006"	Suppressed	32199	Suppressed
	"Texas"	"48"	"Washington County, TX"	"48477"	"2007"	"2007"	0	32434	Unreliable
	"Texas"	"48"	"Washington County, TX"	"48477"	"2008"	"2008"	Suppressed	32869	Suppressed
	"Texas"	"48"	"Washington County, TX"	"48477"	"2009"	"2009"	Suppressed	33459	Suppressed
	"Texas"	"48"	"Washington County, TX"	"48477"	"2010"	"2010"	Suppressed	33718	Suppressed
	"Texas"	"48"	"Washington County, TX"	"48477"	"2011"	"2011"	Suppressed	33791	Suppressed
	"Texas"	"48"	"Washington County, TX"	"48477"	"2012"	"2012"	0	34093	Unreliable
	"Texas"	"48"	"Washington County, TX"	"48477"	"2013"	"2013"	Suppressed	34147	Suppressed
	"Texas"	"48"	"Washington County, TX"	"48477"	"2014"	"2014"	Suppressed	34438	Suppressed
	"Texas"	"48"	"Webb County, TX"	"48479"	"2006"	"2006"	Suppressed	229307	Suppressed
	"Texas"	"48"	"Webb County, TX"	"48479"	"2007"	"2007"	18	234594	Unreliable
	"Texas"	"48"	"Webb County, TX"	"48479"	"2008"	"2008"	23	240287	9.6
	"Texas"	"48"	"Webb County, TX"	"48479"	"2009"	"2009"	29	245908	11.8
	"Texas"	"48"	"Webb County, TX"	"48479"	"2010"	"2010"	28	250304	11.2
	"Texas"	"48"	"Webb County, TX"	"48479"	"2011"	"2011"	19	256496	Unreliable
	"Texas"	"48"	"Webb County, TX"	"48479"	"2012"	"2012"	33	259172	12.7
	"Texas"	"48"	"Webb County, TX"	"48479"	"2013"	"2013"	29	262495	11.0
	"Texas"	"48"	"Webb County, TX"	"48479"	"2014"	"2014"	22	266673	8.2
	"Texas"	"48"	"Wharton County, TX"	"48481"	"2006"	"2006"	Suppressed	41073	Suppressed
	"Texas"	"48"	"Wharton County, TX"	"48481"	"2007"	"2007"	Suppressed	40845	Suppressed
	"Texas"	"48"	"Wharton County, TX"	"48481"	"2008"	"2008"	Suppressed	40893	Suppressed
	"Texas"	"48"	"Wharton County, TX"	"48481"	"2009"	"2009"	Suppressed	40998	Suppressed
	"Texas"	"48"	"Wharton County, TX"	"48481"	"2010"	"2010"	Suppressed	41280	Suppressed
	"Texas"	"48"	"Wharton County, TX"	"48481"	"2011"	"2011"	Suppressed	41314	Suppressed
	"Texas"	"48"	"Wharton County, TX"	"48481"	"2012"	"2012"	Suppressed	41285	Suppressed
	"Texas"	"48"	"Wharton County, TX"	"48481"	"2013"	"2013"	Suppressed	41216	Suppressed
	"Texas"	"48"	"Wharton County, TX"	"48481"	"2014"	"2014"	0	41168	Unreliable
	"Texas"	"48"	"Wheeler County, TX"	"48483"	"2006"	"2006"	0	5055	Unreliable
	"Texas"	"48"	"Wheeler County, TX"	"48483"	"2007"	"2007"	0	5138	Unreliable
	"Texas"	"48"	"Wheeler County, TX"	"48483"	"2008"	"2008"	0	5199	Unreliable
	"Texas"	"48"	"Wheeler County, TX"	"48483"	"2009"	"2009"	Suppressed	5375	Suppressed
	"Texas"	"48"	"Wheeler County, TX"	"48483"	"2010"	"2010"	0	5410	Unreliable
	"Texas"	"48"	"Wheeler County, TX"	"48483"	"2011"	"2011"	0	5465	Unreliable
	"Texas"	"48"	"Wheeler County, TX"	"48483"	"2012"	"2012"	0	5626	Unreliable
	"Texas"	"48"	"Wheeler County, TX"	"48483"	"2013"	"2013"	Suppressed	5751	Suppressed
	"Texas"	"48"	"Wheeler County, TX"	"48483"	"2014"	"2014"	Suppressed	5714	Suppressed
	"Texas"	"48"	"Wichita County, TX"	"48485"	"2006"	"2006"	22	131376	16.7
	"Texas"	"48"	"Wichita County, TX"	"48485"	"2007"	"2007"	19	130564	Unreliable
	"Texas"	"48"	"Wichita County, TX"	"48485"	"2008"	"2008"	31	130340	23.8
	"Texas"	"48"	"Wichita County, TX"	"48485"	"2009"	"2009"	27	130913	20.6
	"Texas"	"48"	"Wichita County, TX"	"48485"	"2010"	"2010"	21	131500	16.0
	"Texas"	"48"	"Wichita County, TX"	"48485"	"2011"	"2011"	25	130698	19.1
	"Texas"	"48"	"Wichita County, TX"	"48485"	"2012"	"2012"	20	131559	15.2
	"Texas"	"48"	"Wichita County, TX"	"48485"	"2013"	"2013"	21	132047	15.9
	"Texas"	"48"	"Wichita County, TX"	"48485"	"2014"	"2014"	26	132355	19.6
	"Texas"	"48"	"Wilbarger County, TX"	"48487"	"2006"	"2006"	Suppressed	13835	Suppressed
	"Texas"	"48"	"Wilbarger County, TX"	"48487"	"2007"	"2007"	Suppressed	13746	Suppressed
	"Texas"	"48"	"Wilbarger County, TX"	"48487"	"2008"	"2008"	0	13506	Unreliable
	"Texas"	"48"	"Wilbarger County, TX"	"48487"	"2009"	"2009"	Suppressed	13575	Suppressed
	"Texas"	"48"	"Wilbarger County, TX"	"48487"	"2010"	"2010"	0	13535	Unreliable
	"Texas"	"48"	"Wilbarger County, TX"	"48487"	"2011"	"2011"	0	13404	Unreliable
	"Texas"	"48"	"Wilbarger County, TX"	"48487"	"2012"	"2012"	Suppressed	13258	Suppressed
	"Texas"	"48"	"Wilbarger County, TX"	"48487"	"2013"	"2013"	Suppressed	13131	Suppressed
	"Texas"	"48"	"Wilbarger County, TX"	"48487"	"2014"	"2014"	Suppressed	12973	Suppressed
	"Texas"	"48"	"Willacy County, TX"	"48489"	"2006"	"2006"	Suppressed	21463	Suppressed
	"Texas"	"48"	"Willacy County, TX"	"48489"	"2007"	"2007"	0	21576	Unreliable
	"Texas"	"48"	"Willacy County, TX"	"48489"	"2008"	"2008"	Suppressed	21763	Suppressed
	"Texas"	"48"	"Willacy County, TX"	"48489"	"2009"	"2009"	0	21862	Unreliable
	"Texas"	"48"	"Willacy County, TX"	"48489"	"2010"	"2010"	0	22134	Unreliable
	"Texas"	"48"	"Willacy County, TX"	"48489"	"2011"	"2011"	Suppressed	22095	Suppressed
	"Texas"	"48"	"Willacy County, TX"	"48489"	"2012"	"2012"	0	22058	Unreliable
	"Texas"	"48"	"Willacy County, TX"	"48489"	"2013"	"2013"	Suppressed	21921	Suppressed
	"Texas"	"48"	"Willacy County, TX"	"48489"	"2014"	"2014"	Suppressed	21903	Suppressed
	"Texas"	"48"	"Williamson County, TX"	"48491"	"2006"	"2006"	27	351970	7.7
	"Texas"	"48"	"Williamson County, TX"	"48491"	"2007"	"2007"	23	373723	6.2
	"Texas"	"48"	"Williamson County, TX"	"48491"	"2008"	"2008"	22	395437	5.6
	"Texas"	"48"	"Williamson County, TX"	"48491"	"2009"	"2009"	35	410800	8.5
	"Texas"	"48"	"Williamson County, TX"	"48491"	"2010"	"2010"	32	422679	7.6
	"Texas"	"48"	"Williamson County, TX"	"48491"	"2011"	"2011"	38	442782	8.6
	"Texas"	"48"	"Williamson County, TX"	"48491"	"2012"	"2012"	37	456232	8.1
	"Texas"	"48"	"Williamson County, TX"	"48491"	"2013"	"2013"	42	471014	8.9
	"Texas"	"48"	"Williamson County, TX"	"48491"	"2014"	"2014"	33	489250	6.7
	"Texas"	"48"	"Wilson County, TX"	"48493"	"2006"	"2006"	Suppressed	39007	Suppressed
	"Texas"	"48"	"Wilson County, TX"	"48493"	"2007"	"2007"	Suppressed	40354	Suppressed
	"Texas"	"48"	"Wilson County, TX"	"48493"	"2008"	"2008"	Suppressed	41657	Suppressed
	"Texas"	"48"	"Wilson County, TX"	"48493"	"2009"	"2009"	Suppressed	42181	Suppressed
	"Texas"	"48"	"Wilson County, TX"	"48493"	"2010"	"2010"	Suppressed	42918	Suppressed
	"Texas"	"48"	"Wilson County, TX"	"48493"	"2011"	"2011"	Suppressed	43789	Suppressed
	"Texas"	"48"	"Wilson County, TX"	"48493"	"2012"	"2012"	Suppressed	44370	Suppressed
	"Texas"	"48"	"Wilson County, TX"	"48493"	"2013"	"2013"	Suppressed	45418	Suppressed
	"Texas"	"48"	"Wilson County, TX"	"48493"	"2014"	"2014"	Suppressed	46402	Suppressed
	"Texas"	"48"	"Winkler County, TX"	"48495"	"2006"	"2006"	Suppressed	6642	Suppressed
	"Texas"	"48"	"Winkler County, TX"	"48495"	"2007"	"2007"	Suppressed	6775	Suppressed
	"Texas"	"48"	"Winkler County, TX"	"48495"	"2008"	"2008"	Suppressed	7024	Suppressed
	"Texas"	"48"	"Winkler County, TX"	"48495"	"2009"	"2009"	Suppressed	7128	Suppressed
	"Texas"	"48"	"Winkler County, TX"	"48495"	"2010"	"2010"	Suppressed	7110	Suppressed
	"Texas"	"48"	"Winkler County, TX"	"48495"	"2011"	"2011"	Suppressed	7178	Suppressed
	"Texas"	"48"	"Winkler County, TX"	"48495"	"2012"	"2012"	Suppressed	7330	Suppressed
	"Texas"	"48"	"Winkler County, TX"	"48495"	"2013"	"2013"	Suppressed	7606	Suppressed
	"Texas"	"48"	"Winkler County, TX"	"48495"	"2014"	"2014"	Suppressed	7821	Suppressed
	"Texas"	"48"	"Wise County, TX"	"48497"	"2006"	"2006"	Suppressed	56569	Suppressed
	"Texas"	"48"	"Wise County, TX"	"48497"	"2007"	"2007"	Suppressed	57247	Suppressed
	"Texas"	"48"	"Wise County, TX"	"48497"	"2008"	"2008"	Suppressed	58181	Suppressed
	"Texas"	"48"	"Wise County, TX"	"48497"	"2009"	"2009"	Suppressed	59134	Suppressed
	"Texas"	"48"	"Wise County, TX"	"48497"	"2010"	"2010"	10	59127	Unreliable
	"Texas"	"48"	"Wise County, TX"	"48497"	"2011"	"2011"	Suppressed	59833	Suppressed
	"Texas"	"48"	"Wise County, TX"	"48497"	"2012"	"2012"	Suppressed	60432	Suppressed
	"Texas"	"48"	"Wise County, TX"	"48497"	"2013"	"2013"	Suppressed	60939	Suppressed
	"Texas"	"48"	"Wise County, TX"	"48497"	"2014"	"2014"	Suppressed	61638	Suppressed
	"Texas"	"48"	"Wood County, TX"	"48499"	"2006"	"2006"	Suppressed	41099	Suppressed
	"Texas"	"48"	"Wood County, TX"	"48499"	"2007"	"2007"	Suppressed	41414	Suppressed
	"Texas"	"48"	"Wood County, TX"	"48499"	"2008"	"2008"	Suppressed	41722	Suppressed
	"Texas"	"48"	"Wood County, TX"	"48499"	"2009"	"2009"	Suppressed	41870	Suppressed
	"Texas"	"48"	"Wood County, TX"	"48499"	"2010"	"2010"	Suppressed	41964	Suppressed
	"Texas"	"48"	"Wood County, TX"	"48499"	"2011"	"2011"	Suppressed	42164	Suppressed
	"Texas"	"48"	"Wood County, TX"	"48499"	"2012"	"2012"	Suppressed	42022	Suppressed
	"Texas"	"48"	"Wood County, TX"	"48499"	"2013"	"2013"	Suppressed	42306	Suppressed
	"Texas"	"48"	"Wood County, TX"	"48499"	"2014"	"2014"	Suppressed	42852	Suppressed
	"Texas"	"48"	"Yoakum County, TX"	"48501"	"2006"	"2006"	0	7404	Unreliable
	"Texas"	"48"	"Yoakum County, TX"	"48501"	"2007"	"2007"	0	7588	Unreliable
	"Texas"	"48"	"Yoakum County, TX"	"48501"	"2008"	"2008"	0	7765	Unreliable
	"Texas"	"48"	"Yoakum County, TX"	"48501"	"2009"	"2009"	0	7908	Unreliable
	"Texas"	"48"	"Yoakum County, TX"	"48501"	"2010"	"2010"	0	7879	Unreliable
	"Texas"	"48"	"Yoakum County, TX"	"48501"	"2011"	"2011"	0	8005	Unreliable
	"Texas"	"48"	"Yoakum County, TX"	"48501"	"2012"	"2012"	Suppressed	8075	Suppressed
	"Texas"	"48"	"Yoakum County, TX"	"48501"	"2013"	"2013"	Suppressed	8184	Suppressed
	"Texas"	"48"	"Yoakum County, TX"	"48501"	"2014"	"2014"	Suppressed	8286	Suppressed
	"Texas"	"48"	"Young County, TX"	"48503"	"2006"	"2006"	Suppressed	18227	Suppressed
	"Texas"	"48"	"Young County, TX"	"48503"	"2007"	"2007"	Suppressed	18135	Suppressed
	"Texas"	"48"	"Young County, TX"	"48503"	"2008"	"2008"	Suppressed	18104	Suppressed
	"Texas"	"48"	"Young County, TX"	"48503"	"2009"	"2009"	Suppressed	18466	Suppressed
	"Texas"	"48"	"Young County, TX"	"48503"	"2010"	"2010"	Suppressed	18550	Suppressed
	"Texas"	"48"	"Young County, TX"	"48503"	"2011"	"2011"	Suppressed	18484	Suppressed
	"Texas"	"48"	"Young County, TX"	"48503"	"2012"	"2012"	Suppressed	18339	Suppressed
	"Texas"	"48"	"Young County, TX"	"48503"	"2013"	"2013"	Suppressed	18341	Suppressed
	"Texas"	"48"	"Young County, TX"	"48503"	"2014"	"2014"	Suppressed	18350	Suppressed
	"Texas"	"48"	"Zapata County, TX"	"48505"	"2006"	"2006"	0	13069	Unreliable
	"Texas"	"48"	"Zapata County, TX"	"48505"	"2007"	"2007"	Suppressed	13388	Suppressed
	"Texas"	"48"	"Zapata County, TX"	"48505"	"2008"	"2008"	Suppressed	13640	Suppressed
	"Texas"	"48"	"Zapata County, TX"	"48505"	"2009"	"2009"	Suppressed	13876	Suppressed
	"Texas"	"48"	"Zapata County, TX"	"48505"	"2010"	"2010"	Suppressed	14018	Suppressed
	"Texas"	"48"	"Zapata County, TX"	"48505"	"2011"	"2011"	Suppressed	14282	Suppressed
	"Texas"	"48"	"Zapata County, TX"	"48505"	"2012"	"2012"	0	14290	Unreliable
	"Texas"	"48"	"Zapata County, TX"	"48505"	"2013"	"2013"	Suppressed	14390	Suppressed
	"Texas"	"48"	"Zapata County, TX"	"48505"	"2014"	"2014"	0	14319	Unreliable
	"Texas"	"48"	"Zavala County, TX"	"48507"	"2006"	"2006"	Suppressed	11642	Suppressed
	"Texas"	"48"	"Zavala County, TX"	"48507"	"2007"	"2007"	Suppressed	11657	Suppressed
	"Texas"	"48"	"Zavala County, TX"	"48507"	"2008"	"2008"	Suppressed	11725	Suppressed
	"Texas"	"48"	"Zavala County, TX"	"48507"	"2009"	"2009"	0	11544	Unreliable
	"Texas"	"48"	"Zavala County, TX"	"48507"	"2010"	"2010"	Suppressed	11677	Suppressed
	"Texas"	"48"	"Zavala County, TX"	"48507"	"2011"	"2011"	Suppressed	11849	Suppressed
	"Texas"	"48"	"Zavala County, TX"	"48507"	"2012"	"2012"	Suppressed	11961	Suppressed
	"Texas"	"48"	"Zavala County, TX"	"48507"	"2013"	"2013"	0	12156	Unreliable
	"Texas"	"48"	"Zavala County, TX"	"48507"	"2014"	"2014"	0	12267	Unreliable
"---"
"Dataset: Underlying Cause of Death, 1999-2020"
"Query Parameters:"
"Drug/Alcohol Induced Causes: Drug poisonings (overdose) Unintentional (X40-X44); Drug poisonings (overdose) Suicide (X60-X64);"
"Drug poisonings (overdose) Homicide (X85); Drug poisonings (overdose) Undetermined (Y10-Y14)"
"States: Texas (48)"
"Year/Month: 2006; 2007; 2008; 2009; 2010; 2011; 2012; 2013; 2014"
"Group By: State; County; Year"
"Show Totals: Disabled"
"Show Zero Values: True"
"Show Suppressed: True"
"Calculate Rates Per: 100,000"
"Rate Options: Default intercensal populations for years 2001-2009 (except Infant Age Groups)"
"---"
"Help: See http://wonder.cdc.gov/wonder/help/ucd.html for more information."
"---"
"Query Date: May 1, 2026 7:42:54 PM"
"---"
"Suggested Citation: Centers for Disease Control and Prevention, National Center for Health Statistics. National Vital Statistics"
"System, Mortality 1999-2020 on CDC WONDER Online Database, released in 2021. Data are from the Multiple Cause of Death Files,"
"1999-2020, as compiled from data provided by the 57 vital statistics jurisdictions through the Vital Statistics Cooperative"
"Program. Accessed at http://wonder.cdc.gov/ucd-icd10.html on May 1, 2026 7:42:54 PM"
"---"
Messages:
"1. Totals are not available for these results due to suppression constraints. More Information:"
"http://wonder.cdc.gov/wonder/help/faq.html#Privacy."
"---"
Caveats:
"1. As of April 3, 2017, the underlying cause of death has been revised for 125 deaths in 2014. More information:"
"http://wonder.cdc.gov/wonder/help/ucd.html#2014-Revision."
"2. Data are Suppressed when the data meet the criteria for confidentiality constraints. More information:"
"http://wonder.cdc.gov/wonder/help/ucd.html#Assurance of Confidentiality."
"3. Death rates are flagged as Unreliable when the rate is calculated with a numerator of 20 or less. More information:"
"http://wonder.cdc.gov/wonder/help/ucd.html#Unreliable."
"4. The population figures for year 2020 are bridged-race estimates of the July 1 resident population, from the Vintage 2020"
"postcensal series released by NCHS on September 22, 2021. The population figures for year 2019 are bridged-race estimates of the"
"July 1 resident population, from the Vintage 2019 postcensal series released by NCHS on July 9, 2020. The population figures for"
"year 2018 are bridged-race estimates of the July 1 resident population, from the Vintage 2018 postcensal series released by NCHS"
"on June 25, 2019. The population figures for year 2017 are bridged-race estimates of the July 1 resident population, from the"
"Vintage 2017 postcensal series released by NCHS on June 27, 2018. The population figures for year 2016 are bridged-race"
"estimates of the July 1 resident population, from the Vintage 2016 postcensal series released by NCHS on June 26, 2017. The"
"population figures for year 2015 are bridged-race estimates of the July 1 resident population, from the Vintage 2015 postcensal"
"series released by NCHS on June 28, 2016. The population figures for year 2014 are bridged-race estimates of the July 1 resident"
"population, from the Vintage 2014 postcensal series released by NCHS on June 30, 2015. The population figures for year 2013 are"
"bridged-race estimates of the July 1 resident population, from the Vintage 2013 postcensal series released by NCHS on June 26,"
"2014. The population figures for year 2012 are bridged-race estimates of the July 1 resident population, from the Vintage 2012"
"postcensal series released by NCHS on June 13, 2013. The population figures for year 2011 are bridged-race estimates of the July"
"1 resident population, from the Vintage 2011 postcensal series released by NCHS on July 18, 2012. Population figures for 2010"
"are April 1 Census counts. The population figures for years 2001 - 2009 are bridged-race estimates of the July 1 resident"
"population, from the revised intercensal county-level 2000 - 2009 series released by NCHS on October 26, 2012. Population"
"figures for 2000 are April 1 Census counts. Population figures for 1999 are from the 1990-1999 intercensal series of July 1"
"estimates. Population figures for the infant age groups are the number of live births. <br/><b>Note:</b> Rates and population"
"figures for years 2001 - 2009 differ slightly from previously published reports, due to use of the population estimates which"
"were available at the time of release."
"5. The population figures used in the calculation of death rates for the age group 'under 1 year' are the estimates of the"
"resident population that is under one year of age. More information: http://wonder.cdc.gov/wonder/help/ucd.html#Age Group."