"Notes"	"State"	"State Code"	"County"	"County Code"	"Year"	"Year Code"	Deaths	Population	Crude Rate
	"Virginia"	"51"	"Accomack County, VA"	"51001"	"2006"	"2006"	Suppressed	35192	Suppressed
	"Virginia"	"51"	"Accomack County, VA"	"51001"	"2007"	"2007"	Suppressed	34553	Suppressed
	"Virginia"	"51"	"Accomack County, VA"	"51001"	"2008"	"2008"	Suppressed	33970	Suppressed
	"Virginia"	"51"	"Accomack County, VA"	"51001"	"2009"	"2009"	Suppressed	33415	Suppressed
	"Virginia"	"51"	"Accomack County, VA"	"51001"	"2010"	"2010"	Suppressed	33164	Suppressed
	"Virginia"	"51"	"Accomack County, VA"	"51001"	"2011"	"2011"	Suppressed	33336	Suppressed
	"Virginia"	"51"	"Accomack County, VA"	"51001"	"2012"	"2012"	Suppressed	33341	Suppressed
	"Virginia"	"51"	"Accomack County, VA"	"51001"	"2013"	"2013"	Suppressed	33148	Suppressed
	"Virginia"	"51"	"Accomack County, VA"	"51001"	"2014"	"2014"	Suppressed	33021	Suppressed
	"Virginia"	"51"	"Albemarle County, VA"	"51003"	"2006"	"2006"	Suppressed	93852	Suppressed
	"Virginia"	"51"	"Albemarle County, VA"	"51003"	"2007"	"2007"	Suppressed	95009	Suppressed
	"Virginia"	"51"	"Albemarle County, VA"	"51003"	"2008"	"2008"	Suppressed	97081	Suppressed
	"Virginia"	"51"	"Albemarle County, VA"	"51003"	"2009"	"2009"	Suppressed	98071	Suppressed
	"Virginia"	"51"	"Albemarle County, VA"	"51003"	"2010"	"2010"	Suppressed	98970	Suppressed
	"Virginia"	"51"	"Albemarle County, VA"	"51003"	"2011"	"2011"	Suppressed	100553	Suppressed
	"Virginia"	"51"	"Albemarle County, VA"	"51003"	"2012"	"2012"	Suppressed	102251	Suppressed
	"Virginia"	"51"	"Albemarle County, VA"	"51003"	"2013"	"2013"	Suppressed	103000	Suppressed
	"Virginia"	"51"	"Albemarle County, VA"	"51003"	"2014"	"2014"	Suppressed	104489	Suppressed
	"Virginia"	"51"	"Alleghany County, VA"	"51005"	"2006"	"2006"	Suppressed	16564	Suppressed
	"Virginia"	"51"	"Alleghany County, VA"	"51005"	"2007"	"2007"	Suppressed	16530	Suppressed
	"Virginia"	"51"	"Alleghany County, VA"	"51005"	"2008"	"2008"	0	16404	Unreliable
	"Virginia"	"51"	"Alleghany County, VA"	"51005"	"2009"	"2009"	Suppressed	16306	Suppressed
	"Virginia"	"51"	"Alleghany County, VA"	"51005"	"2010"	"2010"	Suppressed	16250	Suppressed
	"Virginia"	"51"	"Alleghany County, VA"	"51005"	"2011"	"2011"	0	16175	Unreliable
	"Virginia"	"51"	"Alleghany County, VA"	"51005"	"2012"	"2012"	Suppressed	16230	Suppressed
	"Virginia"	"51"	"Alleghany County, VA"	"51005"	"2013"	"2013"	0	16161	Unreliable
	"Virginia"	"51"	"Alleghany County, VA"	"51005"	"2014"	"2014"	Suppressed	15820	Suppressed
	"Virginia"	"51"	"Amelia County, VA"	"51007"	"2006"	"2006"	0	12250	Unreliable
	"Virginia"	"51"	"Amelia County, VA"	"51007"	"2007"	"2007"	0	12447	Unreliable
	"Virginia"	"51"	"Amelia County, VA"	"51007"	"2008"	"2008"	0	12563	Unreliable
	"Virginia"	"51"	"Amelia County, VA"	"51007"	"2009"	"2009"	Suppressed	12594	Suppressed
	"Virginia"	"51"	"Amelia County, VA"	"51007"	"2010"	"2010"	0	12690	Unreliable
	"Virginia"	"51"	"Amelia County, VA"	"51007"	"2011"	"2011"	0	12805	Unreliable
	"Virginia"	"51"	"Amelia County, VA"	"51007"	"2012"	"2012"	Suppressed	12759	Suppressed
	"Virginia"	"51"	"Amelia County, VA"	"51007"	"2013"	"2013"	0	12745	Unreliable
	"Virginia"	"51"	"Amelia County, VA"	"51007"	"2014"	"2014"	Suppressed	12855	Suppressed
	"Virginia"	"51"	"Amherst County, VA"	"51009"	"2006"	"2006"	Suppressed	32094	Suppressed
	"Virginia"	"51"	"Amherst County, VA"	"51009"	"2007"	"2007"	Suppressed	32203	Suppressed
	"Virginia"	"51"	"Amherst County, VA"	"51009"	"2008"	"2008"	Suppressed	32510	Suppressed
	"Virginia"	"51"	"Amherst County, VA"	"51009"	"2009"	"2009"	Suppressed	32447	Suppressed
	"Virginia"	"51"	"Amherst County, VA"	"51009"	"2010"	"2010"	Suppressed	32353	Suppressed
	"Virginia"	"51"	"Amherst County, VA"	"51009"	"2011"	"2011"	Suppressed	32167	Suppressed
	"Virginia"	"51"	"Amherst County, VA"	"51009"	"2012"	"2012"	Suppressed	32384	Suppressed
	"Virginia"	"51"	"Amherst County, VA"	"51009"	"2013"	"2013"	Suppressed	32178	Suppressed
	"Virginia"	"51"	"Amherst County, VA"	"51009"	"2014"	"2014"	Suppressed	32041	Suppressed
	"Virginia"	"51"	"Appomattox County, VA"	"51011"	"2006"	"2006"	0	14215	Unreliable
	"Virginia"	"51"	"Appomattox County, VA"	"51011"	"2007"	"2007"	0	14425	Unreliable
	"Virginia"	"51"	"Appomattox County, VA"	"51011"	"2008"	"2008"	0	14795	Unreliable
	"Virginia"	"51"	"Appomattox County, VA"	"51011"	"2009"	"2009"	Suppressed	14812	Suppressed
	"Virginia"	"51"	"Appomattox County, VA"	"51011"	"2010"	"2010"	0	14973	Unreliable
	"Virginia"	"51"	"Appomattox County, VA"	"51011"	"2011"	"2011"	Suppressed	15041	Suppressed
	"Virginia"	"51"	"Appomattox County, VA"	"51011"	"2012"	"2012"	0	15128	Unreliable
	"Virginia"	"51"	"Appomattox County, VA"	"51011"	"2013"	"2013"	Suppressed	15255	Suppressed
	"Virginia"	"51"	"Appomattox County, VA"	"51011"	"2014"	"2014"	Suppressed	15279	Suppressed
	"Virginia"	"51"	"Arlington County, VA"	"51013"	"2006"	"2006"	10	188176	Unreliable
	"Virginia"	"51"	"Arlington County, VA"	"51013"	"2007"	"2007"	12	190759	Unreliable
	"Virginia"	"51"	"Arlington County, VA"	"51013"	"2008"	"2008"	14	196305	Unreliable
	"Virginia"	"51"	"Arlington County, VA"	"51013"	"2009"	"2009"	Suppressed	202637	Suppressed
	"Virginia"	"51"	"Arlington County, VA"	"51013"	"2010"	"2010"	Suppressed	207627	Suppressed
	"Virginia"	"51"	"Arlington County, VA"	"51013"	"2011"	"2011"	10	216004	Unreliable
	"Virginia"	"51"	"Arlington County, VA"	"51013"	"2012"	"2012"	12	221045	Unreliable
	"Virginia"	"51"	"Arlington County, VA"	"51013"	"2013"	"2013"	13	224906	Unreliable
	"Virginia"	"51"	"Arlington County, VA"	"51013"	"2014"	"2014"	13	226908	Unreliable
	"Virginia"	"51"	"Augusta County, VA"	"51015"	"2006"	"2006"	Suppressed	71896	Suppressed
	"Virginia"	"51"	"Augusta County, VA"	"51015"	"2007"	"2007"	Suppressed	73041	Suppressed
	"Virginia"	"51"	"Augusta County, VA"	"51015"	"2008"	"2008"	10	73555	Unreliable
	"Virginia"	"51"	"Augusta County, VA"	"51015"	"2009"	"2009"	17	73844	Unreliable
	"Virginia"	"51"	"Augusta County, VA"	"51015"	"2010"	"2010"	Suppressed	73750	Suppressed
	"Virginia"	"51"	"Augusta County, VA"	"51015"	"2011"	"2011"	Suppressed	73549	Suppressed
	"Virginia"	"51"	"Augusta County, VA"	"51015"	"2012"	"2012"	13	73658	Unreliable
	"Virginia"	"51"	"Augusta County, VA"	"51015"	"2013"	"2013"	12	73912	Unreliable
	"Virginia"	"51"	"Augusta County, VA"	"51015"	"2014"	"2014"	Suppressed	73862	Suppressed
	"Virginia"	"51"	"Bath County, VA"	"51017"	"2006"	"2006"	Suppressed	4823	Suppressed
	"Virginia"	"51"	"Bath County, VA"	"51017"	"2007"	"2007"	0	4835	Unreliable
	"Virginia"	"51"	"Bath County, VA"	"51017"	"2008"	"2008"	0	4778	Unreliable
	"Virginia"	"51"	"Bath County, VA"	"51017"	"2009"	"2009"	0	4743	Unreliable
	"Virginia"	"51"	"Bath County, VA"	"51017"	"2010"	"2010"	0	4731	Unreliable
	"Virginia"	"51"	"Bath County, VA"	"51017"	"2011"	"2011"	0	4657	Unreliable
	"Virginia"	"51"	"Bath County, VA"	"51017"	"2012"	"2012"	Suppressed	4652	Suppressed
	"Virginia"	"51"	"Bath County, VA"	"51017"	"2013"	"2013"	0	4616	Unreliable
	"Virginia"	"51"	"Bath County, VA"	"51017"	"2014"	"2014"	0	4563	Unreliable
	"Virginia"	"51"	"Bedford County, VA"	"51019"	"2006"	"2006"	Suppressed	66363	Suppressed
	"Virginia"	"51"	"Bedford County, VA"	"51019"	"2007"	"2007"	Suppressed	67392	Suppressed
	"Virginia"	"51"	"Bedford County, VA"	"51019"	"2008"	"2008"	Suppressed	67594	Suppressed
	"Virginia"	"51"	"Bedford County, VA"	"51019"	"2009"	"2009"	Suppressed	68399	Suppressed
	"Virginia"	"51"	"Bedford County, VA"	"51019"	"2010"	"2010"	11	68676	Unreliable
	"Virginia"	"51"	"Bedford County, VA"	"51019"	"2011"	"2011"	Suppressed	69246	Suppressed
	"Virginia"	"51"	"Bedford County, VA"	"51019"	"2012"	"2012"	Suppressed	69590	Suppressed
	"Virginia"	"51"	"Bedford County, VA"	"51019"	"2013"	"2013"	12	69825	Unreliable
	"Virginia"	"51"	"Bedford County, VA"	"51019"	"2014"	"2014"	Suppressed	76583	Suppressed
	"Virginia"	"51"	"Bland County, VA"	"51021"	"2006"	"2006"	0	6840	Unreliable
	"Virginia"	"51"	"Bland County, VA"	"51021"	"2007"	"2007"	0	6930	Unreliable
	"Virginia"	"51"	"Bland County, VA"	"51021"	"2008"	"2008"	Suppressed	6921	Suppressed
	"Virginia"	"51"	"Bland County, VA"	"51021"	"2009"	"2009"	Suppressed	6868	Suppressed
	"Virginia"	"51"	"Bland County, VA"	"51021"	"2010"	"2010"	Suppressed	6824	Suppressed
	"Virginia"	"51"	"Bland County, VA"	"51021"	"2011"	"2011"	Suppressed	6818	Suppressed
	"Virginia"	"51"	"Bland County, VA"	"51021"	"2012"	"2012"	0	6738	Unreliable
	"Virginia"	"51"	"Bland County, VA"	"51021"	"2013"	"2013"	Suppressed	6735	Suppressed
	"Virginia"	"51"	"Bland County, VA"	"51021"	"2014"	"2014"	Suppressed	6625	Suppressed
	"Virginia"	"51"	"Botetourt County, VA"	"51023"	"2006"	"2006"	Suppressed	32491	Suppressed
	"Virginia"	"51"	"Botetourt County, VA"	"51023"	"2007"	"2007"	0	32681	Unreliable
	"Virginia"	"51"	"Botetourt County, VA"	"51023"	"2008"	"2008"	Suppressed	32955	Suppressed
	"Virginia"	"51"	"Botetourt County, VA"	"51023"	"2009"	"2009"	Suppressed	33042	Suppressed
	"Virginia"	"51"	"Botetourt County, VA"	"51023"	"2010"	"2010"	Suppressed	33148	Suppressed
	"Virginia"	"51"	"Botetourt County, VA"	"51023"	"2011"	"2011"	Suppressed	32928	Suppressed
	"Virginia"	"51"	"Botetourt County, VA"	"51023"	"2012"	"2012"	Suppressed	33154	Suppressed
	"Virginia"	"51"	"Botetourt County, VA"	"51023"	"2013"	"2013"	Suppressed	33002	Suppressed
	"Virginia"	"51"	"Botetourt County, VA"	"51023"	"2014"	"2014"	Suppressed	33100	Suppressed
	"Virginia"	"51"	"Brunswick County, VA"	"51025"	"2006"	"2006"	Suppressed	18011	Suppressed
	"Virginia"	"51"	"Brunswick County, VA"	"51025"	"2007"	"2007"	0	17823	Unreliable
	"Virginia"	"51"	"Brunswick County, VA"	"51025"	"2008"	"2008"	0	17791	Unreliable
	"Virginia"	"51"	"Brunswick County, VA"	"51025"	"2009"	"2009"	0	17507	Unreliable
	"Virginia"	"51"	"Brunswick County, VA"	"51025"	"2010"	"2010"	Suppressed	17434	Suppressed
	"Virginia"	"51"	"Brunswick County, VA"	"51025"	"2011"	"2011"	0	17204	Unreliable
	"Virginia"	"51"	"Brunswick County, VA"	"51025"	"2012"	"2012"	0	17010	Unreliable
	"Virginia"	"51"	"Brunswick County, VA"	"51025"	"2013"	"2013"	0	16973	Unreliable
	"Virginia"	"51"	"Brunswick County, VA"	"51025"	"2014"	"2014"	0	16498	Unreliable
	"Virginia"	"51"	"Buchanan County, VA"	"51027"	"2006"	"2006"	Suppressed	25009	Suppressed
	"Virginia"	"51"	"Buchanan County, VA"	"51027"	"2007"	"2007"	Suppressed	24670	Suppressed
	"Virginia"	"51"	"Buchanan County, VA"	"51027"	"2008"	"2008"	14	24371	Unreliable
	"Virginia"	"51"	"Buchanan County, VA"	"51027"	"2009"	"2009"	Suppressed	24234	Suppressed
	"Virginia"	"51"	"Buchanan County, VA"	"51027"	"2010"	"2010"	Suppressed	24098	Suppressed
	"Virginia"	"51"	"Buchanan County, VA"	"51027"	"2011"	"2011"	10	23581	Unreliable
	"Virginia"	"51"	"Buchanan County, VA"	"51027"	"2012"	"2012"	13	23859	Unreliable
	"Virginia"	"51"	"Buchanan County, VA"	"51027"	"2013"	"2013"	Suppressed	23597	Suppressed
	"Virginia"	"51"	"Buchanan County, VA"	"51027"	"2014"	"2014"	Suppressed	23106	Suppressed
	"Virginia"	"51"	"Buckingham County, VA"	"51029"	"2006"	"2006"	0	16547	Unreliable
	"Virginia"	"51"	"Buckingham County, VA"	"51029"	"2007"	"2007"	Suppressed	16737	Suppressed
	"Virginia"	"51"	"Buckingham County, VA"	"51029"	"2008"	"2008"	0	16819	Unreliable
	"Virginia"	"51"	"Buckingham County, VA"	"51029"	"2009"	"2009"	Suppressed	17148	Suppressed
	"Virginia"	"51"	"Buckingham County, VA"	"51029"	"2010"	"2010"	0	17146	Unreliable
	"Virginia"	"51"	"Buckingham County, VA"	"51029"	"2011"	"2011"	0	17278	Unreliable
	"Virginia"	"51"	"Buckingham County, VA"	"51029"	"2012"	"2012"	0	17088	Unreliable
	"Virginia"	"51"	"Buckingham County, VA"	"51029"	"2013"	"2013"	Suppressed	17136	Suppressed
	"Virginia"	"51"	"Buckingham County, VA"	"51029"	"2014"	"2014"	0	16913	Unreliable
	"Virginia"	"51"	"Campbell County, VA"	"51031"	"2006"	"2006"	Suppressed	53475	Suppressed
	"Virginia"	"51"	"Campbell County, VA"	"51031"	"2007"	"2007"	Suppressed	53769	Suppressed
	"Virginia"	"51"	"Campbell County, VA"	"51031"	"2008"	"2008"	Suppressed	54232	Suppressed
	"Virginia"	"51"	"Campbell County, VA"	"51031"	"2009"	"2009"	Suppressed	54472	Suppressed
	"Virginia"	"51"	"Campbell County, VA"	"51031"	"2010"	"2010"	Suppressed	54842	Suppressed
	"Virginia"	"51"	"Campbell County, VA"	"51031"	"2011"	"2011"	Suppressed	55032	Suppressed
	"Virginia"	"51"	"Campbell County, VA"	"51031"	"2012"	"2012"	Suppressed	55163	Suppressed
	"Virginia"	"51"	"Campbell County, VA"	"51031"	"2013"	"2013"	Suppressed	55235	Suppressed
	"Virginia"	"51"	"Campbell County, VA"	"51031"	"2014"	"2014"	Suppressed	54885	Suppressed
	"Virginia"	"51"	"Caroline County, VA"	"51033"	"2006"	"2006"	Suppressed	26722	Suppressed
	"Virginia"	"51"	"Caroline County, VA"	"51033"	"2007"	"2007"	Suppressed	27592	Suppressed
	"Virginia"	"51"	"Caroline County, VA"	"51033"	"2008"	"2008"	Suppressed	28011	Suppressed
	"Virginia"	"51"	"Caroline County, VA"	"51033"	"2009"	"2009"	Suppressed	28263	Suppressed
	"Virginia"	"51"	"Caroline County, VA"	"51033"	"2010"	"2010"	0	28545	Unreliable
	"Virginia"	"51"	"Caroline County, VA"	"51033"	"2011"	"2011"	Suppressed	28674	Suppressed
	"Virginia"	"51"	"Caroline County, VA"	"51033"	"2012"	"2012"	Suppressed	28972	Suppressed
	"Virginia"	"51"	"Caroline County, VA"	"51033"	"2013"	"2013"	Suppressed	29298	Suppressed
	"Virginia"	"51"	"Caroline County, VA"	"51033"	"2014"	"2014"	Suppressed	29778	Suppressed
	"Virginia"	"51"	"Carroll County, VA"	"51035"	"2006"	"2006"	Suppressed	29894	Suppressed
	"Virginia"	"51"	"Carroll County, VA"	"51035"	"2007"	"2007"	Suppressed	29933	Suppressed
	"Virginia"	"51"	"Carroll County, VA"	"51035"	"2008"	"2008"	Suppressed	30067	Suppressed
	"Virginia"	"51"	"Carroll County, VA"	"51035"	"2009"	"2009"	Suppressed	30002	Suppressed
	"Virginia"	"51"	"Carroll County, VA"	"51035"	"2010"	"2010"	Suppressed	30042	Suppressed
	"Virginia"	"51"	"Carroll County, VA"	"51035"	"2011"	"2011"	Suppressed	29981	Suppressed
	"Virginia"	"51"	"Carroll County, VA"	"51035"	"2012"	"2012"	Suppressed	29851	Suppressed
	"Virginia"	"51"	"Carroll County, VA"	"51035"	"2013"	"2013"	0	29883	Unreliable
	"Virginia"	"51"	"Carroll County, VA"	"51035"	"2014"	"2014"	11	29621	Unreliable
	"Virginia"	"51"	"Charles City County, VA"	"51036"	"2006"	"2006"	0	7156	Unreliable
	"Virginia"	"51"	"Charles City County, VA"	"51036"	"2007"	"2007"	0	7148	Unreliable
	"Virginia"	"51"	"Charles City County, VA"	"51036"	"2008"	"2008"	Suppressed	7232	Suppressed
	"Virginia"	"51"	"Charles City County, VA"	"51036"	"2009"	"2009"	Suppressed	7216	Suppressed
	"Virginia"	"51"	"Charles City County, VA"	"51036"	"2010"	"2010"	0	7256	Unreliable
	"Virginia"	"51"	"Charles City County, VA"	"51036"	"2011"	"2011"	Suppressed	7241	Suppressed
	"Virginia"	"51"	"Charles City County, VA"	"51036"	"2012"	"2012"	Suppressed	7157	Suppressed
	"Virginia"	"51"	"Charles City County, VA"	"51036"	"2013"	"2013"	Suppressed	7130	Suppressed
	"Virginia"	"51"	"Charles City County, VA"	"51036"	"2014"	"2014"	0	7023	Unreliable
	"Virginia"	"51"	"Charlotte County, VA"	"51037"	"2006"	"2006"	0	12731	Unreliable
	"Virginia"	"51"	"Charlotte County, VA"	"51037"	"2007"	"2007"	0	12680	Unreliable
	"Virginia"	"51"	"Charlotte County, VA"	"51037"	"2008"	"2008"	Suppressed	12654	Suppressed
	"Virginia"	"51"	"Charlotte County, VA"	"51037"	"2009"	"2009"	Suppressed	12588	Suppressed
	"Virginia"	"51"	"Charlotte County, VA"	"51037"	"2010"	"2010"	Suppressed	12586	Suppressed
	"Virginia"	"51"	"Charlotte County, VA"	"51037"	"2011"	"2011"	Suppressed	12505	Suppressed
	"Virginia"	"51"	"Charlotte County, VA"	"51037"	"2012"	"2012"	Suppressed	12404	Suppressed
	"Virginia"	"51"	"Charlotte County, VA"	"51037"	"2013"	"2013"	Suppressed	12305	Suppressed
	"Virginia"	"51"	"Charlotte County, VA"	"51037"	"2014"	"2014"	0	12225	Unreliable
	"Virginia"	"51"	"Chesterfield County, VA"	"51041"	"2006"	"2006"	20	298496	6.7
	"Virginia"	"51"	"Chesterfield County, VA"	"51041"	"2007"	"2007"	20	304636	6.6
	"Virginia"	"51"	"Chesterfield County, VA"	"51041"	"2008"	"2008"	33	309837	10.7
	"Virginia"	"51"	"Chesterfield County, VA"	"51041"	"2009"	"2009"	23	313096	7.3
	"Virginia"	"51"	"Chesterfield County, VA"	"51041"	"2010"	"2010"	23	316236	7.3
	"Virginia"	"51"	"Chesterfield County, VA"	"51041"	"2011"	"2011"	31	320277	9.7
	"Virginia"	"51"	"Chesterfield County, VA"	"51041"	"2012"	"2012"	22	323856	6.8
	"Virginia"	"51"	"Chesterfield County, VA"	"51041"	"2013"	"2013"	33	327745	10.1
	"Virginia"	"51"	"Chesterfield County, VA"	"51041"	"2014"	"2014"	29	332499	8.7
	"Virginia"	"51"	"Clarke County, VA"	"51043"	"2006"	"2006"	Suppressed	13939	Suppressed
	"Virginia"	"51"	"Clarke County, VA"	"51043"	"2007"	"2007"	Suppressed	13969	Suppressed
	"Virginia"	"51"	"Clarke County, VA"	"51043"	"2008"	"2008"	0	14092	Unreliable
	"Virginia"	"51"	"Clarke County, VA"	"51043"	"2009"	"2009"	0	14015	Unreliable
	"Virginia"	"51"	"Clarke County, VA"	"51043"	"2010"	"2010"	Suppressed	14034	Suppressed
	"Virginia"	"51"	"Clarke County, VA"	"51043"	"2011"	"2011"	Suppressed	14258	Suppressed
	"Virginia"	"51"	"Clarke County, VA"	"51043"	"2012"	"2012"	Suppressed	14323	Suppressed
	"Virginia"	"51"	"Clarke County, VA"	"51043"	"2013"	"2013"	0	14348	Unreliable
	"Virginia"	"51"	"Clarke County, VA"	"51043"	"2014"	"2014"	Suppressed	14423	Suppressed
	"Virginia"	"51"	"Craig County, VA"	"51045"	"2006"	"2006"	0	5158	Unreliable
	"Virginia"	"51"	"Craig County, VA"	"51045"	"2007"	"2007"	0	5212	Unreliable
	"Virginia"	"51"	"Craig County, VA"	"51045"	"2008"	"2008"	Suppressed	5167	Suppressed
	"Virginia"	"51"	"Craig County, VA"	"51045"	"2009"	"2009"	Suppressed	5120	Suppressed
	"Virginia"	"51"	"Craig County, VA"	"51045"	"2010"	"2010"	Suppressed	5190	Suppressed
	"Virginia"	"51"	"Craig County, VA"	"51045"	"2011"	"2011"	0	5099	Unreliable
	"Virginia"	"51"	"Craig County, VA"	"51045"	"2012"	"2012"	0	5213	Unreliable
	"Virginia"	"51"	"Craig County, VA"	"51045"	"2013"	"2013"	0	5210	Unreliable
	"Virginia"	"51"	"Craig County, VA"	"51045"	"2014"	"2014"	0	5234	Unreliable
	"Virginia"	"51"	"Culpeper County, VA"	"51047"	"2006"	"2006"	Suppressed	44076	Suppressed
	"Virginia"	"51"	"Culpeper County, VA"	"51047"	"2007"	"2007"	Suppressed	45527	Suppressed
	"Virginia"	"51"	"Culpeper County, VA"	"51047"	"2008"	"2008"	Suppressed	46056	Suppressed
	"Virginia"	"51"	"Culpeper County, VA"	"51047"	"2009"	"2009"	Suppressed	46236	Suppressed
	"Virginia"	"51"	"Culpeper County, VA"	"51047"	"2010"	"2010"	Suppressed	46689	Suppressed
	"Virginia"	"51"	"Culpeper County, VA"	"51047"	"2011"	"2011"	Suppressed	47476	Suppressed
	"Virginia"	"51"	"Culpeper County, VA"	"51047"	"2012"	"2012"	Suppressed	47911	Suppressed
	"Virginia"	"51"	"Culpeper County, VA"	"51047"	"2013"	"2013"	15	48506	Unreliable
	"Virginia"	"51"	"Culpeper County, VA"	"51047"	"2014"	"2014"	14	49166	Unreliable
	"Virginia"	"51"	"Cumberland County, VA"	"51049"	"2006"	"2006"	Suppressed	9596	Suppressed
	"Virginia"	"51"	"Cumberland County, VA"	"51049"	"2007"	"2007"	Suppressed	9762	Suppressed
	"Virginia"	"51"	"Cumberland County, VA"	"51049"	"2008"	"2008"	0	9849	Unreliable
	"Virginia"	"51"	"Cumberland County, VA"	"51049"	"2009"	"2009"	0	10013	Unreliable
	"Virginia"	"51"	"Cumberland County, VA"	"51049"	"2010"	"2010"	Suppressed	10052	Suppressed
	"Virginia"	"51"	"Cumberland County, VA"	"51049"	"2011"	"2011"	0	9969	Unreliable
	"Virginia"	"51"	"Cumberland County, VA"	"51049"	"2012"	"2012"	Suppressed	9849	Suppressed
	"Virginia"	"51"	"Cumberland County, VA"	"51049"	"2013"	"2013"	Suppressed	9841	Suppressed
	"Virginia"	"51"	"Cumberland County, VA"	"51049"	"2014"	"2014"	0	9827	Unreliable
	"Virginia"	"51"	"Dickenson County, VA"	"51051"	"2006"	"2006"	Suppressed	15958	Suppressed
	"Virginia"	"51"	"Dickenson County, VA"	"51051"	"2007"	"2007"	12	15971	Unreliable
	"Virginia"	"51"	"Dickenson County, VA"	"51051"	"2008"	"2008"	10	16078	Unreliable
	"Virginia"	"51"	"Dickenson County, VA"	"51051"	"2009"	"2009"	Suppressed	15925	Suppressed
	"Virginia"	"51"	"Dickenson County, VA"	"51051"	"2010"	"2010"	Suppressed	15903	Suppressed
	"Virginia"	"51"	"Dickenson County, VA"	"51051"	"2011"	"2011"	10	15741	Unreliable
	"Virginia"	"51"	"Dickenson County, VA"	"51051"	"2012"	"2012"	Suppressed	15690	Suppressed
	"Virginia"	"51"	"Dickenson County, VA"	"51051"	"2013"	"2013"	Suppressed	15486	Suppressed
	"Virginia"	"51"	"Dickenson County, VA"	"51051"	"2014"	"2014"	Suppressed	15308	Suppressed
	"Virginia"	"51"	"Dinwiddie County, VA"	"51053"	"2006"	"2006"	0	26590	Unreliable
	"Virginia"	"51"	"Dinwiddie County, VA"	"51053"	"2007"	"2007"	0	27078	Unreliable
	"Virginia"	"51"	"Dinwiddie County, VA"	"51053"	"2008"	"2008"	Suppressed	27694	Suppressed
	"Virginia"	"51"	"Dinwiddie County, VA"	"51053"	"2009"	"2009"	0	27888	Unreliable
	"Virginia"	"51"	"Dinwiddie County, VA"	"51053"	"2010"	"2010"	Suppressed	28001	Suppressed
	"Virginia"	"51"	"Dinwiddie County, VA"	"51053"	"2011"	"2011"	Suppressed	27918	Suppressed
	"Virginia"	"51"	"Dinwiddie County, VA"	"51053"	"2012"	"2012"	Suppressed	27994	Suppressed
	"Virginia"	"51"	"Dinwiddie County, VA"	"51053"	"2013"	"2013"	Suppressed	27904	Suppressed
	"Virginia"	"51"	"Dinwiddie County, VA"	"51053"	"2014"	"2014"	Suppressed	27859	Suppressed
	"Virginia"	"51"	"Essex County, VA"	"51057"	"2006"	"2006"	Suppressed	10576	Suppressed
	"Virginia"	"51"	"Essex County, VA"	"51057"	"2007"	"2007"	Suppressed	10739	Suppressed
	"Virginia"	"51"	"Essex County, VA"	"51057"	"2008"	"2008"	0	10920	Unreliable
	"Virginia"	"51"	"Essex County, VA"	"51057"	"2009"	"2009"	Suppressed	11104	Suppressed
	"Virginia"	"51"	"Essex County, VA"	"51057"	"2010"	"2010"	Suppressed	11151	Suppressed
	"Virginia"	"51"	"Essex County, VA"	"51057"	"2011"	"2011"	Suppressed	11205	Suppressed
	"Virginia"	"51"	"Essex County, VA"	"51057"	"2012"	"2012"	0	11233	Unreliable
	"Virginia"	"51"	"Essex County, VA"	"51057"	"2013"	"2013"	Suppressed	11229	Suppressed
	"Virginia"	"51"	"Essex County, VA"	"51057"	"2014"	"2014"	0	11103	Unreliable
	"Virginia"	"51"	"Fairfax County, VA"	"51059"	"2006"	"2006"	46	1018981	4.5
	"Virginia"	"51"	"Fairfax County, VA"	"51059"	"2007"	"2007"	64	1027727	6.2
	"Virginia"	"51"	"Fairfax County, VA"	"51059"	"2008"	"2008"	51	1044178	4.9
	"Virginia"	"51"	"Fairfax County, VA"	"51059"	"2009"	"2009"	41	1065142	3.8
	"Virginia"	"51"	"Fairfax County, VA"	"51059"	"2010"	"2010"	38	1081726	3.5
	"Virginia"	"51"	"Fairfax County, VA"	"51059"	"2011"	"2011"	52	1100692	4.7
	"Virginia"	"51"	"Fairfax County, VA"	"51059"	"2012"	"2012"	59	1118602	5.3
	"Virginia"	"51"	"Fairfax County, VA"	"51059"	"2013"	"2013"	55	1130924	4.9
	"Virginia"	"51"	"Fairfax County, VA"	"51059"	"2014"	"2014"	75	1137538	6.6
	"Virginia"	"51"	"Fauquier County, VA"	"51061"	"2006"	"2006"	Suppressed	63761	Suppressed
	"Virginia"	"51"	"Fauquier County, VA"	"51061"	"2007"	"2007"	13	64122	Unreliable
	"Virginia"	"51"	"Fauquier County, VA"	"51061"	"2008"	"2008"	10	64558	Unreliable
	"Virginia"	"51"	"Fauquier County, VA"	"51061"	"2009"	"2009"	Suppressed	64907	Suppressed
	"Virginia"	"51"	"Fauquier County, VA"	"51061"	"2010"	"2010"	Suppressed	65203	Suppressed
	"Virginia"	"51"	"Fauquier County, VA"	"51061"	"2011"	"2011"	15	66071	Unreliable
	"Virginia"	"51"	"Fauquier County, VA"	"51061"	"2012"	"2012"	Suppressed	66542	Suppressed
	"Virginia"	"51"	"Fauquier County, VA"	"51061"	"2013"	"2013"	Suppressed	67207	Suppressed
	"Virginia"	"51"	"Fauquier County, VA"	"51061"	"2014"	"2014"	Suppressed	68248	Suppressed
	"Virginia"	"51"	"Floyd County, VA"	"51063"	"2006"	"2006"	Suppressed	14762	Suppressed
	"Virginia"	"51"	"Floyd County, VA"	"51063"	"2007"	"2007"	Suppressed	14823	Suppressed
	"Virginia"	"51"	"Floyd County, VA"	"51063"	"2008"	"2008"	Suppressed	15101	Suppressed
	"Virginia"	"51"	"Floyd County, VA"	"51063"	"2009"	"2009"	Suppressed	15150	Suppressed
	"Virginia"	"51"	"Floyd County, VA"	"51063"	"2010"	"2010"	Suppressed	15279	Suppressed
	"Virginia"	"51"	"Floyd County, VA"	"51063"	"2011"	"2011"	Suppressed	15378	Suppressed
	"Virginia"	"51"	"Floyd County, VA"	"51063"	"2012"	"2012"	Suppressed	15390	Suppressed
	"Virginia"	"51"	"Floyd County, VA"	"51063"	"2013"	"2013"	Suppressed	15528	Suppressed
	"Virginia"	"51"	"Floyd County, VA"	"51063"	"2014"	"2014"	Suppressed	15578	Suppressed
	"Virginia"	"51"	"Fluvanna County, VA"	"51065"	"2006"	"2006"	0	24638	Unreliable
	"Virginia"	"51"	"Fluvanna County, VA"	"51065"	"2007"	"2007"	Suppressed	25134	Suppressed
	"Virginia"	"51"	"Fluvanna County, VA"	"51065"	"2008"	"2008"	0	25461	Unreliable
	"Virginia"	"51"	"Fluvanna County, VA"	"51065"	"2009"	"2009"	Suppressed	25576	Suppressed
	"Virginia"	"51"	"Fluvanna County, VA"	"51065"	"2010"	"2010"	Suppressed	25691	Suppressed
	"Virginia"	"51"	"Fluvanna County, VA"	"51065"	"2011"	"2011"	Suppressed	26061	Suppressed
	"Virginia"	"51"	"Fluvanna County, VA"	"51065"	"2012"	"2012"	0	25967	Unreliable
	"Virginia"	"51"	"Fluvanna County, VA"	"51065"	"2013"	"2013"	Suppressed	25977	Suppressed
	"Virginia"	"51"	"Fluvanna County, VA"	"51065"	"2014"	"2014"	Suppressed	26092	Suppressed
	"Virginia"	"51"	"Franklin County, VA"	"51067"	"2006"	"2006"	Suppressed	53037	Suppressed
	"Virginia"	"51"	"Franklin County, VA"	"51067"	"2007"	"2007"	Suppressed	54447	Suppressed
	"Virginia"	"51"	"Franklin County, VA"	"51067"	"2008"	"2008"	11	55284	Unreliable
	"Virginia"	"51"	"Franklin County, VA"	"51067"	"2009"	"2009"	Suppressed	55732	Suppressed
	"Virginia"	"51"	"Franklin County, VA"	"51067"	"2010"	"2010"	Suppressed	56159	Suppressed
	"Virginia"	"51"	"Franklin County, VA"	"51067"	"2011"	"2011"	13	56419	Unreliable
	"Virginia"	"51"	"Franklin County, VA"	"51067"	"2012"	"2012"	13	56411	Unreliable
	"Virginia"	"51"	"Franklin County, VA"	"51067"	"2013"	"2013"	Suppressed	56335	Suppressed
	"Virginia"	"51"	"Franklin County, VA"	"51067"	"2014"	"2014"	Suppressed	56358	Suppressed
	"Virginia"	"51"	"Frederick County, VA"	"51069"	"2006"	"2006"	Suppressed	72456	Suppressed
	"Virginia"	"51"	"Frederick County, VA"	"51069"	"2007"	"2007"	Suppressed	74670	Suppressed
	"Virginia"	"51"	"Frederick County, VA"	"51069"	"2008"	"2008"	Suppressed	76060	Suppressed
	"Virginia"	"51"	"Frederick County, VA"	"51069"	"2009"	"2009"	Suppressed	77477	Suppressed
	"Virginia"	"51"	"Frederick County, VA"	"51069"	"2010"	"2010"	Suppressed	78305	Suppressed
	"Virginia"	"51"	"Frederick County, VA"	"51069"	"2011"	"2011"	10	79666	Unreliable
	"Virginia"	"51"	"Frederick County, VA"	"51069"	"2012"	"2012"	Suppressed	80317	Suppressed
	"Virginia"	"51"	"Frederick County, VA"	"51069"	"2013"	"2013"	14	81319	Unreliable
	"Virginia"	"51"	"Frederick County, VA"	"51069"	"2014"	"2014"	20	82377	24.3
	"Virginia"	"51"	"Giles County, VA"	"51071"	"2006"	"2006"	Suppressed	17161	Suppressed
	"Virginia"	"51"	"Giles County, VA"	"51071"	"2007"	"2007"	Suppressed	17138	Suppressed
	"Virginia"	"51"	"Giles County, VA"	"51071"	"2008"	"2008"	Suppressed	17168	Suppressed
	"Virginia"	"51"	"Giles County, VA"	"51071"	"2009"	"2009"	Suppressed	17264	Suppressed
	"Virginia"	"51"	"Giles County, VA"	"51071"	"2010"	"2010"	Suppressed	17286	Suppressed
	"Virginia"	"51"	"Giles County, VA"	"51071"	"2011"	"2011"	Suppressed	17124	Suppressed
	"Virginia"	"51"	"Giles County, VA"	"51071"	"2012"	"2012"	Suppressed	16928	Suppressed
	"Virginia"	"51"	"Giles County, VA"	"51071"	"2013"	"2013"	Suppressed	16925	Suppressed
	"Virginia"	"51"	"Giles County, VA"	"51071"	"2014"	"2014"	Suppressed	16815	Suppressed
	"Virginia"	"51"	"Gloucester County, VA"	"51073"	"2006"	"2006"	Suppressed	36220	Suppressed
	"Virginia"	"51"	"Gloucester County, VA"	"51073"	"2007"	"2007"	Suppressed	36466	Suppressed
	"Virginia"	"51"	"Gloucester County, VA"	"51073"	"2008"	"2008"	Suppressed	36638	Suppressed
	"Virginia"	"51"	"Gloucester County, VA"	"51073"	"2009"	"2009"	Suppressed	36778	Suppressed
	"Virginia"	"51"	"Gloucester County, VA"	"51073"	"2010"	"2010"	Suppressed	36858	Suppressed
	"Virginia"	"51"	"Gloucester County, VA"	"51073"	"2011"	"2011"	Suppressed	36901	Suppressed
	"Virginia"	"51"	"Gloucester County, VA"	"51073"	"2012"	"2012"	Suppressed	36886	Suppressed
	"Virginia"	"51"	"Gloucester County, VA"	"51073"	"2013"	"2013"	Suppressed	36834	Suppressed
	"Virginia"	"51"	"Gloucester County, VA"	"51073"	"2014"	"2014"	Suppressed	37141	Suppressed
	"Virginia"	"51"	"Goochland County, VA"	"51075"	"2006"	"2006"	Suppressed	20176	Suppressed
	"Virginia"	"51"	"Goochland County, VA"	"51075"	"2007"	"2007"	0	20869	Unreliable
	"Virginia"	"51"	"Goochland County, VA"	"51075"	"2008"	"2008"	Suppressed	21285	Suppressed
	"Virginia"	"51"	"Goochland County, VA"	"51075"	"2009"	"2009"	Suppressed	21604	Suppressed
	"Virginia"	"51"	"Goochland County, VA"	"51075"	"2010"	"2010"	Suppressed	21717	Suppressed
	"Virginia"	"51"	"Goochland County, VA"	"51075"	"2011"	"2011"	Suppressed	21883	Suppressed
	"Virginia"	"51"	"Goochland County, VA"	"51075"	"2012"	"2012"	Suppressed	21347	Suppressed
	"Virginia"	"51"	"Goochland County, VA"	"51075"	"2013"	"2013"	Suppressed	21626	Suppressed
	"Virginia"	"51"	"Goochland County, VA"	"51075"	"2014"	"2014"	Suppressed	21936	Suppressed
	"Virginia"	"51"	"Grayson County, VA"	"51077"	"2006"	"2006"	0	16096	Unreliable
	"Virginia"	"51"	"Grayson County, VA"	"51077"	"2007"	"2007"	Suppressed	16066	Suppressed
	"Virginia"	"51"	"Grayson County, VA"	"51077"	"2008"	"2008"	Suppressed	15938	Suppressed
	"Virginia"	"51"	"Grayson County, VA"	"51077"	"2009"	"2009"	0	15696	Unreliable
	"Virginia"	"51"	"Grayson County, VA"	"51077"	"2010"	"2010"	Suppressed	15533	Suppressed
	"Virginia"	"51"	"Grayson County, VA"	"51077"	"2011"	"2011"	Suppressed	15328	Suppressed
	"Virginia"	"51"	"Grayson County, VA"	"51077"	"2012"	"2012"	Suppressed	15183	Suppressed
	"Virginia"	"51"	"Grayson County, VA"	"51077"	"2013"	"2013"	Suppressed	15161	Suppressed
	"Virginia"	"51"	"Grayson County, VA"	"51077"	"2014"	"2014"	0	15093	Unreliable
	"Virginia"	"51"	"Greene County, VA"	"51079"	"2006"	"2006"	Suppressed	17607	Suppressed
	"Virginia"	"51"	"Greene County, VA"	"51079"	"2007"	"2007"	Suppressed	17972	Suppressed
	"Virginia"	"51"	"Greene County, VA"	"51079"	"2008"	"2008"	0	18131	Unreliable
	"Virginia"	"51"	"Greene County, VA"	"51079"	"2009"	"2009"	0	18237	Unreliable
	"Virginia"	"51"	"Greene County, VA"	"51079"	"2010"	"2010"	Suppressed	18403	Suppressed
	"Virginia"	"51"	"Greene County, VA"	"51079"	"2011"	"2011"	Suppressed	18660	Suppressed
	"Virginia"	"51"	"Greene County, VA"	"51079"	"2012"	"2012"	Suppressed	18771	Suppressed
	"Virginia"	"51"	"Greene County, VA"	"51079"	"2013"	"2013"	0	18804	Unreliable
	"Virginia"	"51"	"Greene County, VA"	"51079"	"2014"	"2014"	0	19031	Unreliable
	"Virginia"	"51"	"Greensville County, VA"	"51081"	"2006"	"2006"	0	12048	Unreliable
	"Virginia"	"51"	"Greensville County, VA"	"51081"	"2007"	"2007"	0	12147	Unreliable
	"Virginia"	"51"	"Greensville County, VA"	"51081"	"2008"	"2008"	0	12206	Unreliable
	"Virginia"	"51"	"Greensville County, VA"	"51081"	"2009"	"2009"	0	12272	Unreliable
	"Virginia"	"51"	"Greensville County, VA"	"51081"	"2010"	"2010"	Suppressed	12243	Suppressed
	"Virginia"	"51"	"Greensville County, VA"	"51081"	"2011"	"2011"	0	12112	Unreliable
	"Virginia"	"51"	"Greensville County, VA"	"51081"	"2012"	"2012"	0	11851	Unreliable
	"Virginia"	"51"	"Greensville County, VA"	"51081"	"2013"	"2013"	Suppressed	11886	Suppressed
	"Virginia"	"51"	"Greensville County, VA"	"51081"	"2014"	"2014"	Suppressed	11681	Suppressed
	"Virginia"	"51"	"Halifax County, VA"	"51083"	"2006"	"2006"	Suppressed	36383	Suppressed
	"Virginia"	"51"	"Halifax County, VA"	"51083"	"2007"	"2007"	Suppressed	36338	Suppressed
	"Virginia"	"51"	"Halifax County, VA"	"51083"	"2008"	"2008"	Suppressed	36347	Suppressed
	"Virginia"	"51"	"Halifax County, VA"	"51083"	"2009"	"2009"	Suppressed	36293	Suppressed
	"Virginia"	"51"	"Halifax County, VA"	"51083"	"2010"	"2010"	Suppressed	36241	Suppressed
	"Virginia"	"51"	"Halifax County, VA"	"51083"	"2011"	"2011"	Suppressed	36056	Suppressed
	"Virginia"	"51"	"Halifax County, VA"	"51083"	"2012"	"2012"	Suppressed	35849	Suppressed
	"Virginia"	"51"	"Halifax County, VA"	"51083"	"2013"	"2013"	Suppressed	35401	Suppressed
	"Virginia"	"51"	"Halifax County, VA"	"51083"	"2014"	"2014"	0	35200	Unreliable
	"Virginia"	"51"	"Hanover County, VA"	"51085"	"2006"	"2006"	Suppressed	98025	Suppressed
	"Virginia"	"51"	"Hanover County, VA"	"51085"	"2007"	"2007"	Suppressed	98830	Suppressed
	"Virginia"	"51"	"Hanover County, VA"	"51085"	"2008"	"2008"	Suppressed	99404	Suppressed
	"Virginia"	"51"	"Hanover County, VA"	"51085"	"2009"	"2009"	Suppressed	99651	Suppressed
	"Virginia"	"51"	"Hanover County, VA"	"51085"	"2010"	"2010"	Suppressed	99863	Suppressed
	"Virginia"	"51"	"Hanover County, VA"	"51085"	"2011"	"2011"	Suppressed	100342	Suppressed
	"Virginia"	"51"	"Hanover County, VA"	"51085"	"2012"	"2012"	Suppressed	100668	Suppressed
	"Virginia"	"51"	"Hanover County, VA"	"51085"	"2013"	"2013"	12	101330	Unreliable
	"Virginia"	"51"	"Hanover County, VA"	"51085"	"2014"	"2014"	14	101918	Unreliable
	"Virginia"	"51"	"Henrico County, VA"	"51087"	"2006"	"2006"	13	291460	Unreliable
	"Virginia"	"51"	"Henrico County, VA"	"51087"	"2007"	"2007"	18	296408	Unreliable
	"Virginia"	"51"	"Henrico County, VA"	"51087"	"2008"	"2008"	29	300198	9.7
	"Virginia"	"51"	"Henrico County, VA"	"51087"	"2009"	"2009"	28	304763	9.2
	"Virginia"	"51"	"Henrico County, VA"	"51087"	"2010"	"2010"	24	306935	7.8
	"Virginia"	"51"	"Henrico County, VA"	"51087"	"2011"	"2011"	34	310445	11.0
	"Virginia"	"51"	"Henrico County, VA"	"51087"	"2012"	"2012"	24	314932	7.6
	"Virginia"	"51"	"Henrico County, VA"	"51087"	"2013"	"2013"	28	318611	8.8
	"Virginia"	"51"	"Henrico County, VA"	"51087"	"2014"	"2014"	35	321924	10.9
	"Virginia"	"51"	"Henry County, VA"	"51089"	"2006"	"2006"	13	55464	Unreliable
	"Virginia"	"51"	"Henry County, VA"	"51089"	"2007"	"2007"	Suppressed	55284	Suppressed
	"Virginia"	"51"	"Henry County, VA"	"51089"	"2008"	"2008"	23	55073	41.8
	"Virginia"	"51"	"Henry County, VA"	"51089"	"2009"	"2009"	16	54402	Unreliable
	"Virginia"	"51"	"Henry County, VA"	"51089"	"2010"	"2010"	Suppressed	54151	Suppressed
	"Virginia"	"51"	"Henry County, VA"	"51089"	"2011"	"2011"	12	53741	Unreliable
	"Virginia"	"51"	"Henry County, VA"	"51089"	"2012"	"2012"	13	52969	Unreliable
	"Virginia"	"51"	"Henry County, VA"	"51089"	"2013"	"2013"	13	52617	Unreliable
	"Virginia"	"51"	"Henry County, VA"	"51089"	"2014"	"2014"	11	52081	Unreliable
	"Virginia"	"51"	"Highland County, VA"	"51091"	"2006"	"2006"	Suppressed	2479	Suppressed
	"Virginia"	"51"	"Highland County, VA"	"51091"	"2007"	"2007"	0	2424	Unreliable
	"Virginia"	"51"	"Highland County, VA"	"51091"	"2008"	"2008"	0	2403	Unreliable
	"Virginia"	"51"	"Highland County, VA"	"51091"	"2009"	"2009"	0	2363	Unreliable
	"Virginia"	"51"	"Highland County, VA"	"51091"	"2010"	"2010"	Suppressed	2321	Suppressed
	"Virginia"	"51"	"Highland County, VA"	"51091"	"2011"	"2011"	0	2267	Unreliable
	"Virginia"	"51"	"Highland County, VA"	"51091"	"2012"	"2012"	0	2245	Unreliable
	"Virginia"	"51"	"Highland County, VA"	"51091"	"2013"	"2013"	0	2215	Unreliable
	"Virginia"	"51"	"Highland County, VA"	"51091"	"2014"	"2014"	0	2248	Unreliable
	"Virginia"	"51"	"Isle of Wight County, VA"	"51093"	"2006"	"2006"	Suppressed	33716	Suppressed
	"Virginia"	"51"	"Isle of Wight County, VA"	"51093"	"2007"	"2007"	Suppressed	34581	Suppressed
	"Virginia"	"51"	"Isle of Wight County, VA"	"51093"	"2008"	"2008"	0	34955	Unreliable
	"Virginia"	"51"	"Isle of Wight County, VA"	"51093"	"2009"	"2009"	Suppressed	35270	Suppressed
	"Virginia"	"51"	"Isle of Wight County, VA"	"51093"	"2010"	"2010"	Suppressed	35270	Suppressed
	"Virginia"	"51"	"Isle of Wight County, VA"	"51093"	"2011"	"2011"	Suppressed	35356	Suppressed
	"Virginia"	"51"	"Isle of Wight County, VA"	"51093"	"2012"	"2012"	0	35399	Unreliable
	"Virginia"	"51"	"Isle of Wight County, VA"	"51093"	"2013"	"2013"	Suppressed	35656	Suppressed
	"Virginia"	"51"	"Isle of Wight County, VA"	"51093"	"2014"	"2014"	Suppressed	36007	Suppressed
	"Virginia"	"51"	"James City County, VA"	"51095"	"2006"	"2006"	Suppressed	61133	Suppressed
	"Virginia"	"51"	"James City County, VA"	"51095"	"2007"	"2007"	Suppressed	63007	Suppressed
	"Virginia"	"51"	"James City County, VA"	"51095"	"2008"	"2008"	Suppressed	64436	Suppressed
	"Virginia"	"51"	"James City County, VA"	"51095"	"2009"	"2009"	Suppressed	66118	Suppressed
	"Virginia"	"51"	"James City County, VA"	"51095"	"2010"	"2010"	Suppressed	67009	Suppressed
	"Virginia"	"51"	"James City County, VA"	"51095"	"2011"	"2011"	Suppressed	68200	Suppressed
	"Virginia"	"51"	"James City County, VA"	"51095"	"2012"	"2012"	Suppressed	68967	Suppressed
	"Virginia"	"51"	"James City County, VA"	"51095"	"2013"	"2013"	Suppressed	70516	Suppressed
	"Virginia"	"51"	"James City County, VA"	"51095"	"2014"	"2014"	Suppressed	72583	Suppressed
	"Virginia"	"51"	"King and Queen County, VA"	"51097"	"2006"	"2006"	0	6915	Unreliable
	"Virginia"	"51"	"King and Queen County, VA"	"51097"	"2007"	"2007"	0	6948	Unreliable
	"Virginia"	"51"	"King and Queen County, VA"	"51097"	"2008"	"2008"	Suppressed	6916	Suppressed
	"Virginia"	"51"	"King and Queen County, VA"	"51097"	"2009"	"2009"	Suppressed	6893	Suppressed
	"Virginia"	"51"	"King and Queen County, VA"	"51097"	"2010"	"2010"	0	6945	Unreliable
	"Virginia"	"51"	"King and Queen County, VA"	"51097"	"2011"	"2011"	0	6997	Unreliable
	"Virginia"	"51"	"King and Queen County, VA"	"51097"	"2012"	"2012"	0	7046	Unreliable
	"Virginia"	"51"	"King and Queen County, VA"	"51097"	"2013"	"2013"	0	7130	Unreliable
	"Virginia"	"51"	"King and Queen County, VA"	"51097"	"2014"	"2014"	Suppressed	7175	Suppressed
	"Virginia"	"51"	"King George County, VA"	"51099"	"2006"	"2006"	Suppressed	21519	Suppressed
	"Virginia"	"51"	"King George County, VA"	"51099"	"2007"	"2007"	0	22444	Unreliable
	"Virginia"	"51"	"King George County, VA"	"51099"	"2008"	"2008"	Suppressed	22996	Suppressed
	"Virginia"	"51"	"King George County, VA"	"51099"	"2009"	"2009"	Suppressed	23335	Suppressed
	"Virginia"	"51"	"King George County, VA"	"51099"	"2010"	"2010"	0	23584	Unreliable
	"Virginia"	"51"	"King George County, VA"	"51099"	"2011"	"2011"	Suppressed	24161	Suppressed
	"Virginia"	"51"	"King George County, VA"	"51099"	"2012"	"2012"	Suppressed	24500	Suppressed
	"Virginia"	"51"	"King George County, VA"	"51099"	"2013"	"2013"	Suppressed	24926	Suppressed
	"Virginia"	"51"	"King George County, VA"	"51099"	"2014"	"2014"	Suppressed	25371	Suppressed
	"Virginia"	"51"	"King William County, VA"	"51101"	"2006"	"2006"	Suppressed	14874	Suppressed
	"Virginia"	"51"	"King William County, VA"	"51101"	"2007"	"2007"	Suppressed	15296	Suppressed
	"Virginia"	"51"	"King William County, VA"	"51101"	"2008"	"2008"	0	15604	Unreliable
	"Virginia"	"51"	"King William County, VA"	"51101"	"2009"	"2009"	Suppressed	15768	Suppressed
	"Virginia"	"51"	"King William County, VA"	"51101"	"2010"	"2010"	0	15935	Unreliable
	"Virginia"	"51"	"King William County, VA"	"51101"	"2011"	"2011"	Suppressed	15981	Suppressed
	"Virginia"	"51"	"King William County, VA"	"51101"	"2012"	"2012"	Suppressed	15981	Suppressed
	"Virginia"	"51"	"King William County, VA"	"51101"	"2013"	"2013"	Suppressed	16097	Suppressed
	"Virginia"	"51"	"King William County, VA"	"51101"	"2014"	"2014"	0	16186	Unreliable
	"Virginia"	"51"	"Lancaster County, VA"	"51103"	"2006"	"2006"	Suppressed	11551	Suppressed
	"Virginia"	"51"	"Lancaster County, VA"	"51103"	"2007"	"2007"	Suppressed	11573	Suppressed
	"Virginia"	"51"	"Lancaster County, VA"	"51103"	"2008"	"2008"	Suppressed	11481	Suppressed
	"Virginia"	"51"	"Lancaster County, VA"	"51103"	"2009"	"2009"	0	11403	Unreliable
	"Virginia"	"51"	"Lancaster County, VA"	"51103"	"2010"	"2010"	Suppressed	11391	Suppressed
	"Virginia"	"51"	"Lancaster County, VA"	"51103"	"2011"	"2011"	Suppressed	11282	Suppressed
	"Virginia"	"51"	"Lancaster County, VA"	"51103"	"2012"	"2012"	0	11236	Unreliable
	"Virginia"	"51"	"Lancaster County, VA"	"51103"	"2013"	"2013"	0	11148	Unreliable
	"Virginia"	"51"	"Lancaster County, VA"	"51103"	"2014"	"2014"	Suppressed	11044	Suppressed
	"Virginia"	"51"	"Lee County, VA"	"51105"	"2006"	"2006"	Suppressed	25228	Suppressed
	"Virginia"	"51"	"Lee County, VA"	"51105"	"2007"	"2007"	Suppressed	25322	Suppressed
	"Virginia"	"51"	"Lee County, VA"	"51105"	"2008"	"2008"	Suppressed	25463	Suppressed
	"Virginia"	"51"	"Lee County, VA"	"51105"	"2009"	"2009"	Suppressed	25578	Suppressed
	"Virginia"	"51"	"Lee County, VA"	"51105"	"2010"	"2010"	Suppressed	25587	Suppressed
	"Virginia"	"51"	"Lee County, VA"	"51105"	"2011"	"2011"	Suppressed	25146	Suppressed
	"Virginia"	"51"	"Lee County, VA"	"51105"	"2012"	"2012"	Suppressed	25474	Suppressed
	"Virginia"	"51"	"Lee County, VA"	"51105"	"2013"	"2013"	Suppressed	25185	Suppressed
	"Virginia"	"51"	"Lee County, VA"	"51105"	"2014"	"2014"	Suppressed	24951	Suppressed
	"Virginia"	"51"	"Loudoun County, VA"	"51107"	"2006"	"2006"	12	267194	Unreliable
	"Virginia"	"51"	"Loudoun County, VA"	"51107"	"2007"	"2007"	13	279704	Unreliable
	"Virginia"	"51"	"Loudoun County, VA"	"51107"	"2008"	"2008"	Suppressed	292570	Suppressed
	"Virginia"	"51"	"Loudoun County, VA"	"51107"	"2009"	"2009"	11	303661	Unreliable
	"Virginia"	"51"	"Loudoun County, VA"	"51107"	"2010"	"2010"	11	312311	Unreliable
	"Virginia"	"51"	"Loudoun County, VA"	"51107"	"2011"	"2011"	17	325405	Unreliable
	"Virginia"	"51"	"Loudoun County, VA"	"51107"	"2012"	"2012"	19	336898	Unreliable
	"Virginia"	"51"	"Loudoun County, VA"	"51107"	"2013"	"2013"	23	349679	6.6
	"Virginia"	"51"	"Loudoun County, VA"	"51107"	"2014"	"2014"	33	363050	9.1
	"Virginia"	"51"	"Louisa County, VA"	"51109"	"2006"	"2006"	Suppressed	30946	Suppressed
	"Virginia"	"51"	"Louisa County, VA"	"51109"	"2007"	"2007"	Suppressed	31716	Suppressed
	"Virginia"	"51"	"Louisa County, VA"	"51109"	"2008"	"2008"	Suppressed	32475	Suppressed
	"Virginia"	"51"	"Louisa County, VA"	"51109"	"2009"	"2009"	Suppressed	32840	Suppressed
	"Virginia"	"51"	"Louisa County, VA"	"51109"	"2010"	"2010"	Suppressed	33153	Suppressed
	"Virginia"	"51"	"Louisa County, VA"	"51109"	"2011"	"2011"	Suppressed	33395	Suppressed
	"Virginia"	"51"	"Louisa County, VA"	"51109"	"2012"	"2012"	Suppressed	33430	Suppressed
	"Virginia"	"51"	"Louisa County, VA"	"51109"	"2013"	"2013"	Suppressed	33945	Suppressed
	"Virginia"	"51"	"Louisa County, VA"	"51109"	"2014"	"2014"	Suppressed	34348	Suppressed
	"Virginia"	"51"	"Lunenburg County, VA"	"51111"	"2006"	"2006"	Suppressed	13070	Suppressed
	"Virginia"	"51"	"Lunenburg County, VA"	"51111"	"2007"	"2007"	0	13024	Unreliable
	"Virginia"	"51"	"Lunenburg County, VA"	"51111"	"2008"	"2008"	Suppressed	12936	Suppressed
	"Virginia"	"51"	"Lunenburg County, VA"	"51111"	"2009"	"2009"	0	12887	Unreliable
	"Virginia"	"51"	"Lunenburg County, VA"	"51111"	"2010"	"2010"	0	12914	Unreliable
	"Virginia"	"51"	"Lunenburg County, VA"	"51111"	"2011"	"2011"	0	12874	Unreliable
	"Virginia"	"51"	"Lunenburg County, VA"	"51111"	"2012"	"2012"	0	12588	Unreliable
	"Virginia"	"51"	"Lunenburg County, VA"	"51111"	"2013"	"2013"	Suppressed	12527	Suppressed
	"Virginia"	"51"	"Lunenburg County, VA"	"51111"	"2014"	"2014"	Suppressed	12466	Suppressed
	"Virginia"	"51"	"Madison County, VA"	"51113"	"2006"	"2006"	0	13291	Unreliable
	"Virginia"	"51"	"Madison County, VA"	"51113"	"2007"	"2007"	0	13429	Unreliable
	"Virginia"	"51"	"Madison County, VA"	"51113"	"2008"	"2008"	Suppressed	13332	Suppressed
	"Virginia"	"51"	"Madison County, VA"	"51113"	"2009"	"2009"	Suppressed	13358	Suppressed
	"Virginia"	"51"	"Madison County, VA"	"51113"	"2010"	"2010"	0	13308	Unreliable
	"Virginia"	"51"	"Madison County, VA"	"51113"	"2011"	"2011"	Suppressed	13169	Suppressed
	"Virginia"	"51"	"Madison County, VA"	"51113"	"2012"	"2012"	Suppressed	13200	Suppressed
	"Virginia"	"51"	"Madison County, VA"	"51113"	"2013"	"2013"	0	13200	Unreliable
	"Virginia"	"51"	"Madison County, VA"	"51113"	"2014"	"2014"	Suppressed	13157	Suppressed
	"Virginia"	"51"	"Mathews County, VA"	"51115"	"2006"	"2006"	0	8987	Unreliable
	"Virginia"	"51"	"Mathews County, VA"	"51115"	"2007"	"2007"	0	9026	Unreliable
	"Virginia"	"51"	"Mathews County, VA"	"51115"	"2008"	"2008"	0	9041	Unreliable
	"Virginia"	"51"	"Mathews County, VA"	"51115"	"2009"	"2009"	Suppressed	8997	Suppressed
	"Virginia"	"51"	"Mathews County, VA"	"51115"	"2010"	"2010"	0	8978	Unreliable
	"Virginia"	"51"	"Mathews County, VA"	"51115"	"2011"	"2011"	Suppressed	8962	Suppressed
	"Virginia"	"51"	"Mathews County, VA"	"51115"	"2012"	"2012"	0	8884	Unreliable
	"Virginia"	"51"	"Mathews County, VA"	"51115"	"2013"	"2013"	Suppressed	8897	Suppressed
	"Virginia"	"51"	"Mathews County, VA"	"51115"	"2014"	"2014"	Suppressed	8836	Suppressed
	"Virginia"	"51"	"Mecklenburg County, VA"	"51117"	"2006"	"2006"	Suppressed	32642	Suppressed
	"Virginia"	"51"	"Mecklenburg County, VA"	"51117"	"2007"	"2007"	Suppressed	32823	Suppressed
	"Virginia"	"51"	"Mecklenburg County, VA"	"51117"	"2008"	"2008"	Suppressed	32920	Suppressed
	"Virginia"	"51"	"Mecklenburg County, VA"	"51117"	"2009"	"2009"	Suppressed	32815	Suppressed
	"Virginia"	"51"	"Mecklenburg County, VA"	"51117"	"2010"	"2010"	Suppressed	32727	Suppressed
	"Virginia"	"51"	"Mecklenburg County, VA"	"51117"	"2011"	"2011"	Suppressed	32622	Suppressed
	"Virginia"	"51"	"Mecklenburg County, VA"	"51117"	"2012"	"2012"	0	31749	Unreliable
	"Virginia"	"51"	"Mecklenburg County, VA"	"51117"	"2013"	"2013"	Suppressed	31426	Suppressed
	"Virginia"	"51"	"Mecklenburg County, VA"	"51117"	"2014"	"2014"	Suppressed	31192	Suppressed
	"Virginia"	"51"	"Middlesex County, VA"	"51119"	"2006"	"2006"	Suppressed	10732	Suppressed
	"Virginia"	"51"	"Middlesex County, VA"	"51119"	"2007"	"2007"	0	10763	Unreliable
	"Virginia"	"51"	"Middlesex County, VA"	"51119"	"2008"	"2008"	Suppressed	10806	Suppressed
	"Virginia"	"51"	"Middlesex County, VA"	"51119"	"2009"	"2009"	0	10875	Unreliable
	"Virginia"	"51"	"Middlesex County, VA"	"51119"	"2010"	"2010"	0	10959	Unreliable
	"Virginia"	"51"	"Middlesex County, VA"	"51119"	"2011"	"2011"	Suppressed	10854	Suppressed
	"Virginia"	"51"	"Middlesex County, VA"	"51119"	"2012"	"2012"	0	10822	Unreliable
	"Virginia"	"51"	"Middlesex County, VA"	"51119"	"2013"	"2013"	0	10762	Unreliable
	"Virginia"	"51"	"Middlesex County, VA"	"51119"	"2014"	"2014"	Suppressed	10696	Suppressed
	"Virginia"	"51"	"Montgomery County, VA"	"51121"	"2006"	"2006"	Suppressed	90062	Suppressed
	"Virginia"	"51"	"Montgomery County, VA"	"51121"	"2007"	"2007"	12	91548	Unreliable
	"Virginia"	"51"	"Montgomery County, VA"	"51121"	"2008"	"2008"	11	92724	Unreliable
	"Virginia"	"51"	"Montgomery County, VA"	"51121"	"2009"	"2009"	12	93772	Unreliable
	"Virginia"	"51"	"Montgomery County, VA"	"51121"	"2010"	"2010"	Suppressed	94392	Suppressed
	"Virginia"	"51"	"Montgomery County, VA"	"51121"	"2011"	"2011"	13	94342	Unreliable
	"Virginia"	"51"	"Montgomery County, VA"	"51121"	"2012"	"2012"	Suppressed	95194	Suppressed
	"Virginia"	"51"	"Montgomery County, VA"	"51121"	"2013"	"2013"	Suppressed	96207	Suppressed
	"Virginia"	"51"	"Montgomery County, VA"	"51121"	"2014"	"2014"	10	97244	Unreliable
	"Virginia"	"51"	"Nelson County, VA"	"51125"	"2006"	"2006"	Suppressed	14809	Suppressed
	"Virginia"	"51"	"Nelson County, VA"	"51125"	"2007"	"2007"	0	14993	Unreliable
	"Virginia"	"51"	"Nelson County, VA"	"51125"	"2008"	"2008"	0	15050	Unreliable
	"Virginia"	"51"	"Nelson County, VA"	"51125"	"2009"	"2009"	Suppressed	15090	Suppressed
	"Virginia"	"51"	"Nelson County, VA"	"51125"	"2010"	"2010"	0	15020	Unreliable
	"Virginia"	"51"	"Nelson County, VA"	"51125"	"2011"	"2011"	Suppressed	15097	Suppressed
	"Virginia"	"51"	"Nelson County, VA"	"51125"	"2012"	"2012"	Suppressed	14827	Suppressed
	"Virginia"	"51"	"Nelson County, VA"	"51125"	"2013"	"2013"	Suppressed	14789	Suppressed
	"Virginia"	"51"	"Nelson County, VA"	"51125"	"2014"	"2014"	0	14850	Unreliable
	"Virginia"	"51"	"New Kent County, VA"	"51127"	"2006"	"2006"	0	16680	Unreliable
	"Virginia"	"51"	"New Kent County, VA"	"51127"	"2007"	"2007"	0	17254	Unreliable
	"Virginia"	"51"	"New Kent County, VA"	"51127"	"2008"	"2008"	Suppressed	17728	Suppressed
	"Virginia"	"51"	"New Kent County, VA"	"51127"	"2009"	"2009"	0	18057	Unreliable
	"Virginia"	"51"	"New Kent County, VA"	"51127"	"2010"	"2010"	Suppressed	18429	Suppressed
	"Virginia"	"51"	"New Kent County, VA"	"51127"	"2011"	"2011"	0	18822	Unreliable
	"Virginia"	"51"	"New Kent County, VA"	"51127"	"2012"	"2012"	0	19169	Unreliable
	"Virginia"	"51"	"New Kent County, VA"	"51127"	"2013"	"2013"	Suppressed	19507	Suppressed
	"Virginia"	"51"	"New Kent County, VA"	"51127"	"2014"	"2014"	Suppressed	20021	Suppressed
	"Virginia"	"51"	"Northampton County, VA"	"51131"	"2006"	"2006"	Suppressed	12776	Suppressed
	"Virginia"	"51"	"Northampton County, VA"	"51131"	"2007"	"2007"	0	12649	Unreliable
	"Virginia"	"51"	"Northampton County, VA"	"51131"	"2008"	"2008"	Suppressed	12586	Suppressed
	"Virginia"	"51"	"Northampton County, VA"	"51131"	"2009"	"2009"	0	12460	Unreliable
	"Virginia"	"51"	"Northampton County, VA"	"51131"	"2010"	"2010"	0	12389	Unreliable
	"Virginia"	"51"	"Northampton County, VA"	"51131"	"2011"	"2011"	0	12377	Unreliable
	"Virginia"	"51"	"Northampton County, VA"	"51131"	"2012"	"2012"	Suppressed	12226	Suppressed
	"Virginia"	"51"	"Northampton County, VA"	"51131"	"2013"	"2013"	Suppressed	12125	Suppressed
	"Virginia"	"51"	"Northampton County, VA"	"51131"	"2014"	"2014"	Suppressed	12121	Suppressed
	"Virginia"	"51"	"Northumberland County, VA"	"51133"	"2006"	"2006"	0	12430	Unreliable
	"Virginia"	"51"	"Northumberland County, VA"	"51133"	"2007"	"2007"	Suppressed	12466	Suppressed
	"Virginia"	"51"	"Northumberland County, VA"	"51133"	"2008"	"2008"	Suppressed	12496	Suppressed
	"Virginia"	"51"	"Northumberland County, VA"	"51133"	"2009"	"2009"	0	12379	Unreliable
	"Virginia"	"51"	"Northumberland County, VA"	"51133"	"2010"	"2010"	Suppressed	12330	Suppressed
	"Virginia"	"51"	"Northumberland County, VA"	"51133"	"2011"	"2011"	0	12461	Unreliable
	"Virginia"	"51"	"Northumberland County, VA"	"51133"	"2012"	"2012"	Suppressed	12346	Suppressed
	"Virginia"	"51"	"Northumberland County, VA"	"51133"	"2013"	"2013"	0	12200	Unreliable
	"Virginia"	"51"	"Northumberland County, VA"	"51133"	"2014"	"2014"	Suppressed	12251	Suppressed
	"Virginia"	"51"	"Nottoway County, VA"	"51135"	"2006"	"2006"	0	15719	Unreliable
	"Virginia"	"51"	"Nottoway County, VA"	"51135"	"2007"	"2007"	0	15799	Unreliable
	"Virginia"	"51"	"Nottoway County, VA"	"51135"	"2008"	"2008"	0	15847	Unreliable
	"Virginia"	"51"	"Nottoway County, VA"	"51135"	"2009"	"2009"	Suppressed	15894	Suppressed
	"Virginia"	"51"	"Nottoway County, VA"	"51135"	"2010"	"2010"	0	15853	Unreliable
	"Virginia"	"51"	"Nottoway County, VA"	"51135"	"2011"	"2011"	Suppressed	15840	Suppressed
	"Virginia"	"51"	"Nottoway County, VA"	"51135"	"2012"	"2012"	Suppressed	15830	Suppressed
	"Virginia"	"51"	"Nottoway County, VA"	"51135"	"2013"	"2013"	0	15773	Unreliable
	"Virginia"	"51"	"Nottoway County, VA"	"51135"	"2014"	"2014"	Suppressed	15579	Suppressed
	"Virginia"	"51"	"Orange County, VA"	"51137"	"2006"	"2006"	Suppressed	31438	Suppressed
	"Virginia"	"51"	"Orange County, VA"	"51137"	"2007"	"2007"	Suppressed	32273	Suppressed
	"Virginia"	"51"	"Orange County, VA"	"51137"	"2008"	"2008"	Suppressed	33077	Suppressed
	"Virginia"	"51"	"Orange County, VA"	"51137"	"2009"	"2009"	Suppressed	33329	Suppressed
	"Virginia"	"51"	"Orange County, VA"	"51137"	"2010"	"2010"	Suppressed	33481	Suppressed
	"Virginia"	"51"	"Orange County, VA"	"51137"	"2011"	"2011"	Suppressed	33938	Suppressed
	"Virginia"	"51"	"Orange County, VA"	"51137"	"2012"	"2012"	Suppressed	34246	Suppressed
	"Virginia"	"51"	"Orange County, VA"	"51137"	"2013"	"2013"	10	34689	Unreliable
	"Virginia"	"51"	"Orange County, VA"	"51137"	"2014"	"2014"	11	35026	Unreliable
	"Virginia"	"51"	"Page County, VA"	"51139"	"2006"	"2006"	Suppressed	24045	Suppressed
	"Virginia"	"51"	"Page County, VA"	"51139"	"2007"	"2007"	Suppressed	24222	Suppressed
	"Virginia"	"51"	"Page County, VA"	"51139"	"2008"	"2008"	Suppressed	24208	Suppressed
	"Virginia"	"51"	"Page County, VA"	"51139"	"2009"	"2009"	Suppressed	24076	Suppressed
	"Virginia"	"51"	"Page County, VA"	"51139"	"2010"	"2010"	Suppressed	24042	Suppressed
	"Virginia"	"51"	"Page County, VA"	"51139"	"2011"	"2011"	Suppressed	23958	Suppressed
	"Virginia"	"51"	"Page County, VA"	"51139"	"2012"	"2012"	Suppressed	23895	Suppressed
	"Virginia"	"51"	"Page County, VA"	"51139"	"2013"	"2013"	Suppressed	23821	Suppressed
	"Virginia"	"51"	"Page County, VA"	"51139"	"2014"	"2014"	Suppressed	23848	Suppressed
	"Virginia"	"51"	"Patrick County, VA"	"51141"	"2006"	"2006"	0	18766	Unreliable
	"Virginia"	"51"	"Patrick County, VA"	"51141"	"2007"	"2007"	Suppressed	18748	Suppressed
	"Virginia"	"51"	"Patrick County, VA"	"51141"	"2008"	"2008"	Suppressed	18677	Suppressed
	"Virginia"	"51"	"Patrick County, VA"	"51141"	"2009"	"2009"	Suppressed	18562	Suppressed
	"Virginia"	"51"	"Patrick County, VA"	"51141"	"2010"	"2010"	Suppressed	18490	Suppressed
	"Virginia"	"51"	"Patrick County, VA"	"51141"	"2011"	"2011"	Suppressed	18390	Suppressed
	"Virginia"	"51"	"Patrick County, VA"	"51141"	"2012"	"2012"	Suppressed	18451	Suppressed
	"Virginia"	"51"	"Patrick County, VA"	"51141"	"2013"	"2013"	Suppressed	18368	Suppressed
	"Virginia"	"51"	"Patrick County, VA"	"51141"	"2014"	"2014"	Suppressed	18264	Suppressed
	"Virginia"	"51"	"Pittsylvania County, VA"	"51143"	"2006"	"2006"	Suppressed	62586	Suppressed
	"Virginia"	"51"	"Pittsylvania County, VA"	"51143"	"2007"	"2007"	Suppressed	62803	Suppressed
	"Virginia"	"51"	"Pittsylvania County, VA"	"51143"	"2008"	"2008"	Suppressed	63472	Suppressed
	"Virginia"	"51"	"Pittsylvania County, VA"	"51143"	"2009"	"2009"	Suppressed	63386	Suppressed
	"Virginia"	"51"	"Pittsylvania County, VA"	"51143"	"2010"	"2010"	Suppressed	63506	Suppressed
	"Virginia"	"51"	"Pittsylvania County, VA"	"51143"	"2011"	"2011"	Suppressed	62844	Suppressed
	"Virginia"	"51"	"Pittsylvania County, VA"	"51143"	"2012"	"2012"	Suppressed	62807	Suppressed
	"Virginia"	"51"	"Pittsylvania County, VA"	"51143"	"2013"	"2013"	11	62426	Unreliable
	"Virginia"	"51"	"Pittsylvania County, VA"	"51143"	"2014"	"2014"	Suppressed	62383	Suppressed
	"Virginia"	"51"	"Powhatan County, VA"	"51145"	"2006"	"2006"	Suppressed	27391	Suppressed
	"Virginia"	"51"	"Powhatan County, VA"	"51145"	"2007"	"2007"	Suppressed	27599	Suppressed
	"Virginia"	"51"	"Powhatan County, VA"	"51145"	"2008"	"2008"	Suppressed	27745	Suppressed
	"Virginia"	"51"	"Powhatan County, VA"	"51145"	"2009"	"2009"	Suppressed	27983	Suppressed
	"Virginia"	"51"	"Powhatan County, VA"	"51145"	"2010"	"2010"	0	28046	Unreliable
	"Virginia"	"51"	"Powhatan County, VA"	"51145"	"2011"	"2011"	Suppressed	28110	Suppressed
	"Virginia"	"51"	"Powhatan County, VA"	"51145"	"2012"	"2012"	Suppressed	28123	Suppressed
	"Virginia"	"51"	"Powhatan County, VA"	"51145"	"2013"	"2013"	Suppressed	28259	Suppressed
	"Virginia"	"51"	"Powhatan County, VA"	"51145"	"2014"	"2014"	Suppressed	28449	Suppressed
	"Virginia"	"51"	"Prince Edward County, VA"	"51147"	"2006"	"2006"	Suppressed	21722	Suppressed
	"Virginia"	"51"	"Prince Edward County, VA"	"51147"	"2007"	"2007"	0	22293	Unreliable
	"Virginia"	"51"	"Prince Edward County, VA"	"51147"	"2008"	"2008"	0	22959	Unreliable
	"Virginia"	"51"	"Prince Edward County, VA"	"51147"	"2009"	"2009"	0	23260	Unreliable
	"Virginia"	"51"	"Prince Edward County, VA"	"51147"	"2010"	"2010"	Suppressed	23368	Suppressed
	"Virginia"	"51"	"Prince Edward County, VA"	"51147"	"2011"	"2011"	Suppressed	23343	Suppressed
	"Virginia"	"51"	"Prince Edward County, VA"	"51147"	"2012"	"2012"	Suppressed	23238	Suppressed
	"Virginia"	"51"	"Prince Edward County, VA"	"51147"	"2013"	"2013"	0	22802	Unreliable
	"Virginia"	"51"	"Prince Edward County, VA"	"51147"	"2014"	"2014"	Suppressed	23074	Suppressed
	"Virginia"	"51"	"Prince George County, VA"	"51149"	"2006"	"2006"	Suppressed	34575	Suppressed
	"Virginia"	"51"	"Prince George County, VA"	"51149"	"2007"	"2007"	Suppressed	34466	Suppressed
	"Virginia"	"51"	"Prince George County, VA"	"51149"	"2008"	"2008"	Suppressed	35059	Suppressed
	"Virginia"	"51"	"Prince George County, VA"	"51149"	"2009"	"2009"	Suppressed	35828	Suppressed
	"Virginia"	"51"	"Prince George County, VA"	"51149"	"2010"	"2010"	Suppressed	35725	Suppressed
	"Virginia"	"51"	"Prince George County, VA"	"51149"	"2011"	"2011"	Suppressed	36555	Suppressed
	"Virginia"	"51"	"Prince George County, VA"	"51149"	"2012"	"2012"	Suppressed	36941	Suppressed
	"Virginia"	"51"	"Prince George County, VA"	"51149"	"2013"	"2013"	Suppressed	37253	Suppressed
	"Virginia"	"51"	"Prince George County, VA"	"51149"	"2014"	"2014"	Suppressed	37333	Suppressed
	"Virginia"	"51"	"Prince William County, VA"	"51153"	"2006"	"2006"	19	359174	Unreliable
	"Virginia"	"51"	"Prince William County, VA"	"51153"	"2007"	"2007"	19	368016	Unreliable
	"Virginia"	"51"	"Prince William County, VA"	"51153"	"2008"	"2008"	20	374776	5.3
	"Virginia"	"51"	"Prince William County, VA"	"51153"	"2009"	"2009"	28	389001	7.2
	"Virginia"	"51"	"Prince William County, VA"	"51153"	"2010"	"2010"	19	402002	Unreliable
	"Virginia"	"51"	"Prince William County, VA"	"51153"	"2011"	"2011"	29	419006	6.9
	"Virginia"	"51"	"Prince William County, VA"	"51153"	"2012"	"2012"	38	430289	8.8
	"Virginia"	"51"	"Prince William County, VA"	"51153"	"2013"	"2013"	30	438580	6.8
	"Virginia"	"51"	"Prince William County, VA"	"51153"	"2014"	"2014"	36	446094	8.1
	"Virginia"	"51"	"Pulaski County, VA"	"51155"	"2006"	"2006"	12	34891	Unreliable
	"Virginia"	"51"	"Pulaski County, VA"	"51155"	"2007"	"2007"	13	35058	Unreliable
	"Virginia"	"51"	"Pulaski County, VA"	"51155"	"2008"	"2008"	11	35051	Unreliable
	"Virginia"	"51"	"Pulaski County, VA"	"51155"	"2009"	"2009"	13	34988	Unreliable
	"Virginia"	"51"	"Pulaski County, VA"	"51155"	"2010"	"2010"	Suppressed	34872	Suppressed
	"Virginia"	"51"	"Pulaski County, VA"	"51155"	"2011"	"2011"	10	34607	Unreliable
	"Virginia"	"51"	"Pulaski County, VA"	"51155"	"2012"	"2012"	Suppressed	34736	Suppressed
	"Virginia"	"51"	"Pulaski County, VA"	"51155"	"2013"	"2013"	Suppressed	34507	Suppressed
	"Virginia"	"51"	"Pulaski County, VA"	"51155"	"2014"	"2014"	12	34322	Unreliable
	"Virginia"	"51"	"Rappahannock County, VA"	"51157"	"2006"	"2006"	0	7348	Unreliable
	"Virginia"	"51"	"Rappahannock County, VA"	"51157"	"2007"	"2007"	0	7403	Unreliable
	"Virginia"	"51"	"Rappahannock County, VA"	"51157"	"2008"	"2008"	0	7420	Unreliable
	"Virginia"	"51"	"Rappahannock County, VA"	"51157"	"2009"	"2009"	Suppressed	7333	Suppressed
	"Virginia"	"51"	"Rappahannock County, VA"	"51157"	"2010"	"2010"	0	7373	Unreliable
	"Virginia"	"51"	"Rappahannock County, VA"	"51157"	"2011"	"2011"	Suppressed	7444	Suppressed
	"Virginia"	"51"	"Rappahannock County, VA"	"51157"	"2012"	"2012"	Suppressed	7456	Suppressed
	"Virginia"	"51"	"Rappahannock County, VA"	"51157"	"2013"	"2013"	Suppressed	7478	Suppressed
	"Virginia"	"51"	"Rappahannock County, VA"	"51157"	"2014"	"2014"	Suppressed	7361	Suppressed
	"Virginia"	"51"	"Richmond County, VA"	"51159"	"2006"	"2006"	Suppressed	9328	Suppressed
	"Virginia"	"51"	"Richmond County, VA"	"51159"	"2007"	"2007"	0	9426	Unreliable
	"Virginia"	"51"	"Richmond County, VA"	"51159"	"2008"	"2008"	0	9386	Unreliable
	"Virginia"	"51"	"Richmond County, VA"	"51159"	"2009"	"2009"	Suppressed	9251	Suppressed
	"Virginia"	"51"	"Richmond County, VA"	"51159"	"2010"	"2010"	0	9254	Unreliable
	"Virginia"	"51"	"Richmond County, VA"	"51159"	"2011"	"2011"	Suppressed	9220	Suppressed
	"Virginia"	"51"	"Richmond County, VA"	"51159"	"2012"	"2012"	0	9059	Unreliable
	"Virginia"	"51"	"Richmond County, VA"	"51159"	"2013"	"2013"	Suppressed	8953	Suppressed
	"Virginia"	"51"	"Richmond County, VA"	"51159"	"2014"	"2014"	Suppressed	8902	Suppressed
	"Virginia"	"51"	"Roanoke County, VA"	"51161"	"2006"	"2006"	Suppressed	90489	Suppressed
	"Virginia"	"51"	"Roanoke County, VA"	"51161"	"2007"	"2007"	11	91120	Unreliable
	"Virginia"	"51"	"Roanoke County, VA"	"51161"	"2008"	"2008"	10	91704	Unreliable
	"Virginia"	"51"	"Roanoke County, VA"	"51161"	"2009"	"2009"	Suppressed	92215	Suppressed
	"Virginia"	"51"	"Roanoke County, VA"	"51161"	"2010"	"2010"	11	92376	Unreliable
	"Virginia"	"51"	"Roanoke County, VA"	"51161"	"2011"	"2011"	Suppressed	92740	Suppressed
	"Virginia"	"51"	"Roanoke County, VA"	"51161"	"2012"	"2012"	Suppressed	92901	Suppressed
	"Virginia"	"51"	"Roanoke County, VA"	"51161"	"2013"	"2013"	Suppressed	93524	Suppressed
	"Virginia"	"51"	"Roanoke County, VA"	"51161"	"2014"	"2014"	19	93785	Unreliable
	"Virginia"	"51"	"Rockbridge County, VA"	"51163"	"2006"	"2006"	Suppressed	21931	Suppressed
	"Virginia"	"51"	"Rockbridge County, VA"	"51163"	"2007"	"2007"	Suppressed	22228	Suppressed
	"Virginia"	"51"	"Rockbridge County, VA"	"51163"	"2008"	"2008"	Suppressed	22363	Suppressed
	"Virginia"	"51"	"Rockbridge County, VA"	"51163"	"2009"	"2009"	Suppressed	22269	Suppressed
	"Virginia"	"51"	"Rockbridge County, VA"	"51163"	"2010"	"2010"	Suppressed	22307	Suppressed
	"Virginia"	"51"	"Rockbridge County, VA"	"51163"	"2011"	"2011"	Suppressed	22375	Suppressed
	"Virginia"	"51"	"Rockbridge County, VA"	"51163"	"2012"	"2012"	0	22394	Unreliable
	"Virginia"	"51"	"Rockbridge County, VA"	"51163"	"2013"	"2013"	Suppressed	22307	Suppressed
	"Virginia"	"51"	"Rockbridge County, VA"	"51163"	"2014"	"2014"	Suppressed	22327	Suppressed
	"Virginia"	"51"	"Rockingham County, VA"	"51165"	"2006"	"2006"	Suppressed	73000	Suppressed
	"Virginia"	"51"	"Rockingham County, VA"	"51165"	"2007"	"2007"	Suppressed	74274	Suppressed
	"Virginia"	"51"	"Rockingham County, VA"	"51165"	"2008"	"2008"	Suppressed	75075	Suppressed
	"Virginia"	"51"	"Rockingham County, VA"	"51165"	"2009"	"2009"	Suppressed	75850	Suppressed
	"Virginia"	"51"	"Rockingham County, VA"	"51165"	"2010"	"2010"	Suppressed	76314	Suppressed
	"Virginia"	"51"	"Rockingham County, VA"	"51165"	"2011"	"2011"	Suppressed	76589	Suppressed
	"Virginia"	"51"	"Rockingham County, VA"	"51165"	"2012"	"2012"	Suppressed	77391	Suppressed
	"Virginia"	"51"	"Rockingham County, VA"	"51165"	"2013"	"2013"	Suppressed	77741	Suppressed
	"Virginia"	"51"	"Rockingham County, VA"	"51165"	"2014"	"2014"	Suppressed	78171	Suppressed
	"Virginia"	"51"	"Russell County, VA"	"51167"	"2006"	"2006"	Suppressed	28618	Suppressed
	"Virginia"	"51"	"Russell County, VA"	"51167"	"2007"	"2007"	11	28889	Unreliable
	"Virginia"	"51"	"Russell County, VA"	"51167"	"2008"	"2008"	Suppressed	28831	Suppressed
	"Virginia"	"51"	"Russell County, VA"	"51167"	"2009"	"2009"	Suppressed	29012	Suppressed
	"Virginia"	"51"	"Russell County, VA"	"51167"	"2010"	"2010"	14	28897	Unreliable
	"Virginia"	"51"	"Russell County, VA"	"51167"	"2011"	"2011"	14	28749	Unreliable
	"Virginia"	"51"	"Russell County, VA"	"51167"	"2012"	"2012"	Suppressed	28445	Suppressed
	"Virginia"	"51"	"Russell County, VA"	"51167"	"2013"	"2013"	Suppressed	28264	Suppressed
	"Virginia"	"51"	"Russell County, VA"	"51167"	"2014"	"2014"	12	28023	Unreliable
	"Virginia"	"51"	"Scott County, VA"	"51169"	"2006"	"2006"	Suppressed	23272	Suppressed
	"Virginia"	"51"	"Scott County, VA"	"51169"	"2007"	"2007"	Suppressed	23302	Suppressed
	"Virginia"	"51"	"Scott County, VA"	"51169"	"2008"	"2008"	Suppressed	23237	Suppressed
	"Virginia"	"51"	"Scott County, VA"	"51169"	"2009"	"2009"	Suppressed	23212	Suppressed
	"Virginia"	"51"	"Scott County, VA"	"51169"	"2010"	"2010"	Suppressed	23177	Suppressed
	"Virginia"	"51"	"Scott County, VA"	"51169"	"2011"	"2011"	Suppressed	23126	Suppressed
	"Virginia"	"51"	"Scott County, VA"	"51169"	"2012"	"2012"	Suppressed	22781	Suppressed
	"Virginia"	"51"	"Scott County, VA"	"51169"	"2013"	"2013"	Suppressed	22640	Suppressed
	"Virginia"	"51"	"Scott County, VA"	"51169"	"2014"	"2014"	Suppressed	22384	Suppressed
	"Virginia"	"51"	"Shenandoah County, VA"	"51171"	"2006"	"2006"	Suppressed	40610	Suppressed
	"Virginia"	"51"	"Shenandoah County, VA"	"51171"	"2007"	"2007"	Suppressed	41214	Suppressed
	"Virginia"	"51"	"Shenandoah County, VA"	"51171"	"2008"	"2008"	Suppressed	41720	Suppressed
	"Virginia"	"51"	"Shenandoah County, VA"	"51171"	"2009"	"2009"	Suppressed	41743	Suppressed
	"Virginia"	"51"	"Shenandoah County, VA"	"51171"	"2010"	"2010"	Suppressed	41993	Suppressed
	"Virginia"	"51"	"Shenandoah County, VA"	"51171"	"2011"	"2011"	Suppressed	42289	Suppressed
	"Virginia"	"51"	"Shenandoah County, VA"	"51171"	"2012"	"2012"	Suppressed	42583	Suppressed
	"Virginia"	"51"	"Shenandoah County, VA"	"51171"	"2013"	"2013"	Suppressed	42684	Suppressed
	"Virginia"	"51"	"Shenandoah County, VA"	"51171"	"2014"	"2014"	Suppressed	43021	Suppressed
	"Virginia"	"51"	"Smyth County, VA"	"51173"	"2006"	"2006"	Suppressed	32632	Suppressed
	"Virginia"	"51"	"Smyth County, VA"	"51173"	"2007"	"2007"	Suppressed	32449	Suppressed
	"Virginia"	"51"	"Smyth County, VA"	"51173"	"2008"	"2008"	Suppressed	32386	Suppressed
	"Virginia"	"51"	"Smyth County, VA"	"51173"	"2009"	"2009"	Suppressed	32283	Suppressed
	"Virginia"	"51"	"Smyth County, VA"	"51173"	"2010"	"2010"	Suppressed	32208	Suppressed
	"Virginia"	"51"	"Smyth County, VA"	"51173"	"2011"	"2011"	Suppressed	32029	Suppressed
	"Virginia"	"51"	"Smyth County, VA"	"51173"	"2012"	"2012"	Suppressed	31718	Suppressed
	"Virginia"	"51"	"Smyth County, VA"	"51173"	"2013"	"2013"	Suppressed	31652	Suppressed
	"Virginia"	"51"	"Smyth County, VA"	"51173"	"2014"	"2014"	Suppressed	31555	Suppressed
	"Virginia"	"51"	"Southampton County, VA"	"51175"	"2006"	"2006"	0	18028	Unreliable
	"Virginia"	"51"	"Southampton County, VA"	"51175"	"2007"	"2007"	Suppressed	18571	Suppressed
	"Virginia"	"51"	"Southampton County, VA"	"51175"	"2008"	"2008"	Suppressed	18706	Suppressed
	"Virginia"	"51"	"Southampton County, VA"	"51175"	"2009"	"2009"	0	18607	Unreliable
	"Virginia"	"51"	"Southampton County, VA"	"51175"	"2010"	"2010"	0	18570	Unreliable
	"Virginia"	"51"	"Southampton County, VA"	"51175"	"2011"	"2011"	Suppressed	18408	Suppressed
	"Virginia"	"51"	"Southampton County, VA"	"51175"	"2012"	"2012"	0	18409	Unreliable
	"Virginia"	"51"	"Southampton County, VA"	"51175"	"2013"	"2013"	Suppressed	18128	Suppressed
	"Virginia"	"51"	"Southampton County, VA"	"51175"	"2014"	"2014"	Suppressed	18059	Suppressed
	"Virginia"	"51"	"Spotsylvania County, VA"	"51177"	"2006"	"2006"	Suppressed	117891	Suppressed
	"Virginia"	"51"	"Spotsylvania County, VA"	"51177"	"2007"	"2007"	Suppressed	119083	Suppressed
	"Virginia"	"51"	"Spotsylvania County, VA"	"51177"	"2008"	"2008"	13	120195	Unreliable
	"Virginia"	"51"	"Spotsylvania County, VA"	"51177"	"2009"	"2009"	Suppressed	121038	Suppressed
	"Virginia"	"51"	"Spotsylvania County, VA"	"51177"	"2010"	"2010"	Suppressed	122397	Suppressed
	"Virginia"	"51"	"Spotsylvania County, VA"	"51177"	"2011"	"2011"	14	124327	Unreliable
	"Virginia"	"51"	"Spotsylvania County, VA"	"51177"	"2012"	"2012"	11	125684	Unreliable
	"Virginia"	"51"	"Spotsylvania County, VA"	"51177"	"2013"	"2013"	15	127348	Unreliable
	"Virginia"	"51"	"Spotsylvania County, VA"	"51177"	"2014"	"2014"	14	129188	Unreliable
	"Virginia"	"51"	"Stafford County, VA"	"51179"	"2006"	"2006"	Suppressed	119892	Suppressed
	"Virginia"	"51"	"Stafford County, VA"	"51179"	"2007"	"2007"	12	122526	Unreliable
	"Virginia"	"51"	"Stafford County, VA"	"51179"	"2008"	"2008"	Suppressed	124323	Suppressed
	"Virginia"	"51"	"Stafford County, VA"	"51179"	"2009"	"2009"	14	126449	Unreliable
	"Virginia"	"51"	"Stafford County, VA"	"51179"	"2010"	"2010"	Suppressed	128961	Suppressed
	"Virginia"	"51"	"Stafford County, VA"	"51179"	"2011"	"2011"	Suppressed	132133	Suppressed
	"Virginia"	"51"	"Stafford County, VA"	"51179"	"2012"	"2012"	Suppressed	134352	Suppressed
	"Virginia"	"51"	"Stafford County, VA"	"51179"	"2013"	"2013"	14	136788	Unreliable
	"Virginia"	"51"	"Stafford County, VA"	"51179"	"2014"	"2014"	10	139992	Unreliable
	"Virginia"	"51"	"Surry County, VA"	"51181"	"2006"	"2006"	0	6991	Unreliable
	"Virginia"	"51"	"Surry County, VA"	"51181"	"2007"	"2007"	Suppressed	7042	Suppressed
	"Virginia"	"51"	"Surry County, VA"	"51181"	"2008"	"2008"	Suppressed	7061	Suppressed
	"Virginia"	"51"	"Surry County, VA"	"51181"	"2009"	"2009"	Suppressed	7037	Suppressed
	"Virginia"	"51"	"Surry County, VA"	"51181"	"2010"	"2010"	Suppressed	7058	Suppressed
	"Virginia"	"51"	"Surry County, VA"	"51181"	"2011"	"2011"	0	6931	Unreliable
	"Virginia"	"51"	"Surry County, VA"	"51181"	"2012"	"2012"	0	6844	Unreliable
	"Virginia"	"51"	"Surry County, VA"	"51181"	"2013"	"2013"	Suppressed	6765	Suppressed
	"Virginia"	"51"	"Surry County, VA"	"51181"	"2014"	"2014"	Suppressed	6790	Suppressed
	"Virginia"	"51"	"Sussex County, VA"	"51183"	"2006"	"2006"	0	12193	Unreliable
	"Virginia"	"51"	"Sussex County, VA"	"51183"	"2007"	"2007"	0	12191	Unreliable
	"Virginia"	"51"	"Sussex County, VA"	"51183"	"2008"	"2008"	0	12215	Unreliable
	"Virginia"	"51"	"Sussex County, VA"	"51183"	"2009"	"2009"	Suppressed	12175	Suppressed
	"Virginia"	"51"	"Sussex County, VA"	"51183"	"2010"	"2010"	Suppressed	12087	Suppressed
	"Virginia"	"51"	"Sussex County, VA"	"51183"	"2011"	"2011"	Suppressed	12087	Suppressed
	"Virginia"	"51"	"Sussex County, VA"	"51183"	"2012"	"2012"	Suppressed	11972	Suppressed
	"Virginia"	"51"	"Sussex County, VA"	"51183"	"2013"	"2013"	0	11810	Unreliable
	"Virginia"	"51"	"Sussex County, VA"	"51183"	"2014"	"2014"	Suppressed	11767	Suppressed
	"Virginia"	"51"	"Tazewell County, VA"	"51185"	"2006"	"2006"	21	44195	47.5
	"Virginia"	"51"	"Tazewell County, VA"	"51185"	"2007"	"2007"	12	44169	Unreliable
	"Virginia"	"51"	"Tazewell County, VA"	"51185"	"2008"	"2008"	15	45020	Unreliable
	"Virginia"	"51"	"Tazewell County, VA"	"51185"	"2009"	"2009"	16	45069	Unreliable
	"Virginia"	"51"	"Tazewell County, VA"	"51185"	"2010"	"2010"	13	45078	Unreliable
	"Virginia"	"51"	"Tazewell County, VA"	"51185"	"2011"	"2011"	24	44715	53.7
	"Virginia"	"51"	"Tazewell County, VA"	"51185"	"2012"	"2012"	15	44268	Unreliable
	"Virginia"	"51"	"Tazewell County, VA"	"51185"	"2013"	"2013"	11	44103	Unreliable
	"Virginia"	"51"	"Tazewell County, VA"	"51185"	"2014"	"2014"	14	43452	Unreliable
	"Virginia"	"51"	"Warren County, VA"	"51187"	"2006"	"2006"	Suppressed	36231	Suppressed
	"Virginia"	"51"	"Warren County, VA"	"51187"	"2007"	"2007"	Suppressed	36814	Suppressed
	"Virginia"	"51"	"Warren County, VA"	"51187"	"2008"	"2008"	Suppressed	37259	Suppressed
	"Virginia"	"51"	"Warren County, VA"	"51187"	"2009"	"2009"	Suppressed	37240	Suppressed
	"Virginia"	"51"	"Warren County, VA"	"51187"	"2010"	"2010"	Suppressed	37575	Suppressed
	"Virginia"	"51"	"Warren County, VA"	"51187"	"2011"	"2011"	Suppressed	37749	Suppressed
	"Virginia"	"51"	"Warren County, VA"	"51187"	"2012"	"2012"	Suppressed	38070	Suppressed
	"Virginia"	"51"	"Warren County, VA"	"51187"	"2013"	"2013"	Suppressed	38699	Suppressed
	"Virginia"	"51"	"Warren County, VA"	"51187"	"2014"	"2014"	Suppressed	38987	Suppressed
	"Virginia"	"51"	"Washington County, VA"	"51191"	"2006"	"2006"	Suppressed	53322	Suppressed
	"Virginia"	"51"	"Washington County, VA"	"51191"	"2007"	"2007"	Suppressed	54216	Suppressed
	"Virginia"	"51"	"Washington County, VA"	"51191"	"2008"	"2008"	11	54475	Unreliable
	"Virginia"	"51"	"Washington County, VA"	"51191"	"2009"	"2009"	Suppressed	54722	Suppressed
	"Virginia"	"51"	"Washington County, VA"	"51191"	"2010"	"2010"	Suppressed	54876	Suppressed
	"Virginia"	"51"	"Washington County, VA"	"51191"	"2011"	"2011"	11	54827	Unreliable
	"Virginia"	"51"	"Washington County, VA"	"51191"	"2012"	"2012"	Suppressed	55190	Suppressed
	"Virginia"	"51"	"Washington County, VA"	"51191"	"2013"	"2013"	Suppressed	54907	Suppressed
	"Virginia"	"51"	"Washington County, VA"	"51191"	"2014"	"2014"	13	54729	Unreliable
	"Virginia"	"51"	"Westmoreland County, VA"	"51193"	"2006"	"2006"	Suppressed	16841	Suppressed
	"Virginia"	"51"	"Westmoreland County, VA"	"51193"	"2007"	"2007"	Suppressed	17127	Suppressed
	"Virginia"	"51"	"Westmoreland County, VA"	"51193"	"2008"	"2008"	Suppressed	17305	Suppressed
	"Virginia"	"51"	"Westmoreland County, VA"	"51193"	"2009"	"2009"	Suppressed	17448	Suppressed
	"Virginia"	"51"	"Westmoreland County, VA"	"51193"	"2010"	"2010"	0	17454	Unreliable
	"Virginia"	"51"	"Westmoreland County, VA"	"51193"	"2011"	"2011"	Suppressed	17595	Suppressed
	"Virginia"	"51"	"Westmoreland County, VA"	"51193"	"2012"	"2012"	0	17524	Unreliable
	"Virginia"	"51"	"Westmoreland County, VA"	"51193"	"2013"	"2013"	Suppressed	17612	Suppressed
	"Virginia"	"51"	"Westmoreland County, VA"	"51193"	"2014"	"2014"	0	17477	Unreliable
	"Virginia"	"51"	"Wise County, VA"	"51195"	"2006"	"2006"	25	41531	60.2
	"Virginia"	"51"	"Wise County, VA"	"51195"	"2007"	"2007"	26	41543	62.6
	"Virginia"	"51"	"Wise County, VA"	"51195"	"2008"	"2008"	Suppressed	41489	Suppressed
	"Virginia"	"51"	"Wise County, VA"	"51195"	"2009"	"2009"	10	41454	Unreliable
	"Virginia"	"51"	"Wise County, VA"	"51195"	"2010"	"2010"	13	41452	Unreliable
	"Virginia"	"51"	"Wise County, VA"	"51195"	"2011"	"2011"	14	41565	Unreliable
	"Virginia"	"51"	"Wise County, VA"	"51195"	"2012"	"2012"	13	40918	Unreliable
	"Virginia"	"51"	"Wise County, VA"	"51195"	"2013"	"2013"	11	40589	Unreliable
	"Virginia"	"51"	"Wise County, VA"	"51195"	"2014"	"2014"	11	39935	Unreliable
	"Virginia"	"51"	"Wythe County, VA"	"51197"	"2006"	"2006"	0	28628	Unreliable
	"Virginia"	"51"	"Wythe County, VA"	"51197"	"2007"	"2007"	Suppressed	28827	Suppressed
	"Virginia"	"51"	"Wythe County, VA"	"51197"	"2008"	"2008"	Suppressed	29123	Suppressed
	"Virginia"	"51"	"Wythe County, VA"	"51197"	"2009"	"2009"	Suppressed	29216	Suppressed
	"Virginia"	"51"	"Wythe County, VA"	"51197"	"2010"	"2010"	Suppressed	29235	Suppressed
	"Virginia"	"51"	"Wythe County, VA"	"51197"	"2011"	"2011"	Suppressed	29204	Suppressed
	"Virginia"	"51"	"Wythe County, VA"	"51197"	"2012"	"2012"	Suppressed	29251	Suppressed
	"Virginia"	"51"	"Wythe County, VA"	"51197"	"2013"	"2013"	Suppressed	29344	Suppressed
	"Virginia"	"51"	"Wythe County, VA"	"51197"	"2014"	"2014"	11	29121	Unreliable
	"Virginia"	"51"	"York County, VA"	"51199"	"2006"	"2006"	Suppressed	63912	Suppressed
	"Virginia"	"51"	"York County, VA"	"51199"	"2007"	"2007"	Suppressed	64710	Suppressed
	"Virginia"	"51"	"York County, VA"	"51199"	"2008"	"2008"	Suppressed	64944	Suppressed
	"Virginia"	"51"	"York County, VA"	"51199"	"2009"	"2009"	Suppressed	65197	Suppressed
	"Virginia"	"51"	"York County, VA"	"51199"	"2010"	"2010"	Suppressed	65464	Suppressed
	"Virginia"	"51"	"York County, VA"	"51199"	"2011"	"2011"	Suppressed	66134	Suppressed
	"Virginia"	"51"	"York County, VA"	"51199"	"2012"	"2012"	Suppressed	66146	Suppressed
	"Virginia"	"51"	"York County, VA"	"51199"	"2013"	"2013"	Suppressed	66269	Suppressed
	"Virginia"	"51"	"York County, VA"	"51199"	"2014"	"2014"	Suppressed	66342	Suppressed
	"Virginia"	"51"	"Alexandria city, VA"	"51510"	"2006"	"2006"	Suppressed	127676	Suppressed
	"Virginia"	"51"	"Alexandria city, VA"	"51510"	"2007"	"2007"	Suppressed	129175	Suppressed
	"Virginia"	"51"	"Alexandria city, VA"	"51510"	"2008"	"2008"	12	132949	Unreliable
	"Virginia"	"51"	"Alexandria city, VA"	"51510"	"2009"	"2009"	17	137523	Unreliable
	"Virginia"	"51"	"Alexandria city, VA"	"51510"	"2010"	"2010"	Suppressed	139966	Suppressed
	"Virginia"	"51"	"Alexandria city, VA"	"51510"	"2011"	"2011"	11	144301	Unreliable
	"Virginia"	"51"	"Alexandria city, VA"	"51510"	"2012"	"2012"	11	146294	Unreliable
	"Virginia"	"51"	"Alexandria city, VA"	"51510"	"2013"	"2013"	16	148892	Unreliable
	"Virginia"	"51"	"Alexandria city, VA"	"51510"	"2014"	"2014"	10	150575	Unreliable
	"Virginia"	"51"	"Bedford city, VA"	"51515"	"2006"	"2006"	Suppressed	6147	Suppressed
	"Virginia"	"51"	"Bedford city, VA"	"51515"	"2007"	"2007"	0	6169	Unreliable
	"Virginia"	"51"	"Bedford city, VA"	"51515"	"2008"	"2008"	0	6150	Unreliable
	"Virginia"	"51"	"Bedford city, VA"	"51515"	"2009"	"2009"	Suppressed	6174	Suppressed
	"Virginia"	"51"	"Bedford city, VA"	"51515"	"2010"	"2010"	0	6222	Unreliable
	"Virginia"	"51"	"Bedford city, VA"	"51515"	"2011"	"2011"	0	6181	Unreliable
	"Virginia"	"51"	"Bedford city, VA"	"51515"	"2012"	"2012"	0	5964	Unreliable
	"Virginia"	"51"	"Bedford city, VA"	"51515"	"2013"	"2013"	Suppressed	5948	Suppressed
	"Virginia"	"51"	"Bedford city, VA"	"51515"	"2014"	"2014"	Missing	Missing	Missing
	"Virginia"	"51"	"Bristol city, VA"	"51520"	"2006"	"2006"	Suppressed	17684	Suppressed
	"Virginia"	"51"	"Bristol city, VA"	"51520"	"2007"	"2007"	Suppressed	17540	Suppressed
	"Virginia"	"51"	"Bristol city, VA"	"51520"	"2008"	"2008"	Suppressed	17631	Suppressed
	"Virginia"	"51"	"Bristol city, VA"	"51520"	"2009"	"2009"	Suppressed	17842	Suppressed
	"Virginia"	"51"	"Bristol city, VA"	"51520"	"2010"	"2010"	Suppressed	17835	Suppressed
	"Virginia"	"51"	"Bristol city, VA"	"51520"	"2011"	"2011"	Suppressed	17750	Suppressed
	"Virginia"	"51"	"Bristol city, VA"	"51520"	"2012"	"2012"	Suppressed	17662	Suppressed
	"Virginia"	"51"	"Bristol city, VA"	"51520"	"2013"	"2013"	Suppressed	17341	Suppressed
	"Virginia"	"51"	"Bristol city, VA"	"51520"	"2014"	"2014"	Suppressed	17184	Suppressed
	"Virginia"	"51"	"Buena Vista city, VA"	"51530"	"2006"	"2006"	0	6679	Unreliable
	"Virginia"	"51"	"Buena Vista city, VA"	"51530"	"2007"	"2007"	0	6618	Unreliable
	"Virginia"	"51"	"Buena Vista city, VA"	"51530"	"2008"	"2008"	0	6664	Unreliable
	"Virginia"	"51"	"Buena Vista city, VA"	"51530"	"2009"	"2009"	0	6677	Unreliable
	"Virginia"	"51"	"Buena Vista city, VA"	"51530"	"2010"	"2010"	Suppressed	6650	Suppressed
	"Virginia"	"51"	"Buena Vista city, VA"	"51530"	"2011"	"2011"	Suppressed	6636	Suppressed
	"Virginia"	"51"	"Buena Vista city, VA"	"51530"	"2012"	"2012"	Suppressed	6707	Suppressed
	"Virginia"	"51"	"Buena Vista city, VA"	"51530"	"2013"	"2013"	0	6680	Unreliable
	"Virginia"	"51"	"Buena Vista city, VA"	"51530"	"2014"	"2014"	0	6603	Unreliable
	"Virginia"	"51"	"Charlottesville city, VA"	"51540"	"2006"	"2006"	Suppressed	41066	Suppressed
	"Virginia"	"51"	"Charlottesville city, VA"	"51540"	"2007"	"2007"	Suppressed	41538	Suppressed
	"Virginia"	"51"	"Charlottesville city, VA"	"51540"	"2008"	"2008"	Suppressed	42130	Suppressed
	"Virginia"	"51"	"Charlottesville city, VA"	"51540"	"2009"	"2009"	Suppressed	43054	Suppressed
	"Virginia"	"51"	"Charlottesville city, VA"	"51540"	"2010"	"2010"	Suppressed	43475	Suppressed
	"Virginia"	"51"	"Charlottesville city, VA"	"51540"	"2011"	"2011"	0	43511	Unreliable
	"Virginia"	"51"	"Charlottesville city, VA"	"51540"	"2012"	"2012"	Suppressed	43956	Suppressed
	"Virginia"	"51"	"Charlottesville city, VA"	"51540"	"2013"	"2013"	Suppressed	44349	Suppressed
	"Virginia"	"51"	"Charlottesville city, VA"	"51540"	"2014"	"2014"	Suppressed	45593	Suppressed
	"Virginia"	"51"	"Chesapeake city, VA"	"51550"	"2006"	"2006"	21	217271	9.7
	"Virginia"	"51"	"Chesapeake city, VA"	"51550"	"2007"	"2007"	24	217450	11.0
	"Virginia"	"51"	"Chesapeake city, VA"	"51550"	"2008"	"2008"	16	218458	Unreliable
	"Virginia"	"51"	"Chesapeake city, VA"	"51550"	"2009"	"2009"	22	220176	10.0
	"Virginia"	"51"	"Chesapeake city, VA"	"51550"	"2010"	"2010"	17	222209	Unreliable
	"Virginia"	"51"	"Chesapeake city, VA"	"51550"	"2011"	"2011"	16	225050	Unreliable
	"Virginia"	"51"	"Chesapeake city, VA"	"51550"	"2012"	"2012"	16	228417	Unreliable
	"Virginia"	"51"	"Chesapeake city, VA"	"51550"	"2013"	"2013"	31	230571	13.4
	"Virginia"	"51"	"Chesapeake city, VA"	"51550"	"2014"	"2014"	25	233371	10.7
	"Virginia"	"51"	"Clifton Forge city, VA"	"51560"	"2006"	"2006"	Missing	Missing	Missing
	"Virginia"	"51"	"Clifton Forge city, VA"	"51560"	"2007"	"2007"	Missing	Missing	Missing
	"Virginia"	"51"	"Clifton Forge city, VA"	"51560"	"2008"	"2008"	Missing	Missing	Missing
	"Virginia"	"51"	"Clifton Forge city, VA"	"51560"	"2009"	"2009"	Missing	Missing	Missing
	"Virginia"	"51"	"Clifton Forge city, VA"	"51560"	"2010"	"2010"	Missing	Missing	Missing
	"Virginia"	"51"	"Clifton Forge city, VA"	"51560"	"2011"	"2011"	Missing	Missing	Missing
	"Virginia"	"51"	"Clifton Forge city, VA"	"51560"	"2012"	"2012"	Missing	Missing	Missing
	"Virginia"	"51"	"Clifton Forge city, VA"	"51560"	"2013"	"2013"	Missing	Missing	Missing
	"Virginia"	"51"	"Clifton Forge city, VA"	"51560"	"2014"	"2014"	Missing	Missing	Missing
	"Virginia"	"51"	"Colonial Heights city, VA"	"51570"	"2006"	"2006"	Suppressed	17604	Suppressed
	"Virginia"	"51"	"Colonial Heights city, VA"	"51570"	"2007"	"2007"	0	17462	Unreliable
	"Virginia"	"51"	"Colonial Heights city, VA"	"51570"	"2008"	"2008"	Suppressed	17387	Suppressed
	"Virginia"	"51"	"Colonial Heights city, VA"	"51570"	"2009"	"2009"	Suppressed	17525	Suppressed
	"Virginia"	"51"	"Colonial Heights city, VA"	"51570"	"2010"	"2010"	Suppressed	17411	Suppressed
	"Virginia"	"51"	"Colonial Heights city, VA"	"51570"	"2011"	"2011"	Suppressed	17440	Suppressed
	"Virginia"	"51"	"Colonial Heights city, VA"	"51570"	"2012"	"2012"	0	17479	Unreliable
	"Virginia"	"51"	"Colonial Heights city, VA"	"51570"	"2013"	"2013"	Suppressed	17634	Suppressed
	"Virginia"	"51"	"Colonial Heights city, VA"	"51570"	"2014"	"2014"	Suppressed	17731	Suppressed
	"Virginia"	"51"	"Covington city, VA"	"51580"	"2006"	"2006"	0	5979	Unreliable
	"Virginia"	"51"	"Covington city, VA"	"51580"	"2007"	"2007"	0	6057	Unreliable
	"Virginia"	"51"	"Covington city, VA"	"51580"	"2008"	"2008"	Suppressed	5991	Suppressed
	"Virginia"	"51"	"Covington city, VA"	"51580"	"2009"	"2009"	Suppressed	5948	Suppressed
	"Virginia"	"51"	"Covington city, VA"	"51580"	"2010"	"2010"	0	5961	Unreliable
	"Virginia"	"51"	"Covington city, VA"	"51580"	"2011"	"2011"	Suppressed	5939	Suppressed
	"Virginia"	"51"	"Covington city, VA"	"51580"	"2012"	"2012"	Suppressed	5771	Suppressed
	"Virginia"	"51"	"Covington city, VA"	"51580"	"2013"	"2013"	Suppressed	5818	Suppressed
	"Virginia"	"51"	"Covington city, VA"	"51580"	"2014"	"2014"	Suppressed	5802	Suppressed
	"Virginia"	"51"	"Danville city, VA"	"51590"	"2006"	"2006"	Suppressed	44586	Suppressed
	"Virginia"	"51"	"Danville city, VA"	"51590"	"2007"	"2007"	Suppressed	44162	Suppressed
	"Virginia"	"51"	"Danville city, VA"	"51590"	"2008"	"2008"	Suppressed	43765	Suppressed
	"Virginia"	"51"	"Danville city, VA"	"51590"	"2009"	"2009"	Suppressed	43496	Suppressed
	"Virginia"	"51"	"Danville city, VA"	"51590"	"2010"	"2010"	Suppressed	43055	Suppressed
	"Virginia"	"51"	"Danville city, VA"	"51590"	"2011"	"2011"	Suppressed	42852	Suppressed
	"Virginia"	"51"	"Danville city, VA"	"51590"	"2012"	"2012"	Suppressed	42996	Suppressed
	"Virginia"	"51"	"Danville city, VA"	"51590"	"2013"	"2013"	Suppressed	42907	Suppressed
	"Virginia"	"51"	"Danville city, VA"	"51590"	"2014"	"2014"	11	42444	Unreliable
	"Virginia"	"51"	"Emporia city, VA"	"51595"	"2006"	"2006"	Suppressed	5734	Suppressed
	"Virginia"	"51"	"Emporia city, VA"	"51595"	"2007"	"2007"	Suppressed	5755	Suppressed
	"Virginia"	"51"	"Emporia city, VA"	"51595"	"2008"	"2008"	Suppressed	5820	Suppressed
	"Virginia"	"51"	"Emporia city, VA"	"51595"	"2009"	"2009"	0	5865	Unreliable
	"Virginia"	"51"	"Emporia city, VA"	"51595"	"2010"	"2010"	0	5927	Unreliable
	"Virginia"	"51"	"Emporia city, VA"	"51595"	"2011"	"2011"	0	5871	Unreliable
	"Virginia"	"51"	"Emporia city, VA"	"51595"	"2012"	"2012"	0	5740	Unreliable
	"Virginia"	"51"	"Emporia city, VA"	"51595"	"2013"	"2013"	Suppressed	5588	Suppressed
	"Virginia"	"51"	"Emporia city, VA"	"51595"	"2014"	"2014"	0	5462	Unreliable
	"Virginia"	"51"	"Fairfax city, VA"	"51600"	"2006"	"2006"	0	21407	Unreliable
	"Virginia"	"51"	"Fairfax city, VA"	"51600"	"2007"	"2007"	Suppressed	21682	Suppressed
	"Virginia"	"51"	"Fairfax city, VA"	"51600"	"2008"	"2008"	Suppressed	22112	Suppressed
	"Virginia"	"51"	"Fairfax city, VA"	"51600"	"2009"	"2009"	Suppressed	22418	Suppressed
	"Virginia"	"51"	"Fairfax city, VA"	"51600"	"2010"	"2010"	Suppressed	22565	Suppressed
	"Virginia"	"51"	"Fairfax city, VA"	"51600"	"2011"	"2011"	Suppressed	22549	Suppressed
	"Virginia"	"51"	"Fairfax city, VA"	"51600"	"2012"	"2012"	Suppressed	23461	Suppressed
	"Virginia"	"51"	"Fairfax city, VA"	"51600"	"2013"	"2013"	Suppressed	23973	Suppressed
	"Virginia"	"51"	"Fairfax city, VA"	"51600"	"2014"	"2014"	Suppressed	24483	Suppressed
	"Virginia"	"51"	"Falls Church city, VA"	"51610"	"2006"	"2006"	Suppressed	10852	Suppressed
	"Virginia"	"51"	"Falls Church city, VA"	"51610"	"2007"	"2007"	0	10947	Unreliable
	"Virginia"	"51"	"Falls Church city, VA"	"51610"	"2008"	"2008"	0	11219	Unreliable
	"Virginia"	"51"	"Falls Church city, VA"	"51610"	"2009"	"2009"	0	11787	Unreliable
	"Virginia"	"51"	"Falls Church city, VA"	"51610"	"2010"	"2010"	Suppressed	12332	Suppressed
	"Virginia"	"51"	"Falls Church city, VA"	"51610"	"2011"	"2011"	Suppressed	12751	Suppressed
	"Virginia"	"51"	"Falls Church city, VA"	"51610"	"2012"	"2012"	0	13229	Unreliable
	"Virginia"	"51"	"Falls Church city, VA"	"51610"	"2013"	"2013"	0	13508	Unreliable
	"Virginia"	"51"	"Falls Church city, VA"	"51610"	"2014"	"2014"	0	13601	Unreliable
	"Virginia"	"51"	"Franklin city, VA"	"51620"	"2006"	"2006"	0	8489	Unreliable
	"Virginia"	"51"	"Franklin city, VA"	"51620"	"2007"	"2007"	0	8611	Unreliable
	"Virginia"	"51"	"Franklin city, VA"	"51620"	"2008"	"2008"	Suppressed	8538	Suppressed
	"Virginia"	"51"	"Franklin city, VA"	"51620"	"2009"	"2009"	0	8489	Unreliable
	"Virginia"	"51"	"Franklin city, VA"	"51620"	"2010"	"2010"	Suppressed	8582	Suppressed
	"Virginia"	"51"	"Franklin city, VA"	"51620"	"2011"	"2011"	0	8588	Unreliable
	"Virginia"	"51"	"Franklin city, VA"	"51620"	"2012"	"2012"	0	8528	Unreliable
	"Virginia"	"51"	"Franklin city, VA"	"51620"	"2013"	"2013"	0	8638	Unreliable
	"Virginia"	"51"	"Franklin city, VA"	"51620"	"2014"	"2014"	Suppressed	8526	Suppressed
	"Virginia"	"51"	"Fredericksburg city, VA"	"51630"	"2006"	"2006"	Suppressed	22479	Suppressed
	"Virginia"	"51"	"Fredericksburg city, VA"	"51630"	"2007"	"2007"	Suppressed	22898	Suppressed
	"Virginia"	"51"	"Fredericksburg city, VA"	"51630"	"2008"	"2008"	Suppressed	23277	Suppressed
	"Virginia"	"51"	"Fredericksburg city, VA"	"51630"	"2009"	"2009"	0	23775	Unreliable
	"Virginia"	"51"	"Fredericksburg city, VA"	"51630"	"2010"	"2010"	Suppressed	24286	Suppressed
	"Virginia"	"51"	"Fredericksburg city, VA"	"51630"	"2011"	"2011"	Suppressed	25691	Suppressed
	"Virginia"	"51"	"Fredericksburg city, VA"	"51630"	"2012"	"2012"	Suppressed	27307	Suppressed
	"Virginia"	"51"	"Fredericksburg city, VA"	"51630"	"2013"	"2013"	Suppressed	28132	Suppressed
	"Virginia"	"51"	"Fredericksburg city, VA"	"51630"	"2014"	"2014"	Suppressed	28350	Suppressed
	"Virginia"	"51"	"Galax city, VA"	"51640"	"2006"	"2006"	0	6879	Unreliable
	"Virginia"	"51"	"Galax city, VA"	"51640"	"2007"	"2007"	0	6880	Unreliable
	"Virginia"	"51"	"Galax city, VA"	"51640"	"2008"	"2008"	0	6888	Unreliable
	"Virginia"	"51"	"Galax city, VA"	"51640"	"2009"	"2009"	Suppressed	6966	Suppressed
	"Virginia"	"51"	"Galax city, VA"	"51640"	"2010"	"2010"	0	7042	Unreliable
	"Virginia"	"51"	"Galax city, VA"	"51640"	"2011"	"2011"	Suppressed	6983	Suppressed
	"Virginia"	"51"	"Galax city, VA"	"51640"	"2012"	"2012"	0	6908	Unreliable
	"Virginia"	"51"	"Galax city, VA"	"51640"	"2013"	"2013"	Suppressed	7035	Suppressed
	"Virginia"	"51"	"Galax city, VA"	"51640"	"2014"	"2014"	Suppressed	7014	Suppressed
	"Virginia"	"51"	"Hampton city, VA"	"51650"	"2006"	"2006"	10	140839	Unreliable
	"Virginia"	"51"	"Hampton city, VA"	"51650"	"2007"	"2007"	Suppressed	140222	Suppressed
	"Virginia"	"51"	"Hampton city, VA"	"51650"	"2008"	"2008"	Suppressed	138957	Suppressed
	"Virginia"	"51"	"Hampton city, VA"	"51650"	"2009"	"2009"	Suppressed	137833	Suppressed
	"Virginia"	"51"	"Hampton city, VA"	"51650"	"2010"	"2010"	14	137436	Unreliable
	"Virginia"	"51"	"Hampton city, VA"	"51650"	"2011"	"2011"	13	136401	Unreliable
	"Virginia"	"51"	"Hampton city, VA"	"51650"	"2012"	"2012"	11	136836	Unreliable
	"Virginia"	"51"	"Hampton city, VA"	"51650"	"2013"	"2013"	17	136699	Unreliable
	"Virginia"	"51"	"Hampton city, VA"	"51650"	"2014"	"2014"	13	136879	Unreliable
	"Virginia"	"51"	"Harrisonburg city, VA"	"51660"	"2006"	"2006"	Suppressed	45858	Suppressed
	"Virginia"	"51"	"Harrisonburg city, VA"	"51660"	"2007"	"2007"	Suppressed	46551	Suppressed
	"Virginia"	"51"	"Harrisonburg city, VA"	"51660"	"2008"	"2008"	Suppressed	47286	Suppressed
	"Virginia"	"51"	"Harrisonburg city, VA"	"51660"	"2009"	"2009"	Suppressed	48294	Suppressed
	"Virginia"	"51"	"Harrisonburg city, VA"	"51660"	"2010"	"2010"	Suppressed	48914	Suppressed
	"Virginia"	"51"	"Harrisonburg city, VA"	"51660"	"2011"	"2011"	Suppressed	49973	Suppressed
	"Virginia"	"51"	"Harrisonburg city, VA"	"51660"	"2012"	"2012"	Suppressed	50981	Suppressed
	"Virginia"	"51"	"Harrisonburg city, VA"	"51660"	"2013"	"2013"	Suppressed	51395	Suppressed
	"Virginia"	"51"	"Harrisonburg city, VA"	"51660"	"2014"	"2014"	Suppressed	52478	Suppressed
	"Virginia"	"51"	"Hopewell city, VA"	"51670"	"2006"	"2006"	Suppressed	22295	Suppressed
	"Virginia"	"51"	"Hopewell city, VA"	"51670"	"2007"	"2007"	Suppressed	22549	Suppressed
	"Virginia"	"51"	"Hopewell city, VA"	"51670"	"2008"	"2008"	Suppressed	22576	Suppressed
	"Virginia"	"51"	"Hopewell city, VA"	"51670"	"2009"	"2009"	Suppressed	22455	Suppressed
	"Virginia"	"51"	"Hopewell city, VA"	"51670"	"2010"	"2010"	Suppressed	22591	Suppressed
	"Virginia"	"51"	"Hopewell city, VA"	"51670"	"2011"	"2011"	Suppressed	22580	Suppressed
	"Virginia"	"51"	"Hopewell city, VA"	"51670"	"2012"	"2012"	Suppressed	22348	Suppressed
	"Virginia"	"51"	"Hopewell city, VA"	"51670"	"2013"	"2013"	Suppressed	22163	Suppressed
	"Virginia"	"51"	"Hopewell city, VA"	"51670"	"2014"	"2014"	Suppressed	22196	Suppressed
	"Virginia"	"51"	"Lexington city, VA"	"51678"	"2006"	"2006"	0	6978	Unreliable
	"Virginia"	"51"	"Lexington city, VA"	"51678"	"2007"	"2007"	0	6956	Unreliable
	"Virginia"	"51"	"Lexington city, VA"	"51678"	"2008"	"2008"	Suppressed	6963	Suppressed
	"Virginia"	"51"	"Lexington city, VA"	"51678"	"2009"	"2009"	0	7006	Unreliable
	"Virginia"	"51"	"Lexington city, VA"	"51678"	"2010"	"2010"	0	7042	Unreliable
	"Virginia"	"51"	"Lexington city, VA"	"51678"	"2011"	"2011"	0	6995	Unreliable
	"Virginia"	"51"	"Lexington city, VA"	"51678"	"2012"	"2012"	Suppressed	6998	Suppressed
	"Virginia"	"51"	"Lexington city, VA"	"51678"	"2013"	"2013"	0	7170	Unreliable
	"Virginia"	"51"	"Lexington city, VA"	"51678"	"2014"	"2014"	0	7311	Unreliable
	"Virginia"	"51"	"Lynchburg city, VA"	"51680"	"2006"	"2006"	Suppressed	70919	Suppressed
	"Virginia"	"51"	"Lynchburg city, VA"	"51680"	"2007"	"2007"	Suppressed	72869	Suppressed
	"Virginia"	"51"	"Lynchburg city, VA"	"51680"	"2008"	"2008"	Suppressed	74018	Suppressed
	"Virginia"	"51"	"Lynchburg city, VA"	"51680"	"2009"	"2009"	Suppressed	75137	Suppressed
	"Virginia"	"51"	"Lynchburg city, VA"	"51680"	"2010"	"2010"	Suppressed	75568	Suppressed
	"Virginia"	"51"	"Lynchburg city, VA"	"51680"	"2011"	"2011"	Suppressed	76504	Suppressed
	"Virginia"	"51"	"Lynchburg city, VA"	"51680"	"2012"	"2012"	Suppressed	77113	Suppressed
	"Virginia"	"51"	"Lynchburg city, VA"	"51680"	"2013"	"2013"	Suppressed	78014	Suppressed
	"Virginia"	"51"	"Lynchburg city, VA"	"51680"	"2014"	"2014"	Suppressed	79047	Suppressed
	"Virginia"	"51"	"Manassas city, VA"	"51683"	"2006"	"2006"	Suppressed	35631	Suppressed
	"Virginia"	"51"	"Manassas city, VA"	"51683"	"2007"	"2007"	Suppressed	34969	Suppressed
	"Virginia"	"51"	"Manassas city, VA"	"51683"	"2008"	"2008"	Suppressed	34858	Suppressed
	"Virginia"	"51"	"Manassas city, VA"	"51683"	"2009"	"2009"	Suppressed	36674	Suppressed
	"Virginia"	"51"	"Manassas city, VA"	"51683"	"2010"	"2010"	Suppressed	37821	Suppressed
	"Virginia"	"51"	"Manassas city, VA"	"51683"	"2011"	"2011"	Suppressed	39300	Suppressed
	"Virginia"	"51"	"Manassas city, VA"	"51683"	"2012"	"2012"	Suppressed	40605	Suppressed
	"Virginia"	"51"	"Manassas city, VA"	"51683"	"2013"	"2013"	Suppressed	41705	Suppressed
	"Virginia"	"51"	"Manassas city, VA"	"51683"	"2014"	"2014"	Suppressed	42081	Suppressed
	"Virginia"	"51"	"Manassas Park city, VA"	"51685"	"2006"	"2006"	Suppressed	12490	Suppressed
	"Virginia"	"51"	"Manassas Park city, VA"	"51685"	"2007"	"2007"	Suppressed	12677	Suppressed
	"Virginia"	"51"	"Manassas Park city, VA"	"51685"	"2008"	"2008"	0	12744	Unreliable
	"Virginia"	"51"	"Manassas Park city, VA"	"51685"	"2009"	"2009"	0	13613	Unreliable
	"Virginia"	"51"	"Manassas Park city, VA"	"51685"	"2010"	"2010"	0	14273	Unreliable
	"Virginia"	"51"	"Manassas Park city, VA"	"51685"	"2011"	"2011"	Suppressed	15332	Suppressed
	"Virginia"	"51"	"Manassas Park city, VA"	"51685"	"2012"	"2012"	Suppressed	15798	Suppressed
	"Virginia"	"51"	"Manassas Park city, VA"	"51685"	"2013"	"2013"	0	16149	Unreliable
	"Virginia"	"51"	"Manassas Park city, VA"	"51685"	"2014"	"2014"	Suppressed	15174	Suppressed
	"Virginia"	"51"	"Martinsville city, VA"	"51690"	"2006"	"2006"	Suppressed	14281	Suppressed
	"Virginia"	"51"	"Martinsville city, VA"	"51690"	"2007"	"2007"	Suppressed	14042	Suppressed
	"Virginia"	"51"	"Martinsville city, VA"	"51690"	"2008"	"2008"	Suppressed	14040	Suppressed
	"Virginia"	"51"	"Martinsville city, VA"	"51690"	"2009"	"2009"	Suppressed	14012	Suppressed
	"Virginia"	"51"	"Martinsville city, VA"	"51690"	"2010"	"2010"	Suppressed	13821	Suppressed
	"Virginia"	"51"	"Martinsville city, VA"	"51690"	"2011"	"2011"	Suppressed	13559	Suppressed
	"Virginia"	"51"	"Martinsville city, VA"	"51690"	"2012"	"2012"	Suppressed	13733	Suppressed
	"Virginia"	"51"	"Martinsville city, VA"	"51690"	"2013"	"2013"	Suppressed	13755	Suppressed
	"Virginia"	"51"	"Martinsville city, VA"	"51690"	"2014"	"2014"	Suppressed	13711	Suppressed
	"Virginia"	"51"	"Newport News city, VA"	"51700"	"2006"	"2006"	20	183581	10.9
	"Virginia"	"51"	"Newport News city, VA"	"51700"	"2007"	"2007"	11	182528	Unreliable
	"Virginia"	"51"	"Newport News city, VA"	"51700"	"2008"	"2008"	11	181287	Unreliable
	"Virginia"	"51"	"Newport News city, VA"	"51700"	"2009"	"2009"	20	181000	11.0
	"Virginia"	"51"	"Newport News city, VA"	"51700"	"2010"	"2010"	13	180719	Unreliable
	"Virginia"	"51"	"Newport News city, VA"	"51700"	"2011"	"2011"	12	179611	Unreliable
	"Virginia"	"51"	"Newport News city, VA"	"51700"	"2012"	"2012"	16	180726	Unreliable
	"Virginia"	"51"	"Newport News city, VA"	"51700"	"2013"	"2013"	18	182020	Unreliable
	"Virginia"	"51"	"Newport News city, VA"	"51700"	"2014"	"2014"	29	182965	15.9
	"Virginia"	"51"	"Norfolk city, VA"	"51710"	"2006"	"2006"	25	243406	10.3
	"Virginia"	"51"	"Norfolk city, VA"	"51710"	"2007"	"2007"	45	241248	18.7
	"Virginia"	"51"	"Norfolk city, VA"	"51710"	"2008"	"2008"	15	241201	Unreliable
	"Virginia"	"51"	"Norfolk city, VA"	"51710"	"2009"	"2009"	18	241725	Unreliable
	"Virginia"	"51"	"Norfolk city, VA"	"51710"	"2010"	"2010"	16	242803	Unreliable
	"Virginia"	"51"	"Norfolk city, VA"	"51710"	"2011"	"2011"	30	242628	12.4
	"Virginia"	"51"	"Norfolk city, VA"	"51710"	"2012"	"2012"	29	245782	11.8
	"Virginia"	"51"	"Norfolk city, VA"	"51710"	"2013"	"2013"	38	246139	15.4
	"Virginia"	"51"	"Norfolk city, VA"	"51710"	"2014"	"2014"	31	245428	12.6
	"Virginia"	"51"	"Norton city, VA"	"51720"	"2006"	"2006"	Suppressed	3825	Suppressed
	"Virginia"	"51"	"Norton city, VA"	"51720"	"2007"	"2007"	0	3869	Unreliable
	"Virginia"	"51"	"Norton city, VA"	"51720"	"2008"	"2008"	Suppressed	3861	Suppressed
	"Virginia"	"51"	"Norton city, VA"	"51720"	"2009"	"2009"	0	3903	Unreliable
	"Virginia"	"51"	"Norton city, VA"	"51720"	"2010"	"2010"	0	3958	Unreliable
	"Virginia"	"51"	"Norton city, VA"	"51720"	"2011"	"2011"	0	4054	Unreliable
	"Virginia"	"51"	"Norton city, VA"	"51720"	"2012"	"2012"	0	4068	Unreliable
	"Virginia"	"51"	"Norton city, VA"	"51720"	"2013"	"2013"	0	4017	Unreliable
	"Virginia"	"51"	"Norton city, VA"	"51720"	"2014"	"2014"	0	4031	Unreliable
	"Virginia"	"51"	"Petersburg city, VA"	"51730"	"2006"	"2006"	Suppressed	32181	Suppressed
	"Virginia"	"51"	"Petersburg city, VA"	"51730"	"2007"	"2007"	Suppressed	32318	Suppressed
	"Virginia"	"51"	"Petersburg city, VA"	"51730"	"2008"	"2008"	Suppressed	32321	Suppressed
	"Virginia"	"51"	"Petersburg city, VA"	"51730"	"2009"	"2009"	Suppressed	32168	Suppressed
	"Virginia"	"51"	"Petersburg city, VA"	"51730"	"2010"	"2010"	Suppressed	32420	Suppressed
	"Virginia"	"51"	"Petersburg city, VA"	"51730"	"2011"	"2011"	Suppressed	32326	Suppressed
	"Virginia"	"51"	"Petersburg city, VA"	"51730"	"2012"	"2012"	Suppressed	31973	Suppressed
	"Virginia"	"51"	"Petersburg city, VA"	"51730"	"2013"	"2013"	0	32538	Unreliable
	"Virginia"	"51"	"Petersburg city, VA"	"51730"	"2014"	"2014"	Suppressed	32701	Suppressed
	"Virginia"	"51"	"Poquoson city, VA"	"51735"	"2006"	"2006"	Suppressed	12008	Suppressed
	"Virginia"	"51"	"Poquoson city, VA"	"51735"	"2007"	"2007"	Suppressed	12089	Suppressed
	"Virginia"	"51"	"Poquoson city, VA"	"51735"	"2008"	"2008"	Suppressed	12103	Suppressed
	"Virginia"	"51"	"Poquoson city, VA"	"51735"	"2009"	"2009"	0	12153	Unreliable
	"Virginia"	"51"	"Poquoson city, VA"	"51735"	"2010"	"2010"	0	12150	Unreliable
	"Virginia"	"51"	"Poquoson city, VA"	"51735"	"2011"	"2011"	Suppressed	12000	Suppressed
	"Virginia"	"51"	"Poquoson city, VA"	"51735"	"2012"	"2012"	0	12097	Unreliable
	"Virginia"	"51"	"Poquoson city, VA"	"51735"	"2013"	"2013"	Suppressed	12104	Suppressed
	"Virginia"	"51"	"Poquoson city, VA"	"51735"	"2014"	"2014"	Suppressed	12048	Suppressed
	"Virginia"	"51"	"Portsmouth city, VA"	"51740"	"2006"	"2006"	11	99213	Unreliable
	"Virginia"	"51"	"Portsmouth city, VA"	"51740"	"2007"	"2007"	11	97831	Unreliable
	"Virginia"	"51"	"Portsmouth city, VA"	"51740"	"2008"	"2008"	Suppressed	95802	Suppressed
	"Virginia"	"51"	"Portsmouth city, VA"	"51740"	"2009"	"2009"	10	95384	Unreliable
	"Virginia"	"51"	"Portsmouth city, VA"	"51740"	"2010"	"2010"	Suppressed	95535	Suppressed
	"Virginia"	"51"	"Portsmouth city, VA"	"51740"	"2011"	"2011"	13	95684	Unreliable
	"Virginia"	"51"	"Portsmouth city, VA"	"51740"	"2012"	"2012"	Suppressed	96470	Suppressed
	"Virginia"	"51"	"Portsmouth city, VA"	"51740"	"2013"	"2013"	15	96205	Unreliable
	"Virginia"	"51"	"Portsmouth city, VA"	"51740"	"2014"	"2014"	18	96004	Unreliable
	"Virginia"	"51"	"Radford city, VA"	"51750"	"2006"	"2006"	Suppressed	16163	Suppressed
	"Virginia"	"51"	"Radford city, VA"	"51750"	"2007"	"2007"	Suppressed	16341	Suppressed
	"Virginia"	"51"	"Radford city, VA"	"51750"	"2008"	"2008"	Suppressed	16304	Suppressed
	"Virginia"	"51"	"Radford city, VA"	"51750"	"2009"	"2009"	Suppressed	16361	Suppressed
	"Virginia"	"51"	"Radford city, VA"	"51750"	"2010"	"2010"	Suppressed	16408	Suppressed
	"Virginia"	"51"	"Radford city, VA"	"51750"	"2011"	"2011"	0	16414	Unreliable
	"Virginia"	"51"	"Radford city, VA"	"51750"	"2012"	"2012"	Suppressed	16685	Suppressed
	"Virginia"	"51"	"Radford city, VA"	"51750"	"2013"	"2013"	0	17184	Unreliable
	"Virginia"	"51"	"Radford city, VA"	"51750"	"2014"	"2014"	Suppressed	17646	Suppressed
	"Virginia"	"51"	"Richmond city, VA"	"51760"	"2006"	"2006"	26	198618	13.1
	"Virginia"	"51"	"Richmond city, VA"	"51760"	"2007"	"2007"	37	200201	18.5
	"Virginia"	"51"	"Richmond city, VA"	"51760"	"2008"	"2008"	25	202254	12.4
	"Virginia"	"51"	"Richmond city, VA"	"51760"	"2009"	"2009"	25	203678	12.3
	"Virginia"	"51"	"Richmond city, VA"	"51760"	"2010"	"2010"	18	204214	Unreliable
	"Virginia"	"51"	"Richmond city, VA"	"51760"	"2011"	"2011"	34	205533	16.5
	"Virginia"	"51"	"Richmond city, VA"	"51760"	"2012"	"2012"	27	210309	12.8
	"Virginia"	"51"	"Richmond city, VA"	"51760"	"2013"	"2013"	29	214114	13.5
	"Virginia"	"51"	"Richmond city, VA"	"51760"	"2014"	"2014"	51	217853	23.4
	"Virginia"	"51"	"Roanoke city, VA"	"51770"	"2006"	"2006"	10	94247	Unreliable
	"Virginia"	"51"	"Roanoke city, VA"	"51770"	"2007"	"2007"	11	94916	Unreliable
	"Virginia"	"51"	"Roanoke city, VA"	"51770"	"2008"	"2008"	14	95813	Unreliable
	"Virginia"	"51"	"Roanoke city, VA"	"51770"	"2009"	"2009"	15	97023	Unreliable
	"Virginia"	"51"	"Roanoke city, VA"	"51770"	"2010"	"2010"	13	97032	Unreliable
	"Virginia"	"51"	"Roanoke city, VA"	"51770"	"2011"	"2011"	15	96714	Unreliable
	"Virginia"	"51"	"Roanoke city, VA"	"51770"	"2012"	"2012"	19	97469	Unreliable
	"Virginia"	"51"	"Roanoke city, VA"	"51770"	"2013"	"2013"	23	98465	23.4
	"Virginia"	"51"	"Roanoke city, VA"	"51770"	"2014"	"2014"	14	99428	Unreliable
	"Virginia"	"51"	"Salem city, VA"	"51775"	"2006"	"2006"	Suppressed	24508	Suppressed
	"Virginia"	"51"	"Salem city, VA"	"51775"	"2007"	"2007"	Suppressed	24482	Suppressed
	"Virginia"	"51"	"Salem city, VA"	"51775"	"2008"	"2008"	Suppressed	24673	Suppressed
	"Virginia"	"51"	"Salem city, VA"	"51775"	"2009"	"2009"	Suppressed	24684	Suppressed
	"Virginia"	"51"	"Salem city, VA"	"51775"	"2010"	"2010"	Suppressed	24802	Suppressed
	"Virginia"	"51"	"Salem city, VA"	"51775"	"2011"	"2011"	Suppressed	24961	Suppressed
	"Virginia"	"51"	"Salem city, VA"	"51775"	"2012"	"2012"	Suppressed	24970	Suppressed
	"Virginia"	"51"	"Salem city, VA"	"51775"	"2013"	"2013"	Suppressed	25299	Suppressed
	"Virginia"	"51"	"Salem city, VA"	"51775"	"2014"	"2014"	Suppressed	25483	Suppressed
	"Virginia"	"51"	"Staunton city, VA"	"51790"	"2006"	"2006"	Suppressed	23638	Suppressed
	"Virginia"	"51"	"Staunton city, VA"	"51790"	"2007"	"2007"	Suppressed	23920	Suppressed
	"Virginia"	"51"	"Staunton city, VA"	"51790"	"2008"	"2008"	Suppressed	23945	Suppressed
	"Virginia"	"51"	"Staunton city, VA"	"51790"	"2009"	"2009"	Suppressed	23764	Suppressed
	"Virginia"	"51"	"Staunton city, VA"	"51790"	"2010"	"2010"	Suppressed	23746	Suppressed
	"Virginia"	"51"	"Staunton city, VA"	"51790"	"2011"	"2011"	Suppressed	23769	Suppressed
	"Virginia"	"51"	"Staunton city, VA"	"51790"	"2012"	"2012"	Suppressed	23921	Suppressed
	"Virginia"	"51"	"Staunton city, VA"	"51790"	"2013"	"2013"	Suppressed	24350	Suppressed
	"Virginia"	"51"	"Staunton city, VA"	"51790"	"2014"	"2014"	Suppressed	24538	Suppressed
	"Virginia"	"51"	"Suffolk city, VA"	"51800"	"2006"	"2006"	Suppressed	80291	Suppressed
	"Virginia"	"51"	"Suffolk city, VA"	"51800"	"2007"	"2007"	Suppressed	81273	Suppressed
	"Virginia"	"51"	"Suffolk city, VA"	"51800"	"2008"	"2008"	Suppressed	82603	Suppressed
	"Virginia"	"51"	"Suffolk city, VA"	"51800"	"2009"	"2009"	Suppressed	83648	Suppressed
	"Virginia"	"51"	"Suffolk city, VA"	"51800"	"2010"	"2010"	Suppressed	84585	Suppressed
	"Virginia"	"51"	"Suffolk city, VA"	"51800"	"2011"	"2011"	Suppressed	84930	Suppressed
	"Virginia"	"51"	"Suffolk city, VA"	"51800"	"2012"	"2012"	Suppressed	85181	Suppressed
	"Virginia"	"51"	"Suffolk city, VA"	"51800"	"2013"	"2013"	Suppressed	85728	Suppressed
	"Virginia"	"51"	"Suffolk city, VA"	"51800"	"2014"	"2014"	10	86806	Unreliable
	"Virginia"	"51"	"Virginia Beach city, VA"	"51810"	"2006"	"2006"	34	437739	7.8
	"Virginia"	"51"	"Virginia Beach city, VA"	"51810"	"2007"	"2007"	44	434732	10.1
	"Virginia"	"51"	"Virginia Beach city, VA"	"51810"	"2008"	"2008"	40	433331	9.2
	"Virginia"	"51"	"Virginia Beach city, VA"	"51810"	"2009"	"2009"	39	435004	9.0
	"Virginia"	"51"	"Virginia Beach city, VA"	"51810"	"2010"	"2010"	24	437994	5.5
	"Virginia"	"51"	"Virginia Beach city, VA"	"51810"	"2011"	"2011"	41	442707	9.3
	"Virginia"	"51"	"Virginia Beach city, VA"	"51810"	"2012"	"2012"	34	447021	7.6
	"Virginia"	"51"	"Virginia Beach city, VA"	"51810"	"2013"	"2013"	56	448479	12.5
	"Virginia"	"51"	"Virginia Beach city, VA"	"51810"	"2014"	"2014"	54	450980	12.0
	"Virginia"	"51"	"Waynesboro city, VA"	"51820"	"2006"	"2006"	Suppressed	20728	Suppressed
	"Virginia"	"51"	"Waynesboro city, VA"	"51820"	"2007"	"2007"	Suppressed	20747	Suppressed
	"Virginia"	"51"	"Waynesboro city, VA"	"51820"	"2008"	"2008"	Suppressed	20920	Suppressed
	"Virginia"	"51"	"Waynesboro city, VA"	"51820"	"2009"	"2009"	Suppressed	20985	Suppressed
	"Virginia"	"51"	"Waynesboro city, VA"	"51820"	"2010"	"2010"	Suppressed	21006	Suppressed
	"Virginia"	"51"	"Waynesboro city, VA"	"51820"	"2011"	"2011"	Suppressed	21311	Suppressed
	"Virginia"	"51"	"Waynesboro city, VA"	"51820"	"2012"	"2012"	Suppressed	21107	Suppressed
	"Virginia"	"51"	"Waynesboro city, VA"	"51820"	"2013"	"2013"	Suppressed	21263	Suppressed
	"Virginia"	"51"	"Waynesboro city, VA"	"51820"	"2014"	"2014"	Suppressed	21366	Suppressed
	"Virginia"	"51"	"Williamsburg city, VA"	"51830"	"2006"	"2006"	Suppressed	12810	Suppressed
	"Virginia"	"51"	"Williamsburg city, VA"	"51830"	"2007"	"2007"	Suppressed	13142	Suppressed
	"Virginia"	"51"	"Williamsburg city, VA"	"51830"	"2008"	"2008"	0	13296	Unreliable
	"Virginia"	"51"	"Williamsburg city, VA"	"51830"	"2009"	"2009"	0	13687	Unreliable
	"Virginia"	"51"	"Williamsburg city, VA"	"51830"	"2010"	"2010"	Suppressed	14068	Suppressed
	"Virginia"	"51"	"Williamsburg city, VA"	"51830"	"2011"	"2011"	Suppressed	14444	Suppressed
	"Virginia"	"51"	"Williamsburg city, VA"	"51830"	"2012"	"2012"	Suppressed	15167	Suppressed
	"Virginia"	"51"	"Williamsburg city, VA"	"51830"	"2013"	"2013"	Suppressed	15206	Suppressed
	"Virginia"	"51"	"Williamsburg city, VA"	"51830"	"2014"	"2014"	Suppressed	14691	Suppressed
	"Virginia"	"51"	"Winchester city, VA"	"51840"	"2006"	"2006"	Suppressed	25757	Suppressed
	"Virginia"	"51"	"Winchester city, VA"	"51840"	"2007"	"2007"	Suppressed	25701	Suppressed
	"Virginia"	"51"	"Winchester city, VA"	"51840"	"2008"	"2008"	Suppressed	26004	Suppressed
	"Virginia"	"51"	"Winchester city, VA"	"51840"	"2009"	"2009"	Suppressed	26036	Suppressed
	"Virginia"	"51"	"Winchester city, VA"	"51840"	"2010"	"2010"	Suppressed	26203	Suppressed
	"Virginia"	"51"	"Winchester city, VA"	"51840"	"2011"	"2011"	Suppressed	26587	Suppressed
	"Virginia"	"51"	"Winchester city, VA"	"51840"	"2012"	"2012"	10	26881	Unreliable
	"Virginia"	"51"	"Winchester city, VA"	"51840"	"2013"	"2013"	Suppressed	27216	Suppressed
	"Virginia"	"51"	"Winchester city, VA"	"51840"	"2014"	"2014"	Suppressed	27543	Suppressed
"---"
"Dataset: Underlying Cause of Death, 1999-2020"
"Query Parameters:"
"Drug/Alcohol Induced Causes: Drug poisonings (overdose) Unintentional (X40-X44); Drug poisonings (overdose) Suicide (X60-X64);"
"Drug poisonings (overdose) Homicide (X85); Drug poisonings (overdose) Undetermined (Y10-Y14)"
"States: Virginia (51)"
"Year/Month: 2006; 2007; 2008; 2009; 2010; 2011; 2012; 2013; 2014"
"Group By: State; County; Year"
"Show Totals: Disabled"
"Show Zero Values: True"
"Show Suppressed: True"
"Calculate Rates Per: 100,000"
"Rate Options: Default intercensal populations for years 2001-2009 (except Infant Age Groups)"
"---"
"Help: See http://wonder.cdc.gov/wonder/help/ucd.html for more information."
"---"
"Query Date: May 1, 2026 7:43:51 PM"
"---"
"Suggested Citation: Centers for Disease Control and Prevention, National Center for Health Statistics. National Vital Statistics"
"System, Mortality 1999-2020 on CDC WONDER Online Database, released in 2021. Data are from the Multiple Cause of Death Files,"
"1999-2020, as compiled from data provided by the 57 vital statistics jurisdictions through the Vital Statistics Cooperative"
"Program. Accessed at http://wonder.cdc.gov/ucd-icd10.html on May 1, 2026 7:43:51 PM"
"---"
Messages:
"1. Totals are not available for these results due to suppression constraints. More Information:"
"http://wonder.cdc.gov/wonder/help/faq.html#Privacy."
"---"
Footnotes:
"1. Data are not available for this area for all of the requested years. See Caveats below for more information."
"2. Data discontinuity due to county line boundary changes in requested years. See Caveats below for more information."
"---"
Caveats:
"1. As of April 3, 2017, the underlying cause of death has been revised for 125 deaths in 2014. More information:"
"http://wonder.cdc.gov/wonder/help/ucd.html#2014-Revision."
"2. Data for Bedford city, Va. (FIPS code 51515) are only available for 2013 and earlier; for computational purposes, counts and"
"population estimates for 2014 and later are set to zero. Thus, counts and rates shown in multi-year requests for this entity do"
"not include any data for years after 2014, only data for 2013 and earlier. More information:"
"http://wonder.cdc.gov/wonder/help/ucd.html#Bedford."
"3. There is a discontinuity in the mortality and population data for Bedford County (FIPS code 51019) between years 2013 and"
"2014. The discontinuity occurs because Bedford City, Virginia (FIPS code 51515), formerly an independent city, merged with"
"Bedford County (FIPS code 51019) on July 1, 2013. Beginning in 2014, deaths and population counts for Bedford City, Virginia"
"(FIPS code 51515) are included in Bedford County (FIPS code 51019)."
"4. Death rates for Clifton Forge city, Virginia (FIPS code 51560) are available only for 1999-2000. For 2001 and beyond, death"
"counts and population estimates for Clifton Forge city have been combined with those for Alleghany county, Virginia (FIPS code"
"51005). Death counts and population estimates for this entity from multi-year requests, only reflect data from 1999 and 2000;"
"for 2001 and beyond they have been set to zero. More information: http://wonder.cdc.gov/wonder/help/ucd.html#Clifton Forge."
"5. Data are Suppressed when the data meet the criteria for confidentiality constraints. More information:"
"http://wonder.cdc.gov/wonder/help/ucd.html#Assurance of Confidentiality."
"6. Death rates are flagged as Unreliable when the rate is calculated with a numerator of 20 or less. More information:"
"http://wonder.cdc.gov/wonder/help/ucd.html#Unreliable."
"7. The population figures for year 2020 are bridged-race estimates of the July 1 resident population, from the Vintage 2020"
"postcensal series released by NCHS on September 22, 2021. The population figures for year 2019 are bridged-race estimates of the"
"July 1 resident population, from the Vintage 2019 postcensal series released by NCHS on July 9, 2020. The population figures for"
"year 2018 are bridged-race estimates of the July 1 resident population, from the Vintage 2018 postcensal series released by NCHS"
"on June 25, 2019. The population figures for year 2017 are bridged-race estimates of the July 1 resident population, from the"
"Vintage 2017 postcensal series released by NCHS on June 27, 2018. The population figures for year 2016 are bridged-race"
"estimates of the July 1 resident population, from the Vintage 2016 postcensal series released by NCHS on June 26, 2017. The"
"population figures for year 2015 are bridged-race estimates of the July 1 resident population, from the Vintage 2015 postcensal"
"series released by NCHS on June 28, 2016. The population figures for year 2014 are bridged-race estimates of the July 1 resident"
"population, from the Vintage 2014 postcensal series released by NCHS on June 30, 2015. The population figures for year 2013 are"
"bridged-race estimates of the July 1 resident population, from the Vintage 2013 postcensal series released by NCHS on June 26,"
"2014. The population figures for year 2012 are bridged-race estimates of the July 1 resident population, from the Vintage 2012"
"postcensal series released by NCHS on June 13, 2013. The population figures for year 2011 are bridged-race estimates of the July"
"1 resident population, from the Vintage 2011 postcensal series released by NCHS on July 18, 2012. Population figures for 2010"
"are April 1 Census counts. The population figures for years 2001 - 2009 are bridged-race estimates of the July 1 resident"
"population, from the revised intercensal county-level 2000 - 2009 series released by NCHS on October 26, 2012. Population"
"figures for 2000 are April 1 Census counts. Population figures for 1999 are from the 1990-1999 intercensal series of July 1"
"estimates. Population figures for the infant age groups are the number of live births. <br/><b>Note:</b> Rates and population"
"figures for years 2001 - 2009 differ slightly from previously published reports, due to use of the population estimates which"
"were available at the time of release."
"8. The population figures used in the calculation of death rates for the age group 'under 1 year' are the estimates of the"
"resident population that is under one year of age. More information: http://wonder.cdc.gov/wonder/help/ucd.html#Age Group."